interaction_id,customer_id,channel,direction,interaction_ts,subject,content,summary,sentiment_score
INT000001,C0471,Call,Inbound,2025-06-14 13:49:00,,"Customer: I just wanted to call and say thank you. Sameer T. helped me with my claim last week and the experience was excellent. Very professional. Agent: Thank you so much, Gaurav. We really appreciate your kind words. Is there anything else? Customer: No, keep up the good work. I have already recommended SecureLife Motor Insurance to my colleagues.",,
INT000002,C0088,Call,Inbound,2025-04-28 16:48:00,,"Customer: I want to cancel my policy POL00625 immediately. Agent: I am sorry to hear that, Manoj. May I ask the reason? Customer: Your claim service is terrible. My claim CLM00296 was rejected unfairly, I have overdue payment issues, and nobody follows up. I am done with SecureLife Motor Insurance. Agent: I understand your frustration. Let me connect you with our retention team who can review your concerns and possibly offer a resolution. Customer: I have given enough chances. Just process the cancellation.",,
INT000003,C0030,Call,Inbound,2025-01-25 13:37:00,,"Agent: Good afternoon, this is Arun K. calling from SecureLife Motor Insurance. May I speak with Shaurya? Customer: Speaking. Look, I have called three times about claim CLM00090. Nobody helps me. Agent: I sincerely apologise for the experience. Your claim for Rs. 91,822 shows: Claim amount exceeds the Insured Declared Value (IDV). Customer: My Kia Seltos is sitting in the garage for weeks. I need this resolved now or I am cancelling everything.",,
INT000004,C0077,Call,Inbound,2024-12-01 14:13:00,,"Customer: I keep getting SMS reminders about overdue payments for policy POL00611. Agent: Yes Ramesh, there are 1 pending payments of Rs. 7,896 total. Customer: Your auto-debit failed twice and now you are charging me late fees. This is your system error. Agent: Let me check the transaction logs. I can see the auto-debit attempts were declined by your bank. Customer: Fine, but waive the late fees at least. Otherwise I will let the policy lapse.",,
INT000005,C0089,Email,Inbound,2024-10-30 15:27:00,,"Subject: Disappointed with Claim Service - Policy POL00046 Dear SecureLife Motor Insurance Team, This is regarding my pending claim CLM00226 for Accident. It has been several weeks since I filed the claim for Rs. 10,913 and I have received no proper update. My Toyota Innova Crysta is still at the garage and I am bearing daily commute expenses. I have been a loyal customer but this experience has been very poor. Please expedite the resolution. Regards, Naveen Rao",,
INT000006,C0025,Call,Inbound,2025-08-16 13:13:00,,"Customer: I received a quote from Bajaj Allianz for my Hyundai Creta that is 20% cheaper than what I pay you. Agent: Ravi, I understand price is important. Let me check if we have any loyalty discounts available for your policy POL00153. Your current premium is Rs. 33,300. Customer: Please do. If you cannot match it, I will have to switch. Agent: I will have our retention team call you back with the best possible offer within 48 hours.",,
INT000007,C0167,Call,Inbound,2024-11-09 10:51:00,,"Customer: Hi, I have a question about my motor insurance policy POL00322. Agent: Of course, Shaurya. How can I help? Customer: Does my comprehensive plan cover windshield damage without affecting my NCB? Agent: Yes, windshield claims up to Rs. 5,000 are covered under the zero-depreciation add-on without impacting your No Claim Bonus. Customer: Perfect, good to know. Thanks.",,
INT000008,C0071,Call,Inbound,2024-11-09 17:20:00,,"Customer: I am comparing motor insurance and SecureLife Motor Insurance seems overpriced. ICICI Lombard and New India Assurance both quoted lower for the same coverage on my Tata Punch. Agent: Divya, our plans include benefits like 24x7 roadside assistance and cashless repairs at 5,000+ garages. But let me see what special rate I can offer for your renewal. Customer: OK, but the difference needs to be significant for me to stay.",,
INT000009,C0066,Call,Inbound,2025-05-26 10:23:00,,"Customer: Hi, my policy POL00764 is coming up for renewal on 2025-09-06. What is the renewal premium? Agent: Good afternoon, Kian. Let me check. Your current premium is Rs. 22,370. With your NCB benefits, the renewal premium would be slightly lower. I will email you the exact quote. Customer: OK, and can I add zero-depreciation cover this time? Agent: Absolutely. I will include that in the quote. You should receive it within 24 hours.",,
INT000010,C0092,Call,Inbound,2025-06-26 17:27:00,,"Agent: Good morning, this is Meera R. from SecureLife Motor Insurance. Am I speaking with Komal? Customer: Yes. What is it? Agent: I am calling regarding your policy POL00103. We notice 1 overdue payment(s) totalling Rs. 18,350. Customer: I know, I have been having some financial difficulties. The premium of Rs. 18,350 is too high. Agent: I understand. We can discuss flexible payment options. Would you like to switch to quarterly payments? Customer: Maybe. But honestly I am thinking of not renewing at all. It is too expensive.",,
INT000011,C0332,Call,Outbound,2025-05-04 10:06:00,,"Agent: Good morning, Deepa. This is Sameer T. from SecureLife Motor Insurance. I am calling to remind you that your premium payment of Rs. 10,860 for policy POL00441 was due recently. Would you like to make the payment now? Customer: Oh yes, I forgot. Can I pay through UPI right now? Agent: Absolutely. I will send you a payment link on WhatsApp. The payment is Rs. 10,860. Customer: Got it. Let me pay now. Done. Agent: Payment received. Thank you, Deepa. Your policy remains active.",,
INT000012,C0020,Call,Inbound,2025-09-19 10:55:00,,"Customer: I want to cancel my policy POL00333 immediately. Agent: I am sorry to hear that, Deepak. May I ask the reason? Customer: Your claim service is terrible. My claim CLM00038 was rejected unfairly, I have overdue payment issues, and nobody follows up. I am done with SecureLife Motor Insurance. Agent: I understand your frustration. Let me connect you with our retention team who can review your concerns and possibly offer a resolution. Customer: I have given enough chances. Just process the cancellation.",,
INT000013,C0458,Call,Inbound,2025-09-09 09:20:00,,"Agent: Good morning, Mohit. This is Meera R. from SecureLife Motor Insurance. Your policy POL00497 for your Tata Ace Gold is due for renewal on 2026-08-16. Would you like to renew? Customer: Yes, I am happy with the coverage. Please send me the renewal documents. Agent: Wonderful. I will process this right away. Thank you for continuing with us.",,
INT000014,C0076,Call,Inbound,2025-09-14 10:42:00,,"Agent: Good morning, this is Anita G. calling from SecureLife Motor Insurance. May I speak with Sunita? Customer: Speaking. Look, I have called three times about claim CLM00229. Nobody helps me. Agent: I sincerely apologise for the experience. Your claim for Rs. 417,725 shows: Incomplete documentation: FIR copy missing. Customer: My TVS Apache RTR 160 is sitting in the garage for weeks. I need this resolved now or I am cancelling everything.",,
INT000015,C0388,Call,Outbound,2025-06-13 12:36:00,,"Agent: Hello Ayaan, this is a courtesy call from SecureLife Motor Insurance. Your policy POL00672 has an upcoming payment. We wanted to ensure there are no issues with your auto-debit setup. Customer: Thanks for checking. I changed my bank account recently. Let me update the auto-debit mandate. Agent: I can help you with that right now if you have your new bank details handy.",,
INT000016,C0030,Email,Inbound,2024-11-26 13:21:00,,"Subject: Formal Complaint - Claim CLM00090 Wrongly Rejected Dear Sir/Madam, I am writing to formally complain about the rejection of my motor insurance claim CLM00090 dated 2025-09-11. The claim was for Rs. 91,822 due to Natural Disaster. The rejection reason given was: Claim amount exceeds the Insured Declared Value (IDV). I find this unacceptable as all required documents including the FIR copy, photographs, and repair estimate were submitted within the stipulated timeframe. I demand an immediate review. If not resolved within 7 working days, I will file a complaint with the Insurance Ombudsman and IRDAI. Policy: POL00289 Claim: CLM00090 Regards, Shaurya Desai",,
INT000017,C0211,Call,Inbound,2025-02-21 09:11:00,,"Customer: I need to update the registration address on my policy POL00409. I moved from Delhi to Pune. Agent: Sure Sanjay, I can help with that. I will need a copy of your new address proof. Customer: I will email it today. How long does the update take? Agent: Typically 2-3 working days after we receive the documents.",,
INT000018,C0066,Call,Inbound,2024-11-07 16:40:00,,"Customer: I need to update the registration address on my policy POL00764. I moved from Delhi to Pune. Agent: Sure Kian, I can help with that. I will need a copy of your new address proof. Customer: I will email it today. How long does the update take? Agent: Typically 2-3 working days after we receive the documents.",,
INT000019,C0421,Email,Inbound,2025-06-02 14:25:00,,"Customer: I need to update the registration address on my policy POL00721. I moved from Delhi to Pune. Agent: Sure Dhruv, I can help with that. I will need a copy of your new address proof. Customer: I will email it today. How long does the update take? Agent: Typically 2-3 working days after we receive the documents.",,
INT000020,C0048,Call,Inbound,2025-05-15 16:48:00,,"Customer: Hi, I have a question about my motor insurance policy POL00250. Agent: Of course, Rajesh. How can I help? Customer: Does my comprehensive plan cover windshield damage without affecting my NCB? Agent: Yes, windshield claims up to Rs. 5,000 are covered under the zero-depreciation add-on without impacting your No Claim Bonus. Customer: Perfect, good to know. Thanks.",,
INT000021,C0492,Email,Inbound,2025-02-27 13:06:00,,"Customer: I need to update the registration address on my policy POL00766. I moved from Delhi to Pune. Agent: Sure Ajay, I can help with that. I will need a copy of your new address proof. Customer: I will email it today. How long does the update take? Agent: Typically 2-3 working days after we receive the documents.",,
INT000022,C0048,WhatsApp,Inbound,2025-02-14 13:59:00,,"Rajesh: My policy POL00250 payment failed again. This is the third time. Agent: Sorry about that, Rajesh. Let me check what happened with the auto-debit. Rajesh: I have sufficient balance. Your system is broken. Fix it or I am switching. Agent: I will raise a technical ticket immediately. In the meantime, here is a direct payment link.",,
INT000023,C0223,Email,Inbound,2025-05-24 11:18:00,,"Customer: I need to update the registration address on my policy POL00600. I moved from Delhi to Pune. Agent: Sure Naveen, I can help with that. I will need a copy of your new address proof. Customer: I will email it today. How long does the update take? Agent: Typically 2-3 working days after we receive the documents.",,
INT000024,C0091,Call,Inbound,2024-11-02 15:12:00,,"Agent: Good evening, Pallavi. This is Meera R. from SecureLife Motor Insurance. Your policy POL00063 for your Hero Glamour is due for renewal on 2026-01-21. Would you like to renew? Customer: Yes, I am happy with the coverage. Please send me the renewal documents. Agent: Wonderful. I will process this right away. Thank you for continuing with us.",,
INT000025,C0281,Call,Inbound,2025-01-15 15:15:00,,"Customer: I need to update the registration address on my policy POL00586. I moved from Delhi to Pune. Agent: Sure Mohit, I can help with that. I will need a copy of your new address proof. Customer: I will email it today. How long does the update take? Agent: Typically 2-3 working days after we receive the documents.",,
INT000026,C0014,Call,Inbound,2024-11-17 18:48:00,,"Customer: Hi, I have a question about my motor insurance policy POL00478. Agent: Of course, Avni. How can I help? Customer: Does my comprehensive plan cover windshield damage without affecting my NCB? Agent: Yes, windshield claims up to Rs. 5,000 are covered under the zero-depreciation add-on without impacting your No Claim Bonus. Customer: Perfect, good to know. Thanks.",,
INT000027,C0280,Email,Inbound,2025-03-11 17:41:00,,"Customer: Hi, my policy POL00505 is coming up for renewal on 2025-12-31. What is the renewal premium? Agent: Good morning, Anjali. Let me check. Your current premium is Rs. 34,050. With your NCB benefits, the renewal premium would be slightly lower. I will email you the exact quote. Customer: OK, and can I add zero-depreciation cover this time? Agent: Absolutely. I will include that in the quote. You should receive it within 24 hours.",,
INT000028,C0060,Call,Inbound,2025-08-29 16:44:00,,"Agent: Hello, Vikram D. from SecureLife Motor Insurance. Is this Ajay? Customer: Yes, and I am very upset. My claim CLM00026 for Rs. 61,286 was rejected. Agent: I see the claim dated 2024-03-23 for Theft. Let me review it. Customer: Your surveyor gave a wrong report. Claim filed after the stipulated 48-hour reporting window - that is simply not true. Agent: I will escalate this to our senior claims officer for a re-evaluation. Customer: Do it fast. I am already talking to HDFC Ergo and Bajaj Allianz for quotes.",,
INT000029,C0099,Call,Inbound,2024-12-18 11:24:00,,"Customer: Hi, I have a question about my motor insurance policy POL00044. Agent: Of course, Shalini. How can I help? Customer: Does my comprehensive plan cover windshield damage without affecting my NCB? Agent: Yes, windshield claims up to Rs. 5,000 are covered under the zero-depreciation add-on without impacting your No Claim Bonus. Customer: Perfect, good to know. Thanks.",,
INT000030,C0294,WhatsApp,Inbound,2024-11-29 13:50:00,,"Meera: Just received the claim settlement. Thank you! Very quick service this time. Agent: Glad to hear it, Meera! Is there anything else you need help with? Meera: No, all good. Will renew my policy next month.",,
INT000031,C0204,Email,Inbound,2025-03-14 13:22:00,,"Customer: Hi, my policy POL00061 is coming up for renewal on 2026-03-31. What is the renewal premium? Agent: Good evening, Divya. Let me check. Your current premium is Rs. 5,175. With your NCB benefits, the renewal premium would be slightly lower. I will email you the exact quote. Customer: OK, and can I add zero-depreciation cover this time? Agent: Absolutely. I will include that in the quote. You should receive it within 24 hours.",,
INT000032,C0106,Email,Inbound,2025-03-10 18:16:00,,"Customer: Hi, I have a question about my motor insurance policy POL00240. Agent: Of course, Sai. How can I help? Customer: Does my comprehensive plan cover windshield damage without affecting my NCB? Agent: Yes, windshield claims up to Rs. 5,000 are covered under the zero-depreciation add-on without impacting your No Claim Bonus. Customer: Perfect, good to know. Thanks.",,
INT000033,C0341,Call,Outbound,2025-05-02 18:29:00,,"Agent: Hello Manisha, this is a courtesy call from SecureLife Motor Insurance. Your policy POL00132 has an upcoming payment. We wanted to ensure there are no issues with your auto-debit setup. Customer: Thanks for checking. I changed my bank account recently. Let me update the auto-debit mandate. Agent: I can help you with that right now if you have your new bank details handy.",,
INT000034,C0053,Email,Inbound,2025-04-13 12:38:00,,"Subject: Request to Cancel Policy POL00619 Dear Sir/Madam, I wish to cancel my motor insurance policy POL00619 for my Hyundai i20. My reasons are: 1. Premium of Rs. 26,670 is not competitive compared to other insurers. 2. Poor claim settlement experience. 3. Unresponsive customer service. Please process the cancellation and refund any applicable pro-rata premium. Regards, Ritvik Patel",,
INT000035,C0014,Call,Inbound,2025-03-07 12:36:00,,"Agent: Good morning, this is Rohit B. from SecureLife Motor Insurance. Am I speaking with Avni? Customer: Yes. What is it? Agent: I am calling regarding your policy POL00478. We notice 4 overdue payment(s) totalling Rs. 6,556. Customer: I know, I have been having some financial difficulties. The premium of Rs. 6,062 is too high. Agent: I understand. We can discuss flexible payment options. Would you like to switch to quarterly payments? Customer: Maybe. But honestly I am thinking of not renewing at all. It is too expensive.",,
INT000036,C0375,WhatsApp,Inbound,2025-05-12 13:13:00,,"Ira: Just received the claim settlement. Thank you! Very quick service this time. Agent: Glad to hear it, Ira! Is there anything else you need help with? Ira: No, all good. Will renew my policy next month.",,
INT000037,C0341,Email,Inbound,2025-05-07 09:52:00,,"Customer: Hi, my policy POL00132 is coming up for renewal on 2025-09-27. What is the renewal premium? Agent: Good evening, Manisha. Let me check. Your current premium is Rs. 24,490. With your NCB benefits, the renewal premium would be slightly lower. I will email you the exact quote. Customer: OK, and can I add zero-depreciation cover this time? Agent: Absolutely. I will include that in the quote. You should receive it within 24 hours.",,
INT000038,C0409,Call,Inbound,2024-11-25 12:02:00,,"Customer: Hi, I renewed my policy POL00133 online and the process was very smooth. Just wanted to give positive feedback. Agent: Thank you, Aarush! We are glad the digital renewal worked well for you. Customer: Yes, much better than last year. The app has improved a lot.",,
INT000039,C0033,Call,Inbound,2025-09-16 09:54:00,,"Agent: Good evening, this is Divya P. from SecureLife Motor Insurance. Am I speaking with Aarush? Customer: Yes. What is it? Agent: I am calling regarding your policy POL00520. We notice 2 overdue payment(s) totalling Rs. 77,070. Customer: I know, I have been having some financial difficulties. The premium of Rs. 21,830 is too high. Agent: I understand. We can discuss flexible payment options. Would you like to switch to quarterly payments? Customer: Maybe. But honestly I am thinking of not renewing at all. It is too expensive.",,
INT000040,C0021,Call,Inbound,2025-03-06 17:02:00,,"Agent: Good afternoon, this is Anita G. from SecureLife Motor Insurance. Am I speaking with Ravi? Customer: Yes. What is it? Agent: I am calling regarding your policy POL00433. We notice 2 overdue payment(s) totalling Rs. 2,940. Customer: I know, I have been having some financial difficulties. The premium of Rs. 1,470 is too high. Agent: I understand. We can discuss flexible payment options. Would you like to switch to quarterly payments? Customer: Maybe. But honestly I am thinking of not renewing at all. It is too expensive.",,
INT000041,C0038,Call,Inbound,2025-04-27 17:16:00,,"Customer: I keep getting SMS reminders about overdue payments for policy POL00210. Agent: Yes Shivam, there are 2 pending payments of Rs. 48,280 total. Customer: Your auto-debit failed twice and now you are charging me late fees. This is your system error. Agent: Let me check the transaction logs. I can see the auto-debit attempts were declined by your bank. Customer: Fine, but waive the late fees at least. Otherwise I will let the policy lapse.",,
INT000042,C0031,Call,Inbound,2024-12-13 10:31:00,,"Customer: I am comparing motor insurance and SecureLife Motor Insurance seems overpriced. ICICI Lombard and New India Assurance both quoted lower for the same coverage on my Maruti Suzuki Swift. Agent: Anand, our plans include benefits like 24x7 roadside assistance and cashless repairs at 5,000+ garages. But let me see what special rate I can offer for your renewal. Customer: OK, but the difference needs to be significant for me to stay.",,
INT000043,C0476,Call,Inbound,2024-10-04 10:50:00,,"Customer: Hi, my policy POL00548 is coming up for renewal on 2026-02-27. What is the renewal premium? Agent: Good afternoon, Aditya. Let me check. Your current premium is Rs. 5,088. With your NCB benefits, the renewal premium would be slightly lower. I will email you the exact quote. Customer: OK, and can I add zero-depreciation cover this time? Agent: Absolutely. I will include that in the quote. You should receive it within 24 hours.",,
INT000044,C0105,Call,Outbound,2025-04-26 16:42:00,,"Agent: Good morning, Shaurya. This is Divya P. from SecureLife Motor Insurance. I am calling to remind you that your premium payment of Rs. 1,047 for policy POL00259 was due recently. Would you like to make the payment now? Customer: Oh yes, I forgot. Can I pay through UPI right now? Agent: Absolutely. I will send you a payment link on WhatsApp. The payment is Rs. 1,047. Customer: Got it. Let me pay now. Done. Agent: Payment received. Thank you, Shaurya. Your policy remains active.",,
INT000045,C0083,Call,Inbound,2025-04-19 11:58:00,,"Customer: I am comparing motor insurance and SecureLife Motor Insurance seems overpriced. ICICI Lombard and New India Assurance both quoted lower for the same coverage on my Bajaj Pulsar 150. Agent: Shruti, our plans include benefits like 24x7 roadside assistance and cashless repairs at 5,000+ garages. But let me see what special rate I can offer for your renewal. Customer: OK, but the difference needs to be significant for me to stay.",,
INT000046,C0357,Call,Inbound,2025-03-18 13:55:00,,"Customer: I need to update the registration address on my policy POL00270. I moved from Delhi to Pune. Agent: Sure Rashmi, I can help with that. I will need a copy of your new address proof. Customer: I will email it today. How long does the update take? Agent: Typically 2-3 working days after we receive the documents.",,
INT000047,C0310,WhatsApp,Inbound,2025-04-27 18:07:00,,"Sanjay: Hi, I renewed my policy POL00106 online. Got the documents instantly. Great experience! Agent: Thank you Sanjay! Happy to hear the digital process worked well. Drive safe!",,
INT000048,C0195,Call,Inbound,2025-05-06 09:04:00,,"Agent: Good morning, Pankaj. This is Meera R. from SecureLife Motor Insurance. Your policy POL00160 for your Ashok Leyland Dost is due for renewal on 2025-12-13. Would you like to renew? Customer: Yes, I am happy with the coverage. Please send me the renewal documents. Agent: Wonderful. I will process this right away. Thank you for continuing with us.",,
INT000049,C0043,Call,Inbound,2025-03-04 17:16:00,,"Agent: Good afternoon, this is Meera R. from SecureLife Motor Insurance. Am I speaking with Ishaan? Customer: Yes. I want to know why my claim CLM00028 was rejected. Agent: Let me check. The claim was filed on 2025-03-16 for Rs. 194,512 regarding Accident. Customer: I submitted every document you asked for. The rejection reason makes no sense. Agent: The noted reason is: Pre-existing damage detected during surveyor inspection. I understand this is frustrating. Customer: Frustrating? This is unacceptable. I will escalate to IRDAI if this is not reversed within a week.",,
INT000050,C0173,WhatsApp,Inbound,2025-07-19 14:18:00,,"Anvi: Just received the claim settlement. Thank you! Very quick service this time. Agent: Glad to hear it, Anvi! Is there anything else you need help with? Anvi: No, all good. Will renew my policy next month.",,
INT000051,C0415,Email,Inbound,2025-02-22 15:38:00,,"Customer: I need to update the registration address on my policy POL00283. I moved from Delhi to Pune. Agent: Sure Kiara, I can help with that. I will need a copy of your new address proof. Customer: I will email it today. How long does the update take? Agent: Typically 2-3 working days after we receive the documents.",,
INT000052,C0073,Call,Inbound,2024-10-05 14:27:00,,"Agent: Good evening, this is Arun K. calling from SecureLife Motor Insurance. May I speak with Ishaan? Customer: Speaking. Look, I have called three times about claim CLM00151. Nobody helps me. Agent: I sincerely apologise for the experience. Your claim for Rs. 19,063 shows: Damage not covered under Third Party Only plan. Customer: My Toyota Innova Crysta is sitting in the garage for weeks. I need this resolved now or I am cancelling everything.",,
INT000053,C0481,Call,Inbound,2024-11-06 10:29:00,,"Customer: I need to update the registration address on my policy POL00713. I moved from Delhi to Pune. Agent: Sure Sanjay, I can help with that. I will need a copy of your new address proof. Customer: I will email it today. How long does the update take? Agent: Typically 2-3 working days after we receive the documents.",,
INT000054,C0052,Call,Inbound,2024-10-24 09:05:00,,"Customer: I received a quote from Bajaj Allianz for my Tata Nexon that is 20% cheaper than what I pay you. Agent: Manoj, I understand price is important. Let me check if we have any loyalty discounts available for your policy POL00260. Your current premium is Rs. 22,550. Customer: Please do. If you cannot match it, I will have to switch. Agent: I will have our retention team call you back with the best possible offer within 48 hours.",,
INT000055,C0084,Call,Inbound,2025-06-28 13:02:00,,"Agent: Hello, Neha J. from SecureLife Motor Insurance. Is this Vishal? Customer: Yes, and I am very upset. My claim CLM00063 for Rs. 32,446 was rejected. Agent: I see the claim dated 2025-09-20 for Natural Disaster. Let me review it. Customer: Your surveyor gave a wrong report. Claim filed after the stipulated 48-hour reporting window - that is simply not true. Agent: I will escalate this to our senior claims officer for a re-evaluation. Customer: Do it fast. I am already talking to HDFC Ergo and Bajaj Allianz for quotes.",,
INT000056,C0263,Call,Outbound,2025-03-03 17:38:00,,"Agent: Hello Rashmi, this is a courtesy call from SecureLife Motor Insurance. Your policy POL00286 has an upcoming payment. We wanted to ensure there are no issues with your auto-debit setup. Customer: Thanks for checking. I changed my bank account recently. Let me update the auto-debit mandate. Agent: I can help you with that right now if you have your new bank details handy.",,
INT000057,C0035,Call,Inbound,2025-01-15 10:07:00,,"Customer: I received a quote from Bajaj Allianz for my Toyota Innova Crysta that is 20% cheaper than what I pay you. Agent: Vikram, I understand price is important. Let me check if we have any loyalty discounts available for your policy POL00348. Your current premium is Rs. 45,510. Customer: Please do. If you cannot match it, I will have to switch. Agent: I will have our retention team call you back with the best possible offer within 48 hours.",,
INT000058,C0406,Call,Inbound,2024-12-18 11:18:00,,"Customer: I just wanted to call and say thank you. Meera R. helped me with my claim last week and the experience was excellent. Very professional. Agent: Thank you so much, Tanvi. We really appreciate your kind words. Is there anything else? Customer: No, keep up the good work. I have already recommended SecureLife Motor Insurance to my colleagues.",,
INT000059,C0036,Call,Inbound,2024-11-28 13:02:00,,"Agent: Good evening, this is Sameer T. calling from SecureLife Motor Insurance. May I speak with Pradeep? Customer: Speaking. Look, I have called three times about claim CLM00153. Nobody helps me. Agent: I sincerely apologise for the experience. Your claim for Rs. 211,232 shows: Vehicle used for commercial purposes under personal policy. Customer: My Hyundai i20 is sitting in the garage for weeks. I need this resolved now or I am cancelling everything.",,
INT000060,C0012,Call,Inbound,2025-03-22 10:45:00,,"Customer: Hi, I have a question about my motor insurance policy POL00067. Agent: Of course, Manisha. How can I help? Customer: Does my comprehensive plan cover windshield damage without affecting my NCB? Agent: Yes, windshield claims up to Rs. 5,000 are covered under the zero-depreciation add-on without impacting your No Claim Bonus. Customer: Perfect, good to know. Thanks.",,
INT000061,C0032,Call,Inbound,2025-07-16 11:49:00,,"Customer: I need to update the registration address on my policy POL00331. I moved from Delhi to Pune. Agent: Sure Dinesh, I can help with that. I will need a copy of your new address proof. Customer: I will email it today. How long does the update take? Agent: Typically 2-3 working days after we receive the documents.",,
INT000062,C0304,Call,Outbound,2024-11-05 14:31:00,,"Agent: Good afternoon, Aditya. This is Anita G. from SecureLife Motor Insurance. I am calling to remind you that your premium payment of Rs. 49,020 for policy POL00251 was due recently. Would you like to make the payment now? Customer: Oh yes, I forgot. Can I pay through UPI right now? Agent: Absolutely. I will send you a payment link on WhatsApp. The payment is Rs. 49,020. Customer: Got it. Let me pay now. Done. Agent: Payment received. Thank you, Aditya. Your policy remains active.",,
INT000063,C0021,Email,Inbound,2025-04-28 10:39:00,,"Subject: Request to Cancel Policy POL00433 Dear Sir/Madam, I wish to cancel my motor insurance policy POL00433 for my Suzuki Access 125. My reasons are: 1. Premium of Rs. 1,470 is not competitive compared to other insurers. 2. Poor claim settlement experience. 3. Unresponsive customer service. Please process the cancellation and refund any applicable pro-rata premium. Regards, Ravi Singh",,
INT000064,C0092,Call,Inbound,2024-10-28 13:18:00,,"Agent: Good morning, this is Sameer T. from SecureLife Motor Insurance. Am I speaking with Komal? Customer: Yes. What is it? Agent: I am calling regarding your policy POL00103. We notice 1 overdue payment(s) totalling Rs. 18,350. Customer: I know, I have been having some financial difficulties. The premium of Rs. 18,350 is too high. Agent: I understand. We can discuss flexible payment options. Would you like to switch to quarterly payments? Customer: Maybe. But honestly I am thinking of not renewing at all. It is too expensive.",,
INT000065,C0210,Call,Outbound,2024-11-04 17:43:00,,"Agent: Good morning, Pooja. This is Priya S. from SecureLife Motor Insurance. I am calling to remind you that your premium payment of Rs. 16,020 for policy POL00374 was due recently. Would you like to make the payment now? Customer: Oh yes, I forgot. Can I pay through UPI right now? Agent: Absolutely. I will send you a payment link on WhatsApp. The payment is Rs. 16,020. Customer: Got it. Let me pay now. Done. Agent: Payment received. Thank you, Pooja. Your policy remains active.",,
INT000066,C0313,Call,Inbound,2024-10-19 12:29:00,,"Customer: I just wanted to call and say thank you. Sameer T. helped me with my claim last week and the experience was excellent. Very professional. Agent: Thank you so much, Ashok. We really appreciate your kind words. Is there anything else? Customer: No, keep up the good work. I have already recommended SecureLife Motor Insurance to my colleagues.",,
INT000067,C0396,Call,Outbound,2025-05-23 12:52:00,,"Agent: Hello Rekha, this is a courtesy call from SecureLife Motor Insurance. Your policy POL00031 has an upcoming payment. We wanted to ensure there are no issues with your auto-debit setup. Customer: Thanks for checking. I changed my bank account recently. Let me update the auto-debit mandate. Agent: I can help you with that right now if you have your new bank details handy.",,
INT000068,C0306,Call,Inbound,2024-10-06 09:34:00,,"Customer: I need to update the registration address on my policy POL00218. I moved from Delhi to Pune. Agent: Sure Atharv, I can help with that. I will need a copy of your new address proof. Customer: I will email it today. How long does the update take? Agent: Typically 2-3 working days after we receive the documents.",,
INT000069,C0096,Call,Inbound,2025-01-05 18:51:00,,"Customer: Hi, my policy POL00652 is coming up for renewal on 2026-07-26. What is the renewal premium? Agent: Good afternoon, Deepa. Let me check. Your current premium is Rs. 39,940. With your NCB benefits, the renewal premium would be slightly lower. I will email you the exact quote. Customer: OK, and can I add zero-depreciation cover this time? Agent: Absolutely. I will include that in the quote. You should receive it within 24 hours.",,
INT000070,C0008,Call,Inbound,2025-05-28 12:28:00,,"Customer: I keep getting SMS reminders about overdue payments for policy POL00366. Agent: Yes Prisha, there are 7 pending payments of Rs. 34,265 total. Customer: Your auto-debit failed twice and now you are charging me late fees. This is your system error. Agent: Let me check the transaction logs. I can see the auto-debit attempts were declined by your bank. Customer: Fine, but waive the late fees at least. Otherwise I will let the policy lapse.",,
INT000071,C0191,Call,Inbound,2025-06-06 15:42:00,,"Customer: I just wanted to call and say thank you. Vikram D. helped me with my claim last week and the experience was excellent. Very professional. Agent: Thank you so much, Pranav. We really appreciate your kind words. Is there anything else? Customer: No, keep up the good work. I have already recommended SecureLife Motor Insurance to my colleagues.",,
INT000072,C0154,Call,Inbound,2025-06-21 16:46:00,,"Customer: Hi, I renewed my policy POL00140 online and the process was very smooth. Just wanted to give positive feedback. Agent: Thank you, Aarav! We are glad the digital renewal worked well for you. Customer: Yes, much better than last year. The app has improved a lot.",,
INT000073,C0315,Call,Inbound,2025-06-28 14:51:00,,"Customer: I need to update the registration address on my policy POL00196. I moved from Delhi to Pune. Agent: Sure Aarav, I can help with that. I will need a copy of your new address proof. Customer: I will email it today. How long does the update take? Agent: Typically 2-3 working days after we receive the documents.",,
INT000074,C0005,Call,Inbound,2025-04-27 17:00:00,,"Agent: Good morning, this is Divya P. from SecureLife Motor Insurance. Am I speaking with Rahul? Customer: Yes. I want to know why my claim CLM00040 was rejected. Agent: Let me check. The claim was filed on 2024-03-16 for Rs. 343,263 regarding Natural Disaster. Customer: I submitted every document you asked for. The rejection reason makes no sense. Agent: The noted reason is: Pre-existing damage detected during surveyor inspection. I understand this is frustrating. Customer: Frustrating? This is unacceptable. I will escalate to IRDAI if this is not reversed within a week.",,
INT000075,C0141,Call,Inbound,2025-03-09 18:06:00,,"Customer: I just wanted to call and say thank you. Sameer T. helped me with my claim last week and the experience was excellent. Very professional. Agent: Thank you so much, Ira. We really appreciate your kind words. Is there anything else? Customer: No, keep up the good work. I have already recommended SecureLife Motor Insurance to my colleagues.",,
INT000076,C0044,Call,Inbound,2024-12-14 15:00:00,,"Agent: Good morning, Sunita. This is Anita G. from SecureLife Motor Insurance. Your policy POL00225 for your Hyundai Creta is due for renewal on 2026-09-01. Would you like to renew? Customer: Yes, I am happy with the coverage. Please send me the renewal documents. Agent: Wonderful. I will process this right away. Thank you for continuing with us.",,
INT000077,C0022,Call,Inbound,2024-10-18 18:18:00,,"Agent: Good evening, Vihaan. This is Meera R. from SecureLife Motor Insurance. Your policy POL00587 for your Honda City is due for renewal on 2026-04-21. Would you like to renew? Customer: Yes, I am happy with the coverage. Please send me the renewal documents. Agent: Wonderful. I will process this right away. Thank you for continuing with us.",,
INT000078,C0477,Call,Inbound,2025-09-05 13:01:00,,"Customer: Hi, I have a question about my motor insurance policy POL00290. Agent: Of course, Anand. How can I help? Customer: Does my comprehensive plan cover windshield damage without affecting my NCB? Agent: Yes, windshield claims up to Rs. 5,000 are covered under the zero-depreciation add-on without impacting your No Claim Bonus. Customer: Perfect, good to know. Thanks.",,
INT000079,C0072,Call,Inbound,2025-01-23 13:10:00,,"Customer: Hi, my policy POL00552 is coming up for renewal on 2026-07-23. What is the renewal premium? Agent: Good morning, Ayaan. Let me check. Your current premium is Rs. 2,360. With your NCB benefits, the renewal premium would be slightly lower. I will email you the exact quote. Customer: OK, and can I add zero-depreciation cover this time? Agent: Absolutely. I will include that in the quote. You should receive it within 24 hours.",,
INT000080,C0425,Call,Inbound,2025-07-29 14:43:00,,"Customer: I just wanted to call and say thank you. Vikram D. helped me with my claim last week and the experience was excellent. Very professional. Agent: Thank you so much, Smita. We really appreciate your kind words. Is there anything else? Customer: No, keep up the good work. I have already recommended SecureLife Motor Insurance to my colleagues.",,
INT000081,C0023,Call,Inbound,2025-03-31 09:13:00,,"Agent: Good morning, this is Anita G. from SecureLife Motor Insurance. Am I speaking with Avni? Customer: Yes. I want to know why my claim CLM00044 was rejected. Agent: Let me check. The claim was filed on 2023-12-27 for Rs. 11,348 regarding Roadside Assistance. Customer: I submitted every document you asked for. The rejection reason makes no sense. Agent: The noted reason is: Vehicle used for commercial purposes under personal policy. I understand this is frustrating. Customer: Frustrating? This is unacceptable. I will escalate to IRDAI if this is not reversed within a week.",,
INT000082,C0030,Call,Inbound,2025-09-05 15:06:00,,"Customer: Hi, I have a question about my motor insurance policy POL00289. Agent: Of course, Shaurya. How can I help? Customer: Does my comprehensive plan cover windshield damage without affecting my NCB? Agent: Yes, windshield claims up to Rs. 5,000 are covered under the zero-depreciation add-on without impacting your No Claim Bonus. Customer: Perfect, good to know. Thanks.",,
INT000083,C0025,Call,Inbound,2024-11-23 09:00:00,,"Customer: Hi, I have a question about my motor insurance policy POL00153. Agent: Of course, Ravi. How can I help? Customer: Does my comprehensive plan cover windshield damage without affecting my NCB? Agent: Yes, windshield claims up to Rs. 5,000 are covered under the zero-depreciation add-on without impacting your No Claim Bonus. Customer: Perfect, good to know. Thanks.",,
INT000084,C0003,Call,Inbound,2024-10-05 16:04:00,,"Agent: Good afternoon, Anjali. This is Sameer T. from SecureLife Motor Insurance. Your policy POL00281 for your Hyundai Creta is due for renewal on 2026-03-02. Would you like to renew? Customer: Yes, I am happy with the coverage. Please send me the renewal documents. Agent: Wonderful. I will process this right away. Thank you for continuing with us.",,
INT000085,C0189,Email,Inbound,2025-05-05 14:46:00,,"Customer: Hi, I have a question about my motor insurance policy POL00521. Agent: Of course, Shalini. How can I help? Customer: Does my comprehensive plan cover windshield damage without affecting my NCB? Agent: Yes, windshield claims up to Rs. 5,000 are covered under the zero-depreciation add-on without impacting your No Claim Bonus. Customer: Perfect, good to know. Thanks.",,
INT000086,C0112,Call,Outbound,2025-02-02 17:49:00,,"Agent: Hello Manisha, this is a courtesy call from SecureLife Motor Insurance. Your policy POL00510 has an upcoming payment. We wanted to ensure there are no issues with your auto-debit setup. Customer: Thanks for checking. I changed my bank account recently. Let me update the auto-debit mandate. Agent: I can help you with that right now if you have your new bank details handy.",,
INT000087,C0043,Email,Inbound,2024-11-18 13:48:00,,"Subject: Formal Complaint - Claim CLM00028 Wrongly Rejected Dear Sir/Madam, I am writing to formally complain about the rejection of my motor insurance claim CLM00028 dated 2025-03-16. The claim was for Rs. 194,512 due to Accident. The rejection reason given was: Pre-existing damage detected during surveyor inspection. I find this unacceptable as all required documents including the FIR copy, photographs, and repair estimate were submitted within the stipulated timeframe. I demand an immediate review. If not resolved within 7 working days, I will file a complaint with the Insurance Ombudsman and IRDAI. Policy: POL00358 Claim: CLM00028 Regards, Ishaan Rao",,
INT000088,C0347,Call,Inbound,2025-04-07 09:22:00,,"Customer: I need to update the registration address on my policy POL00568. I moved from Delhi to Pune. Agent: Sure Vihaan, I can help with that. I will need a copy of your new address proof. Customer: I will email it today. How long does the update take? Agent: Typically 2-3 working days after we receive the documents.",,
INT000089,C0061,Call,Inbound,2024-10-05 14:30:00,,"Customer: I received a quote from Bajaj Allianz for my Honda City that is 20% cheaper than what I pay you. Agent: Ritvik, I understand price is important. Let me check if we have any loyalty discounts available for your policy POL00782. Your current premium is Rs. 6,134. Customer: Please do. If you cannot match it, I will have to switch. Agent: I will have our retention team call you back with the best possible offer within 48 hours.",,
INT000090,C0209,Call,Inbound,2025-03-12 16:40:00,,"Customer: Hi, my policy POL00450 is coming up for renewal on 2025-12-16. What is the renewal premium? Agent: Good morning, Pankaj. Let me check. Your current premium is Rs. 11,646. With your NCB benefits, the renewal premium would be slightly lower. I will email you the exact quote. Customer: OK, and can I add zero-depreciation cover this time? Agent: Absolutely. I will include that in the quote. You should receive it within 24 hours.",,
INT000091,C0475,WhatsApp,Inbound,2025-06-16 14:15:00,,"Rajesh: Hi, I renewed my policy POL00773 online. Got the documents instantly. Great experience! Agent: Thank you Rajesh! Happy to hear the digital process worked well. Drive safe!",,
INT000092,C0026,Call,Inbound,2024-11-01 17:23:00,,"Customer: I am comparing motor insurance and SecureLife Motor Insurance seems overpriced. ICICI Lombard and New India Assurance both quoted lower for the same coverage on my Honda Activa 6G. Agent: Reyansh, our plans include benefits like 24x7 roadside assistance and cashless repairs at 5,000+ garages. But let me see what special rate I can offer for your renewal. Customer: OK, but the difference needs to be significant for me to stay.",,
INT000093,C0467,Call,Inbound,2025-06-22 09:02:00,,"Customer: Hi, I renewed my policy POL00302 online and the process was very smooth. Just wanted to give positive feedback. Agent: Thank you, Komal! We are glad the digital renewal worked well for you. Customer: Yes, much better than last year. The app has improved a lot.",,
INT000094,C0096,Call,Inbound,2025-06-14 11:16:00,,"Customer: Hi, my policy POL00652 is coming up for renewal on 2026-07-26. What is the renewal premium? Agent: Good evening, Deepa. Let me check. Your current premium is Rs. 39,940. With your NCB benefits, the renewal premium would be slightly lower. I will email you the exact quote. Customer: OK, and can I add zero-depreciation cover this time? Agent: Absolutely. I will include that in the quote. You should receive it within 24 hours.",,
INT000095,C0307,Email,Inbound,2024-10-26 17:12:00,,"Customer: I need to update the registration address on my policy POL00093. I moved from Delhi to Pune. Agent: Sure Anjali, I can help with that. I will need a copy of your new address proof. Customer: I will email it today. How long does the update take? Agent: Typically 2-3 working days after we receive the documents.",,
INT000096,C0255,Call,Outbound,2025-09-07 10:06:00,,"Agent: Good morning, Anil. This is Sameer T. from SecureLife Motor Insurance. I am calling to remind you that your premium payment of Rs. 3,340 for policy POL00751 was due recently. Would you like to make the payment now? Customer: Oh yes, I forgot. Can I pay through UPI right now? Agent: Absolutely. I will send you a payment link on WhatsApp. The payment is Rs. 3,340. Customer: Got it. Let me pay now. Done. Agent: Payment received. Thank you, Anil. Your policy remains active.",,
INT000097,C0342,Email,Inbound,2025-06-26 15:28:00,,"Agent: Good afternoon, Dhruv. This is Anita G. from SecureLife Motor Insurance. Your policy POL00563 for your Bajaj Pulsar 150 is due for renewal on 2026-06-10. Would you like to renew? Customer: Yes, I am happy with the coverage. Please send me the renewal documents. Agent: Wonderful. I will process this right away. Thank you for continuing with us.",,
INT000098,C0449,Call,Inbound,2025-04-05 12:51:00,,"Agent: Good afternoon, Vikram. This is Meera R. from SecureLife Motor Insurance. Your policy POL00728 for your Suzuki Access 125 is due for renewal on 2025-11-08. Would you like to renew? Customer: Yes, I am happy with the coverage. Please send me the renewal documents. Agent: Wonderful. I will process this right away. Thank you for continuing with us.",,
INT000099,C0251,Email,Inbound,2025-01-01 16:32:00,,"Customer: I need to update the registration address on my policy POL00417. I moved from Delhi to Pune. Agent: Sure Anvi, I can help with that. I will need a copy of your new address proof. Customer: I will email it today. How long does the update take? Agent: Typically 2-3 working days after we receive the documents.",,
INT000100,C0055,WhatsApp,Inbound,2025-04-24 15:40:00,,"Mohit: Hi, I need help with claim CLM00160. It was rejected and I disagree with the reason. Agent: Hello Mohit, I am sorry about this. Let me pull up your details. Mohit: The reason given is 'Repairs done at unauthorized garage without prior approval' but that is wrong. My documents were complete. Agent: I understand. Let me escalate this for review. You will receive a callback within 24 hours. Mohit: Please make sure someone actually calls this time.",,
INT000101,C0001,Call,Inbound,2025-07-17 09:55:00,,"Customer: Hi, I have a question about my motor insurance policy POL00724. Agent: Of course, Aanya. How can I help? Customer: Does my comprehensive plan cover windshield damage without affecting my NCB? Agent: Yes, windshield claims up to Rs. 5,000 are covered under the zero-depreciation add-on without impacting your No Claim Bonus. Customer: Perfect, good to know. Thanks.",,
INT000102,C0065,Email,Inbound,2024-12-03 12:16:00,,"Subject: Request to Cancel Policy POL00640 Dear Sir/Madam, I wish to cancel my motor insurance policy POL00640 for my Tata Nexon. My reasons are: 1. Premium of Rs. 25,100 is not competitive compared to other insurers. 2. Poor claim settlement experience. 3. Unresponsive customer service. Please process the cancellation and refund any applicable pro-rata premium. Regards, Diya Singh",,
INT000103,C0138,Call,Inbound,2025-09-26 11:09:00,,"Customer: Hi, I renewed my policy POL00598 online and the process was very smooth. Just wanted to give positive feedback. Agent: Thank you, Ananya! We are glad the digital renewal worked well for you. Customer: Yes, much better than last year. The app has improved a lot.",,
INT000104,C0150,Email,Inbound,2025-01-19 18:29:00,,"Customer: I need to update the registration address on my policy POL00492. I moved from Delhi to Pune. Agent: Sure Nikhil, I can help with that. I will need a copy of your new address proof. Customer: I will email it today. How long does the update take? Agent: Typically 2-3 working days after we receive the documents.",,
INT000105,C0071,Call,Inbound,2025-06-16 12:41:00,,"Customer: I want to cancel my policy POL00534 immediately. Agent: I am sorry to hear that, Divya. May I ask the reason? Customer: Your claim service is terrible. My claim N/A was rejected unfairly, I have overdue payment issues, and nobody follows up. I am done with SecureLife Motor Insurance. Agent: I understand your frustration. Let me connect you with our retention team who can review your concerns and possibly offer a resolution. Customer: I have given enough chances. Just process the cancellation.",,
INT000106,C0069,Call,Inbound,2024-11-02 11:44:00,,"Agent: Good morning, Sanjay. This is Raj M. from SecureLife Motor Insurance. Your policy POL00278 for your Tata Nexon is due for renewal on 2026-04-01. Would you like to renew? Customer: Yes, I am happy with the coverage. Please send me the renewal documents. Agent: Wonderful. I will process this right away. Thank you for continuing with us.",,
INT000107,C0073,Call,Inbound,2025-06-20 15:40:00,,"Customer: I need to update the registration address on my policy POL00755. I moved from Delhi to Pune. Agent: Sure Ishaan, I can help with that. I will need a copy of your new address proof. Customer: I will email it today. How long does the update take? Agent: Typically 2-3 working days after we receive the documents.",,
INT000108,C0018,Call,Inbound,2024-10-17 17:18:00,,"Agent: Good morning, this is Meera R. from SecureLife Motor Insurance. Am I speaking with Advait? Customer: Yes. I want to know why my claim CLM00062 was rejected. Agent: Let me check. The claim was filed on 2023-05-21 for Rs. 1,481 regarding Roadside Assistance. Customer: I submitted every document you asked for. The rejection reason makes no sense. Agent: The noted reason is: Vehicle used for commercial purposes under personal policy. I understand this is frustrating. Customer: Frustrating? This is unacceptable. I will escalate to IRDAI if this is not reversed within a week.",,
INT000109,C0138,Call,Inbound,2025-02-09 18:24:00,,"Customer: I need to update the registration address on my policy POL00598. I moved from Delhi to Pune. Agent: Sure Ananya, I can help with that. I will need a copy of your new address proof. Customer: I will email it today. How long does the update take? Agent: Typically 2-3 working days after we receive the documents.",,
INT000110,C0066,Call,Inbound,2025-03-17 09:54:00,,"Customer: Hi, I have a question about my motor insurance policy POL00764. Agent: Of course, Kian. How can I help? Customer: Does my comprehensive plan cover windshield damage without affecting my NCB? Agent: Yes, windshield claims up to Rs. 5,000 are covered under the zero-depreciation add-on without impacting your No Claim Bonus. Customer: Perfect, good to know. Thanks.",,
INT000111,C0087,Call,Inbound,2025-02-26 13:36:00,,"Agent: Good evening, Nisha. This is Priya S. from SecureLife Motor Insurance. Your policy POL00554 for your Hero Glamour is due for renewal on 2025-08-09. Would you like to renew? Customer: Yes, I am happy with the coverage. Please send me the renewal documents. Agent: Wonderful. I will process this right away. Thank you for continuing with us.",,
INT000112,C0027,Email,Inbound,2025-03-21 09:52:00,,"Subject: Request to Cancel Policy POL00194 Dear Sir/Madam, I wish to cancel my motor insurance policy POL00194 for my TVS Apache RTR 160. My reasons are: 1. Premium of Rs. 632 is not competitive compared to other insurers. 2. Poor claim settlement experience. 3. Unresponsive customer service. Please process the cancellation and refund any applicable pro-rata premium. Regards, Pankaj Agarwal",,
INT000113,C0456,WhatsApp,Inbound,2025-01-28 14:50:00,,"Amit: Just received the claim settlement. Thank you! Very quick service this time. Agent: Glad to hear it, Amit! Is there anything else you need help with? Amit: No, all good. Will renew my policy next month.",,
INT000114,C0367,Call,Outbound,2025-05-05 13:40:00,,"Agent: Good evening, Ajay. This is Neha J. from SecureLife Motor Insurance. I am calling to remind you that your premium payment of Rs. 2,160 for policy POL00317 was due recently. Would you like to make the payment now? Customer: Oh yes, I forgot. Can I pay through UPI right now? Agent: Absolutely. I will send you a payment link on WhatsApp. The payment is Rs. 2,160. Customer: Got it. Let me pay now. Done. Agent: Payment received. Thank you, Ajay. Your policy remains active.",,
INT000115,C0037,Call,Inbound,2025-08-21 12:53:00,,"Agent: Hello, Anita G. from SecureLife Motor Insurance. Is this Karan? Customer: Yes, and I am very upset. My claim CLM00099 for Rs. 8,589 was rejected. Agent: I see the claim dated 2025-07-05 for Natural Disaster. Let me review it. Customer: Your surveyor gave a wrong report. Claim filed after the stipulated 48-hour reporting window - that is simply not true. Agent: I will escalate this to our senior claims officer for a re-evaluation. Customer: Do it fast. I am already talking to HDFC Ergo and Bajaj Allianz for quotes.",,
INT000116,C0067,Email,Inbound,2025-04-01 17:03:00,,"Subject: Disappointed with Claim Service - Policy POL00109 Dear SecureLife Motor Insurance Team, This is regarding my pending claim CLM00247 for Third Party Liability. It has been several weeks since I filed the claim for Rs. 29,392 and I have received no proper update. My TVS Apache RTR 160 is still at the garage and I am bearing daily commute expenses. I have been a loyal customer but this experience has been very poor. Please expedite the resolution. Regards, Vishal Hegde",,
INT000117,C0080,Call,Inbound,2025-02-11 10:31:00,,"Customer: I keep getting SMS reminders about overdue payments for policy POL00446. Agent: Yes Aarohi, there are 2 pending payments of Rs. 38,120 total. Customer: Your auto-debit failed twice and now you are charging me late fees. This is your system error. Agent: Let me check the transaction logs. I can see the auto-debit attempts were declined by your bank. Customer: Fine, but waive the late fees at least. Otherwise I will let the policy lapse.",,
INT000118,C0231,WhatsApp,Inbound,2025-02-04 10:25:00,,"Gaurav: Just received the claim settlement. Thank you! Very quick service this time. Agent: Glad to hear it, Gaurav! Is there anything else you need help with? Gaurav: No, all good. Will renew my policy next month.",,
INT000119,C0270,Call,Inbound,2025-02-23 17:27:00,,"Customer: Hi, I renewed my policy POL00665 online and the process was very smooth. Just wanted to give positive feedback. Agent: Thank you, Aanya! We are glad the digital renewal worked well for you. Customer: Yes, much better than last year. The app has improved a lot.",,
INT000120,C0073,Call,Inbound,2025-08-26 16:55:00,,"Agent: Good morning, Ishaan. This is Raj M. from SecureLife Motor Insurance. Your policy POL00755 for your Toyota Innova Crysta is due for renewal on 2026-04-11. Would you like to renew? Customer: Yes, I am happy with the coverage. Please send me the renewal documents. Agent: Wonderful. I will process this right away. Thank you for continuing with us.",,
INT000121,C0042,Call,Inbound,2024-11-03 17:04:00,,"Customer: I am comparing motor insurance and SecureLife Motor Insurance seems overpriced. ICICI Lombard and New India Assurance both quoted lower for the same coverage on my Mahindra XUV700. Agent: Pankaj, our plans include benefits like 24x7 roadside assistance and cashless repairs at 5,000+ garages. But let me see what special rate I can offer for your renewal. Customer: OK, but the difference needs to be significant for me to stay.",,
INT000122,C0217,Call,Outbound,2025-05-29 12:37:00,,"Agent: Hello Gaurav, this is a courtesy call from SecureLife Motor Insurance. Your policy POL00503 has an upcoming payment. We wanted to ensure there are no issues with your auto-debit setup. Customer: Thanks for checking. I changed my bank account recently. Let me update the auto-debit mandate. Agent: I can help you with that right now if you have your new bank details handy.",,
INT000123,C0395,Call,Inbound,2025-04-10 17:02:00,,"Customer: I need to update the registration address on my policy POL00390. I moved from Delhi to Pune. Agent: Sure Myra, I can help with that. I will need a copy of your new address proof. Customer: I will email it today. How long does the update take? Agent: Typically 2-3 working days after we receive the documents.",,
INT000124,C0043,Call,Inbound,2025-01-08 14:13:00,,"Customer: Hi, my policy POL00334 is coming up for renewal on 2025-11-14. What is the renewal premium? Agent: Good morning, Ishaan. Let me check. Your current premium is Rs. 48,070. With your NCB benefits, the renewal premium would be slightly lower. I will email you the exact quote. Customer: OK, and can I add zero-depreciation cover this time? Agent: Absolutely. I will include that in the quote. You should receive it within 24 hours.",,
INT000125,C0060,Call,Inbound,2024-11-06 14:51:00,,"Customer: Hi, my policy POL00119 is coming up for renewal on 2026-09-22. What is the renewal premium? Agent: Good afternoon, Ajay. Let me check. Your current premium is Rs. 23,190. With your NCB benefits, the renewal premium would be slightly lower. I will email you the exact quote. Customer: OK, and can I add zero-depreciation cover this time? Agent: Absolutely. I will include that in the quote. You should receive it within 24 hours.",,
INT000126,C0032,Call,Inbound,2025-09-26 17:29:00,,"Customer: Hi, I have a question about my motor insurance policy POL00331. Agent: Of course, Dinesh. How can I help? Customer: Does my comprehensive plan cover windshield damage without affecting my NCB? Agent: Yes, windshield claims up to Rs. 5,000 are covered under the zero-depreciation add-on without impacting your No Claim Bonus. Customer: Perfect, good to know. Thanks.",,
INT000127,C0482,Call,Inbound,2025-01-24 16:30:00,,"Customer: Hi, I have a question about my motor insurance policy POL00262. Agent: Of course, Rohit. How can I help? Customer: Does my comprehensive plan cover windshield damage without affecting my NCB? Agent: Yes, windshield claims up to Rs. 5,000 are covered under the zero-depreciation add-on without impacting your No Claim Bonus. Customer: Perfect, good to know. Thanks.",,
INT000128,C0383,WhatsApp,Inbound,2025-07-25 16:41:00,,"Vikram: Hi, I renewed my policy POL00756 online. Got the documents instantly. Great experience! Agent: Thank you Vikram! Happy to hear the digital process worked well. Drive safe!",,
INT000129,C0200,WhatsApp,Inbound,2025-07-16 10:03:00,,"Sara: Just received the claim settlement. Thank you! Very quick service this time. Agent: Glad to hear it, Sara! Is there anything else you need help with? Sara: No, all good. Will renew my policy next month.",,
INT000130,C0367,Call,Inbound,2024-10-16 09:22:00,,"Customer: I just wanted to call and say thank you. Divya P. helped me with my claim last week and the experience was excellent. Very professional. Agent: Thank you so much, Ajay. We really appreciate your kind words. Is there anything else? Customer: No, keep up the good work. I have already recommended SecureLife Motor Insurance to my colleagues.",,
INT000131,C0248,Call,Outbound,2025-07-29 18:37:00,,"Agent: Hello Rajesh, this is a courtesy call from SecureLife Motor Insurance. Your policy POL00410 has an upcoming payment. We wanted to ensure there are no issues with your auto-debit setup. Customer: Thanks for checking. I changed my bank account recently. Let me update the auto-debit mandate. Agent: I can help you with that right now if you have your new bank details handy.",,
INT000132,C0056,Email,Inbound,2025-03-04 13:02:00,,"Subject: Disappointed with Claim Service - Policy POL00701 Dear SecureLife Motor Insurance Team, This is regarding my pending claim CLM00182 for Theft. It has been several weeks since I filed the claim for Rs. 270,102 and I have received no proper update. My Mahindra XUV700 is still at the garage and I am bearing daily commute expenses. I have been a loyal customer but this experience has been very poor. Please expedite the resolution. Regards, Ajay Deshpande",,
INT000133,C0371,Call,Inbound,2025-07-13 11:59:00,,"Customer: I need to update the registration address on my policy POL00068. I moved from Delhi to Pune. Agent: Sure Sachin, I can help with that. I will need a copy of your new address proof. Customer: I will email it today. How long does the update take? Agent: Typically 2-3 working days after we receive the documents.",,
INT000134,C0145,Call,Inbound,2024-10-08 11:08:00,,"Customer: Hi, I have a question about my motor insurance policy POL00394. Agent: Of course, Vikram. How can I help? Customer: Does my comprehensive plan cover windshield damage without affecting my NCB? Agent: Yes, windshield claims up to Rs. 5,000 are covered under the zero-depreciation add-on without impacting your No Claim Bonus. Customer: Perfect, good to know. Thanks.",,
INT000135,C0297,Email,Inbound,2025-03-27 13:30:00,,"Customer: Hi, I have a question about my motor insurance policy POL00405. Agent: Of course, Krishna. How can I help? Customer: Does my comprehensive plan cover windshield damage without affecting my NCB? Agent: Yes, windshield claims up to Rs. 5,000 are covered under the zero-depreciation add-on without impacting your No Claim Bonus. Customer: Perfect, good to know. Thanks.",,
INT000136,C0216,Email,Inbound,2025-09-09 10:02:00,,"Customer: I need to update the registration address on my policy POL00362. I moved from Delhi to Pune. Agent: Sure Pooja, I can help with that. I will need a copy of your new address proof. Customer: I will email it today. How long does the update take? Agent: Typically 2-3 working days after we receive the documents.",,
INT000137,C0091,Call,Inbound,2024-10-21 13:54:00,,"Agent: Good afternoon, this is Anita G. from SecureLife Motor Insurance. Am I speaking with Pallavi? Customer: Yes. What is it? Agent: I am calling regarding your policy POL00027. We notice 3 overdue payment(s) totalling Rs. 3,645. Customer: I know, I have been having some financial difficulties. The premium of Rs. 883 is too high. Agent: I understand. We can discuss flexible payment options. Would you like to switch to quarterly payments? Customer: Maybe. But honestly I am thinking of not renewing at all. It is too expensive.",,
INT000138,C0173,Call,Inbound,2025-03-29 16:57:00,,"Customer: Hi, I have a question about my motor insurance policy POL00761. Agent: Of course, Anvi. How can I help? Customer: Does my comprehensive plan cover windshield damage without affecting my NCB? Agent: Yes, windshield claims up to Rs. 5,000 are covered under the zero-depreciation add-on without impacting your No Claim Bonus. Customer: Perfect, good to know. Thanks.",,
INT000139,C0024,Call,Inbound,2025-03-16 12:57:00,,"Customer: I keep getting SMS reminders about overdue payments for policy POL00165. Agent: Yes Varun, there are 6 pending payments of Rs. 28,388 total. Customer: Your auto-debit failed twice and now you are charging me late fees. This is your system error. Agent: Let me check the transaction logs. I can see the auto-debit attempts were declined by your bank. Customer: Fine, but waive the late fees at least. Otherwise I will let the policy lapse.",,
INT000140,C0474,Email,Inbound,2025-06-14 10:31:00,,"Customer: Hi, I have a question about my motor insurance policy POL00722. Agent: Of course, Ravi. How can I help? Customer: Does my comprehensive plan cover windshield damage without affecting my NCB? Agent: Yes, windshield claims up to Rs. 5,000 are covered under the zero-depreciation add-on without impacting your No Claim Bonus. Customer: Perfect, good to know. Thanks.",,
INT000141,C0419,Call,Outbound,2025-03-11 17:21:00,,"Agent: Hello Naveen, this is a courtesy call from SecureLife Motor Insurance. Your policy POL00307 has an upcoming payment. We wanted to ensure there are no issues with your auto-debit setup. Customer: Thanks for checking. I changed my bank account recently. Let me update the auto-debit mandate. Agent: I can help you with that right now if you have your new bank details handy.",,
INT000142,C0076,Call,Inbound,2024-10-23 09:05:00,,"Customer: Hello, I would like to cancel policy POL00036 for my TVS Apache RTR 160. Agent: Sunita, I am sorry to hear this. Can I understand what went wrong? Customer: I found much better rates with ICICI Lombard. Your premium of Rs. 2,500 is not competitive. Agent: We do have loyalty discounts and NCB benefits. Shall I check what we can offer? Customer: I already compared. Please just cancel it.",,
INT000143,C0096,Call,Inbound,2025-01-18 10:25:00,,"Customer: Hi, I have a question about my motor insurance policy POL00652. Agent: Of course, Deepa. How can I help? Customer: Does my comprehensive plan cover windshield damage without affecting my NCB? Agent: Yes, windshield claims up to Rs. 5,000 are covered under the zero-depreciation add-on without impacting your No Claim Bonus. Customer: Perfect, good to know. Thanks.",,
INT000144,C0104,Call,Inbound,2025-03-17 18:45:00,,"Customer: Hi, my policy POL00735 is coming up for renewal on 2025-05-30. What is the renewal premium? Agent: Good evening, Aarav. Let me check. Your current premium is Rs. 4,473. With your NCB benefits, the renewal premium would be slightly lower. I will email you the exact quote. Customer: OK, and can I add zero-depreciation cover this time? Agent: Absolutely. I will include that in the quote. You should receive it within 24 hours.",,
INT000145,C0460,Call,Outbound,2024-12-01 09:33:00,,"Agent: Good morning, Mohit. This is Priya S. from SecureLife Motor Insurance. I am calling to remind you that your premium payment of Rs. 3,010 for policy POL00255 was due recently. Would you like to make the payment now? Customer: Oh yes, I forgot. Can I pay through UPI right now? Agent: Absolutely. I will send you a payment link on WhatsApp. The payment is Rs. 3,010. Customer: Got it. Let me pay now. Done. Agent: Payment received. Thank you, Mohit. Your policy remains active.",,
INT000146,C0302,Email,Inbound,2025-07-02 17:41:00,,"Subject: Thank you - Claim CLM00251 Settled Dear SecureLife Motor Insurance Team, I am writing to thank you for the prompt settlement of my claim CLM00251. The amount of Rs. 22,408 was credited to my account within the promised timeline. Special thanks to the surveyor and claims team for the professional handling. I will definitely continue with SecureLife Motor Insurance. Warm regards, Shruti Mishra",,
INT000147,C0119,Email,Inbound,2024-11-14 12:03:00,,"Customer: Hi, I have a question about my motor insurance policy POL00303. Agent: Of course, Rakesh. How can I help? Customer: Does my comprehensive plan cover windshield damage without affecting my NCB? Agent: Yes, windshield claims up to Rs. 5,000 are covered under the zero-depreciation add-on without impacting your No Claim Bonus. Customer: Perfect, good to know. Thanks.",,
INT000148,C0362,Call,Outbound,2024-12-29 09:32:00,,"Agent: Good afternoon, Sachin. This is Anita G. from SecureLife Motor Insurance. I am calling to remind you that your premium payment of Rs. 27,290 for policy POL00621 was due recently. Would you like to make the payment now? Customer: Oh yes, I forgot. Can I pay through UPI right now? Agent: Absolutely. I will send you a payment link on WhatsApp. The payment is Rs. 27,290. Customer: Got it. Let me pay now. Done. Agent: Payment received. Thank you, Sachin. Your policy remains active.",,
INT000149,C0043,Call,Inbound,2024-10-06 13:49:00,,"Customer: I am comparing motor insurance and SecureLife Motor Insurance seems overpriced. ICICI Lombard and New India Assurance both quoted lower for the same coverage on my Mahindra Bolero Pickup. Agent: Ishaan, our plans include benefits like 24x7 roadside assistance and cashless repairs at 5,000+ garages. But let me see what special rate I can offer for your renewal. Customer: OK, but the difference needs to be significant for me to stay.",,
INT000150,C0002,Call,Inbound,2024-10-18 12:00:00,,"Customer: Hi, my policy POL00549 is coming up for renewal on 2026-01-02. What is the renewal premium? Agent: Good afternoon, Ashok. Let me check. Your current premium is Rs. 22,850. With your NCB benefits, the renewal premium would be slightly lower. I will email you the exact quote. Customer: OK, and can I add zero-depreciation cover this time? Agent: Absolutely. I will include that in the quote. You should receive it within 24 hours.",,
INT000151,C0222,Call,Inbound,2025-04-24 11:42:00,,"Customer: Hi, I have a question about my motor insurance policy POL00080. Agent: Of course, Sneha. How can I help? Customer: Does my comprehensive plan cover windshield damage without affecting my NCB? Agent: Yes, windshield claims up to Rs. 5,000 are covered under the zero-depreciation add-on without impacting your No Claim Bonus. Customer: Perfect, good to know. Thanks.",,
INT000152,C0120,Email,Inbound,2025-02-22 16:44:00,,"Agent: Good afternoon, Manisha. This is Arun K. from SecureLife Motor Insurance. Your policy POL00161 for your Eicher Pro 2049 is due for renewal on 2025-07-13. Would you like to renew? Customer: Yes, I am happy with the coverage. Please send me the renewal documents. Agent: Wonderful. I will process this right away. Thank you for continuing with us.",,
INT000153,C0261,Email,Inbound,2025-03-03 12:27:00,,"Customer: Hi, my policy POL00743 is coming up for renewal on 2026-04-18. What is the renewal premium? Agent: Good evening, Neha. Let me check. Your current premium is Rs. 4,827. With your NCB benefits, the renewal premium would be slightly lower. I will email you the exact quote. Customer: OK, and can I add zero-depreciation cover this time? Agent: Absolutely. I will include that in the quote. You should receive it within 24 hours.",,
INT000154,C0464,WhatsApp,Inbound,2025-07-02 18:10:00,,"Pankaj: Hi, I renewed my policy POL00101 online. Got the documents instantly. Great experience! Agent: Thank you Pankaj! Happy to hear the digital process worked well. Drive safe!",,
INT000155,C0056,Call,Inbound,2025-08-16 15:52:00,,"Agent: Good evening, Ajay. This is Vikram D. from SecureLife Motor Insurance. Your policy POL00701 for your Mahindra XUV700 is due for renewal on 2025-11-13. Would you like to renew? Customer: Yes, I am happy with the coverage. Please send me the renewal documents. Agent: Wonderful. I will process this right away. Thank you for continuing with us.",,
INT000156,C0024,Call,Inbound,2025-07-21 14:21:00,,"Customer: I received a quote from Bajaj Allianz for my Honda City that is 20% cheaper than what I pay you. Agent: Varun, I understand price is important. Let me check if we have any loyalty discounts available for your policy POL00165. Your current premium is Rs. 14,430. Customer: Please do. If you cannot match it, I will have to switch. Agent: I will have our retention team call you back with the best possible offer within 48 hours.",,
INT000157,C0246,Call,Inbound,2024-12-21 12:58:00,,"Agent: Good afternoon, Ishaan. This is Anita G. from SecureLife Motor Insurance. I am calling to confirm that your claim CLM00277 for Rs. 24,630 has been settled. The amount has been transferred to your bank account. Customer: Oh, that is great news! Thank you so much. The process was smooth this time. Agent: We are glad to hear that. Is there anything else I can help you with? Customer: No, that is all. I am happy with the service. Thank you.",,
INT000158,C0492,Call,Inbound,2025-03-14 14:30:00,,"Customer: Hi, I have a question about my motor insurance policy POL00766. Agent: Of course, Ajay. How can I help? Customer: Does my comprehensive plan cover windshield damage without affecting my NCB? Agent: Yes, windshield claims up to Rs. 5,000 are covered under the zero-depreciation add-on without impacting your No Claim Bonus. Customer: Perfect, good to know. Thanks.",,
INT000159,C0097,WhatsApp,Inbound,2025-08-12 17:34:00,,"Sanjay: My policy POL00098 payment failed again. This is the third time. Agent: Sorry about that, Sanjay. Let me check what happened with the auto-debit. Sanjay: I have sufficient balance. Your system is broken. Fix it or I am switching. Agent: I will raise a technical ticket immediately. In the meantime, here is a direct payment link.",,
INT000160,C0332,Call,Inbound,2025-09-06 09:45:00,,"Customer: I need to update the registration address on my policy POL00441. I moved from Delhi to Pune. Agent: Sure Deepa, I can help with that. I will need a copy of your new address proof. Customer: I will email it today. How long does the update take? Agent: Typically 2-3 working days after we receive the documents.",,
INT000161,C0135,Call,Inbound,2024-11-05 16:03:00,,"Customer: I need to update the registration address on my policy POL00237. I moved from Delhi to Pune. Agent: Sure Meera, I can help with that. I will need a copy of your new address proof. Customer: I will email it today. How long does the update take? Agent: Typically 2-3 working days after we receive the documents.",,
INT000162,C0329,Call,Inbound,2025-04-07 09:04:00,,"Customer: Hi, my policy POL00580 is coming up for renewal on 2026-09-16. What is the renewal premium? Agent: Good evening, Shivam. Let me check. Your current premium is Rs. 5,102. With your NCB benefits, the renewal premium would be slightly lower. I will email you the exact quote. Customer: OK, and can I add zero-depreciation cover this time? Agent: Absolutely. I will include that in the quote. You should receive it within 24 hours.",,
INT000163,C0201,Call,Inbound,2025-06-28 11:14:00,,"Customer: Hi, my policy POL00203 is coming up for renewal on 2025-12-22. What is the renewal premium? Agent: Good afternoon, Ravi. Let me check. Your current premium is Rs. 2,380. With your NCB benefits, the renewal premium would be slightly lower. I will email you the exact quote. Customer: OK, and can I add zero-depreciation cover this time? Agent: Absolutely. I will include that in the quote. You should receive it within 24 hours.",,
INT000164,C0209,Call,Inbound,2025-01-16 12:01:00,,"Customer: Hi, my policy POL00450 is coming up for renewal on 2025-12-16. What is the renewal premium? Agent: Good morning, Pankaj. Let me check. Your current premium is Rs. 11,646. With your NCB benefits, the renewal premium would be slightly lower. I will email you the exact quote. Customer: OK, and can I add zero-depreciation cover this time? Agent: Absolutely. I will include that in the quote. You should receive it within 24 hours.",,
INT000165,C0416,Email,Inbound,2024-10-04 18:28:00,,"Customer: I need to update the registration address on my policy POL00291. I moved from Delhi to Pune. Agent: Sure Manoj, I can help with that. I will need a copy of your new address proof. Customer: I will email it today. How long does the update take? Agent: Typically 2-3 working days after we receive the documents.",,
INT000166,C0241,Call,Inbound,2024-10-24 18:23:00,,"Customer: I need to update the registration address on my policy POL00647. I moved from Delhi to Pune. Agent: Sure Rohit, I can help with that. I will need a copy of your new address proof. Customer: I will email it today. How long does the update take? Agent: Typically 2-3 working days after we receive the documents.",,
INT000167,C0348,Call,Inbound,2025-05-22 14:14:00,,"Customer: I need to update the registration address on my policy POL00490. I moved from Delhi to Pune. Agent: Sure Ramesh, I can help with that. I will need a copy of your new address proof. Customer: I will email it today. How long does the update take? Agent: Typically 2-3 working days after we receive the documents.",,
INT000168,C0093,Call,Inbound,2025-03-31 17:12:00,,"Customer: I keep getting SMS reminders about overdue payments for policy POL00234. Agent: Yes Ananya, there are 2 pending payments of Rs. 1,080 total. Customer: Your auto-debit failed twice and now you are charging me late fees. This is your system error. Agent: Let me check the transaction logs. I can see the auto-debit attempts were declined by your bank. Customer: Fine, but waive the late fees at least. Otherwise I will let the policy lapse.",,
INT000169,C0447,Email,Inbound,2024-10-28 17:27:00,,"Customer: I need to update the registration address on my policy POL00759. I moved from Delhi to Pune. Agent: Sure Gaurav, I can help with that. I will need a copy of your new address proof. Customer: I will email it today. How long does the update take? Agent: Typically 2-3 working days after we receive the documents.",,
INT000170,C0438,Call,Inbound,2025-07-12 09:55:00,,"Customer: Hi, I have a question about my motor insurance policy POL00731. Agent: Of course, Rakesh. How can I help? Customer: Does my comprehensive plan cover windshield damage without affecting my NCB? Agent: Yes, windshield claims up to Rs. 5,000 are covered under the zero-depreciation add-on without impacting your No Claim Bonus. Customer: Perfect, good to know. Thanks.",,
INT000171,C0236,Call,Inbound,2024-11-20 17:13:00,,"Customer: I need to update the registration address on my policy POL00369. I moved from Delhi to Pune. Agent: Sure Anjali, I can help with that. I will need a copy of your new address proof. Customer: I will email it today. How long does the update take? Agent: Typically 2-3 working days after we receive the documents.",,
INT000172,C0333,Call,Inbound,2024-12-28 09:22:00,,"Customer: I need to update the registration address on my policy POL00465. I moved from Delhi to Pune. Agent: Sure Vishal, I can help with that. I will need a copy of your new address proof. Customer: I will email it today. How long does the update take? Agent: Typically 2-3 working days after we receive the documents.",,
INT000173,C0093,Email,Inbound,2024-12-30 13:25:00,,"Subject: Request to Cancel Policy POL00238 Dear Sir/Madam, I wish to cancel my motor insurance policy POL00238 for my Suzuki Access 125. My reasons are: 1. Premium of Rs. 3,080 is not competitive compared to other insurers. 2. Poor claim settlement experience. 3. Unresponsive customer service. Please process the cancellation and refund any applicable pro-rata premium. Regards, Ananya Pandey",,
INT000174,C0376,Call,Inbound,2024-12-12 09:44:00,,"Customer: I just wanted to call and say thank you. Meera R. helped me with my claim last week and the experience was excellent. Very professional. Agent: Thank you so much, Ananya. We really appreciate your kind words. Is there anything else? Customer: No, keep up the good work. I have already recommended SecureLife Motor Insurance to my colleagues.",,
INT000175,C0117,Email,Inbound,2025-05-28 17:59:00,,"Customer: Hi, I have a question about my motor insurance policy POL00688. Agent: Of course, Karan. How can I help? Customer: Does my comprehensive plan cover windshield damage without affecting my NCB? Agent: Yes, windshield claims up to Rs. 5,000 are covered under the zero-depreciation add-on without impacting your No Claim Bonus. Customer: Perfect, good to know. Thanks.",,
INT000176,C0054,Call,Inbound,2024-10-11 09:19:00,,"Customer: I received a quote from Bajaj Allianz for my Honda Activa 6G that is 20% cheaper than what I pay you. Agent: Rajesh, I understand price is important. Let me check if we have any loyalty discounts available for your policy POL00424. Your current premium is Rs. 2,660. Customer: Please do. If you cannot match it, I will have to switch. Agent: I will have our retention team call you back with the best possible offer within 48 hours.",,
INT000177,C0012,Call,Inbound,2025-08-26 11:58:00,,"Customer: I received a quote from Bajaj Allianz for my Hyundai i20 that is 20% cheaper than what I pay you. Agent: Manisha, I understand price is important. Let me check if we have any loyalty discounts available for your policy POL00067. Your current premium is Rs. 22,670. Customer: Please do. If you cannot match it, I will have to switch. Agent: I will have our retention team call you back with the best possible offer within 48 hours.",,
INT000178,C0136,Call,Inbound,2025-08-19 10:07:00,,"Customer: Hi, my policy POL00588 is coming up for renewal on 2025-12-14. What is the renewal premium? Agent: Good afternoon, Sai. Let me check. Your current premium is Rs. 1,860. With your NCB benefits, the renewal premium would be slightly lower. I will email you the exact quote. Customer: OK, and can I add zero-depreciation cover this time? Agent: Absolutely. I will include that in the quote. You should receive it within 24 hours.",,
INT000179,C0085,Call,Inbound,2025-05-16 11:35:00,,"Customer: I need to update the registration address on my policy POL00443. I moved from Delhi to Pune. Agent: Sure Anika, I can help with that. I will need a copy of your new address proof. Customer: I will email it today. How long does the update take? Agent: Typically 2-3 working days after we receive the documents.",,
INT000180,C0346,Call,Inbound,2025-01-18 12:33:00,,"Customer: I need to update the registration address on my policy POL00246. I moved from Delhi to Pune. Agent: Sure Anand, I can help with that. I will need a copy of your new address proof. Customer: I will email it today. How long does the update take? Agent: Typically 2-3 working days after we receive the documents.",,
INT000181,C0092,Call,Inbound,2024-12-03 12:20:00,,"Customer: I received a quote from Bajaj Allianz for my Hyundai i20 that is 20% cheaper than what I pay you. Agent: Komal, I understand price is important. Let me check if we have any loyalty discounts available for your policy POL00103. Your current premium is Rs. 18,350. Customer: Please do. If you cannot match it, I will have to switch. Agent: I will have our retention team call you back with the best possible offer within 48 hours.",,
INT000182,C0062,Call,Inbound,2024-10-06 09:59:00,,"Customer: I need to update the registration address on my policy POL00673. I moved from Delhi to Pune. Agent: Sure Priya, I can help with that. I will need a copy of your new address proof. Customer: I will email it today. How long does the update take? Agent: Typically 2-3 working days after we receive the documents.",,
INT000183,C0070,WhatsApp,Inbound,2025-05-25 16:16:00,,"Nisha: Hi, I need help with claim N/A. It was rejected and I disagree with the reason. Agent: Hello Nisha, I am sorry about this. Let me pull up your details. Nisha: The reason given is 'N/A' but that is wrong. My documents were complete. Agent: I understand. Let me escalate this for review. You will receive a callback within 24 hours. Nisha: Please make sure someone actually calls this time.",,
INT000184,C0432,Call,Inbound,2025-02-23 13:56:00,,"Customer: Hi, I have a question about my motor insurance policy POL00214. Agent: Of course, Aarush. How can I help? Customer: Does my comprehensive plan cover windshield damage without affecting my NCB? Agent: Yes, windshield claims up to Rs. 5,000 are covered under the zero-depreciation add-on without impacting your No Claim Bonus. Customer: Perfect, good to know. Thanks.",,
INT000185,C0097,Call,Inbound,2025-03-12 11:00:00,,"Agent: Hello, Neha J. from SecureLife Motor Insurance. Is this Sanjay? Customer: Yes, and I am very upset. My claim CLM00025 for Rs. 156,507 was rejected. Agent: I see the claim dated 2023-10-06 for Accident. Let me review it. Customer: Your surveyor gave a wrong report. Claim filed after the stipulated 48-hour reporting window - that is simply not true. Agent: I will escalate this to our senior claims officer for a re-evaluation. Customer: Do it fast. I am already talking to HDFC Ergo and Bajaj Allianz for quotes.",,
INT000186,C0478,Call,Inbound,2024-11-16 18:21:00,,"Customer: Hi, I have a question about my motor insurance policy POL00540. Agent: Of course, Anand. How can I help? Customer: Does my comprehensive plan cover windshield damage without affecting my NCB? Agent: Yes, windshield claims up to Rs. 5,000 are covered under the zero-depreciation add-on without impacting your No Claim Bonus. Customer: Perfect, good to know. Thanks.",,
INT000187,C0224,Email,Inbound,2025-07-26 15:28:00,,"Customer: Hi, my policy POL00008 is coming up for renewal on 2026-07-31. What is the renewal premium? Agent: Good evening, Krishna. Let me check. Your current premium is Rs. 1,840. With your NCB benefits, the renewal premium would be slightly lower. I will email you the exact quote. Customer: OK, and can I add zero-depreciation cover this time? Agent: Absolutely. I will include that in the quote. You should receive it within 24 hours.",,
INT000188,C0013,WhatsApp,Inbound,2025-04-24 17:22:00,,"Ramesh: Hi, I need help with claim N/A. It was rejected and I disagree with the reason. Agent: Hello Ramesh, I am sorry about this. Let me pull up your details. Ramesh: The reason given is 'N/A' but that is wrong. My documents were complete. Agent: I understand. Let me escalate this for review. You will receive a callback within 24 hours. Ramesh: Please make sure someone actually calls this time.",,
INT000189,C0047,Call,Inbound,2025-09-05 11:35:00,,"Customer: Hello, I would like to cancel policy POL00736 for my Yamaha FZ-S V3. Agent: Aarush, I am sorry to hear this. Can I understand what went wrong? Customer: I found much better rates with ICICI Lombard. Your premium of Rs. 2,810 is not competitive. Agent: We do have loyalty discounts and NCB benefits. Shall I check what we can offer? Customer: I already compared. Please just cancel it.",,
INT000190,C0093,Call,Inbound,2025-02-14 15:29:00,,"Customer: I keep getting SMS reminders about overdue payments for policy POL00234. Agent: Yes Ananya, there are 2 pending payments of Rs. 1,080 total. Customer: Your auto-debit failed twice and now you are charging me late fees. This is your system error. Agent: Let me check the transaction logs. I can see the auto-debit attempts were declined by your bank. Customer: Fine, but waive the late fees at least. Otherwise I will let the policy lapse.",,
INT000191,C0079,Call,Inbound,2025-06-21 10:33:00,,"Agent: Hello, Divya P. from SecureLife Motor Insurance. Is this Sai? Customer: Yes, and I am very upset. My claim CLM00123 for Rs. 139,002 was rejected. Agent: I see the claim dated 2025-09-09 for Theft. Let me review it. Customer: Your surveyor gave a wrong report. Incident occurred while driving under influence of alcohol - that is simply not true. Agent: I will escalate this to our senior claims officer for a re-evaluation. Customer: Do it fast. I am already talking to HDFC Ergo and Bajaj Allianz for quotes.",,
INT000192,C0104,WhatsApp,Inbound,2024-10-12 11:42:00,,"Aarav: Just received the claim settlement. Thank you! Very quick service this time. Agent: Glad to hear it, Aarav! Is there anything else you need help with? Aarav: No, all good. Will renew my policy next month.",,
INT000193,C0248,WhatsApp,Inbound,2025-07-15 18:07:00,,"Rajesh: Hi, I renewed my policy POL00410 online. Got the documents instantly. Great experience! Agent: Thank you Rajesh! Happy to hear the digital process worked well. Drive safe!",,
INT000194,C0480,Call,Inbound,2025-01-11 10:53:00,,"Customer: Hi, I have a question about my motor insurance policy POL00698. Agent: Of course, Shaurya. How can I help? Customer: Does my comprehensive plan cover windshield damage without affecting my NCB? Agent: Yes, windshield claims up to Rs. 5,000 are covered under the zero-depreciation add-on without impacting your No Claim Bonus. Customer: Perfect, good to know. Thanks.",,
INT000195,C0351,Call,Inbound,2025-08-09 18:35:00,,"Customer: Hi, I have a question about my motor insurance policy POL00212. Agent: Of course, Sai. How can I help? Customer: Does my comprehensive plan cover windshield damage without affecting my NCB? Agent: Yes, windshield claims up to Rs. 5,000 are covered under the zero-depreciation add-on without impacting your No Claim Bonus. Customer: Perfect, good to know. Thanks.",,
INT000196,C0073,Call,Inbound,2025-07-20 18:32:00,,"Customer: I need to update the registration address on my policy POL00102. I moved from Delhi to Pune. Agent: Sure Ishaan, I can help with that. I will need a copy of your new address proof. Customer: I will email it today. How long does the update take? Agent: Typically 2-3 working days after we receive the documents.",,
INT000197,C0250,Email,Inbound,2025-03-21 12:03:00,,"Customer: Hi, I have a question about my motor insurance policy POL00047. Agent: Of course, Navya. How can I help? Customer: Does my comprehensive plan cover windshield damage without affecting my NCB? Agent: Yes, windshield claims up to Rs. 5,000 are covered under the zero-depreciation add-on without impacting your No Claim Bonus. Customer: Perfect, good to know. Thanks.",,
INT000198,C0041,Email,Inbound,2025-01-05 12:35:00,,"Subject: Request to Cancel Policy POL00400 Dear Sir/Madam, I wish to cancel my motor insurance policy POL00400 for my Yamaha FZ-S V3. My reasons are: 1. Premium of Rs. 3,000 is not competitive compared to other insurers. 2. Poor claim settlement experience. 3. Unresponsive customer service. Please process the cancellation and refund any applicable pro-rata premium. Regards, Shivam Saxena",,
INT000199,C0314,Call,Inbound,2025-01-14 15:28:00,,"Customer: I need to update the registration address on my policy POL00038. I moved from Delhi to Pune. Agent: Sure Aarush, I can help with that. I will need a copy of your new address proof. Customer: I will email it today. How long does the update take? Agent: Typically 2-3 working days after we receive the documents.",,
INT000200,C0025,Call,Inbound,2024-10-13 16:43:00,,"Customer: I keep getting SMS reminders about overdue payments for policy POL00153. Agent: Yes Ravi, there are 1 pending payments of Rs. 31,810 total. Customer: Your auto-debit failed twice and now you are charging me late fees. This is your system error. Agent: Let me check the transaction logs. I can see the auto-debit attempts were declined by your bank. Customer: Fine, but waive the late fees at least. Otherwise I will let the policy lapse.",,
INT000201,C0081,Call,Inbound,2025-09-06 10:56:00,,"Customer: I received a quote from Bajaj Allianz for my Tata Ace Gold that is 20% cheaper than what I pay you. Agent: Anvi, I understand price is important. Let me check if we have any loyalty discounts available for your policy POL00608. Your current premium is Rs. 8,510. Customer: Please do. If you cannot match it, I will have to switch. Agent: I will have our retention team call you back with the best possible offer within 48 hours.",,
INT000202,C0071,Call,Inbound,2025-05-26 13:24:00,,"Customer: I received a quote from Bajaj Allianz for my Tata Punch that is 20% cheaper than what I pay you. Agent: Divya, I understand price is important. Let me check if we have any loyalty discounts available for your policy POL00534. Your current premium is Rs. 4,559. Customer: Please do. If you cannot match it, I will have to switch. Agent: I will have our retention team call you back with the best possible offer within 48 hours.",,
INT000203,C0070,Call,Inbound,2025-03-27 12:11:00,,"Agent: Good evening, this is Raj M. from SecureLife Motor Insurance. Am I speaking with Nisha? Customer: Yes. What is it? Agent: I am calling regarding your policy POL00431. We notice 1 overdue payment(s) totalling Rs. 430. Customer: I know, I have been having some financial difficulties. The premium of Rs. 1,720 is too high. Agent: I understand. We can discuss flexible payment options. Would you like to switch to quarterly payments? Customer: Maybe. But honestly I am thinking of not renewing at all. It is too expensive.",,
INT000204,C0071,Call,Inbound,2024-11-06 15:14:00,,"Customer: I received a quote from Bajaj Allianz for my Tata Punch that is 20% cheaper than what I pay you. Agent: Divya, I understand price is important. Let me check if we have any loyalty discounts available for your policy POL00534. Your current premium is Rs. 4,559. Customer: Please do. If you cannot match it, I will have to switch. Agent: I will have our retention team call you back with the best possible offer within 48 hours.",,
INT000205,C0005,Call,Inbound,2024-11-25 09:29:00,,"Customer: I need to update the registration address on my policy POL00014. I moved from Delhi to Pune. Agent: Sure Rahul, I can help with that. I will need a copy of your new address proof. Customer: I will email it today. How long does the update take? Agent: Typically 2-3 working days after we receive the documents.",,
INT000206,C0304,Call,Inbound,2025-07-24 10:16:00,,"Agent: Good morning, Aditya. This is Priya S. from SecureLife Motor Insurance. Your policy POL00514 for your Tata Punch is due for renewal on 2026-08-16. Would you like to renew? Customer: Yes, I am happy with the coverage. Please send me the renewal documents. Agent: Wonderful. I will process this right away. Thank you for continuing with us.",,
INT000207,C0052,Call,Inbound,2024-10-29 17:53:00,,"Customer: Hi, I have a question about my motor insurance policy POL00260. Agent: Of course, Manoj. How can I help? Customer: Does my comprehensive plan cover windshield damage without affecting my NCB? Agent: Yes, windshield claims up to Rs. 5,000 are covered under the zero-depreciation add-on without impacting your No Claim Bonus. Customer: Perfect, good to know. Thanks.",,
INT000208,C0054,Call,Inbound,2024-12-03 10:39:00,,"Agent: Good morning, this is Sameer T. from SecureLife Motor Insurance. Am I speaking with Rajesh? Customer: Yes. What is it? Agent: I am calling regarding your policy POL00424. We notice 1 overdue payment(s) totalling Rs. 1,330. Customer: I know, I have been having some financial difficulties. The premium of Rs. 2,660 is too high. Agent: I understand. We can discuss flexible payment options. Would you like to switch to quarterly payments? Customer: Maybe. But honestly I am thinking of not renewing at all. It is too expensive.",,
INT000209,C0083,WhatsApp,Inbound,2024-11-17 15:22:00,,"Shruti: Hi, I need help with claim CLM00144. It was rejected and I disagree with the reason. Agent: Hello Shruti, I am sorry about this. Let me pull up your details. Shruti: The reason given is 'Incomplete documentation: FIR copy missing' but that is wrong. My documents were complete. Agent: I understand. Let me escalate this for review. You will receive a callback within 24 hours. Shruti: Please make sure someone actually calls this time.",,
INT000210,C0015,Call,Inbound,2024-10-11 17:32:00,,"Customer: I received a quote from Bajaj Allianz for my Eicher Pro 2049 that is 20% cheaper than what I pay you. Agent: Suresh, I understand price is important. Let me check if we have any loyalty discounts available for your policy POL00420. Your current premium is Rs. 25,190. Customer: Please do. If you cannot match it, I will have to switch. Agent: I will have our retention team call you back with the best possible offer within 48 hours.",,
INT000211,C0073,Call,Inbound,2025-03-17 16:34:00,,"Agent: Hello, Meera R. from SecureLife Motor Insurance. Is this Ishaan? Customer: Yes, and I am very upset. My claim CLM00151 for Rs. 19,063 was rejected. Agent: I see the claim dated 2023-07-07 for Theft. Let me review it. Customer: Your surveyor gave a wrong report. Damage not covered under Third Party Only plan - that is simply not true. Agent: I will escalate this to our senior claims officer for a re-evaluation. Customer: Do it fast. I am already talking to HDFC Ergo and Bajaj Allianz for quotes.",,
INT000212,C0004,Call,Inbound,2025-05-05 09:10:00,,"Customer: I am comparing motor insurance and SecureLife Motor Insurance seems overpriced. ICICI Lombard and New India Assurance both quoted lower for the same coverage on my Hero Splendor Plus. Agent: Vivaan, our plans include benefits like 24x7 roadside assistance and cashless repairs at 5,000+ garages. But let me see what special rate I can offer for your renewal. Customer: OK, but the difference needs to be significant for me to stay.",,
INT000213,C0112,Call,Inbound,2025-01-18 15:13:00,,"Customer: Hi, I have a question about my motor insurance policy POL00546. Agent: Of course, Manisha. How can I help? Customer: Does my comprehensive plan cover windshield damage without affecting my NCB? Agent: Yes, windshield claims up to Rs. 5,000 are covered under the zero-depreciation add-on without impacting your No Claim Bonus. Customer: Perfect, good to know. Thanks.",,
INT000214,C0001,Email,Inbound,2025-07-01 10:23:00,,"Subject: Request to Cancel Policy POL00724 Dear Sir/Madam, I wish to cancel my motor insurance policy POL00724 for my Mahindra Bolero Pickup. My reasons are: 1. Premium of Rs. 21,890 is not competitive compared to other insurers. 2. Poor claim settlement experience. 3. Unresponsive customer service. Please process the cancellation and refund any applicable pro-rata premium. Regards, Aanya Bose",,
INT000215,C0066,Call,Inbound,2025-06-14 15:16:00,,"Customer: I keep getting SMS reminders about overdue payments for policy POL00764. Agent: Yes Kian, there are 6 pending payments of Rs. 11,185 total. Customer: Your auto-debit failed twice and now you are charging me late fees. This is your system error. Agent: Let me check the transaction logs. I can see the auto-debit attempts were declined by your bank. Customer: Fine, but waive the late fees at least. Otherwise I will let the policy lapse.",,
INT000216,C0431,Email,Inbound,2025-06-10 15:35:00,,"Customer: Hi, I have a question about my motor insurance policy POL00725. Agent: Of course, Preeti. How can I help? Customer: Does my comprehensive plan cover windshield damage without affecting my NCB? Agent: Yes, windshield claims up to Rs. 5,000 are covered under the zero-depreciation add-on without impacting your No Claim Bonus. Customer: Perfect, good to know. Thanks.",,
INT000217,C0493,Call,Inbound,2025-03-07 12:44:00,,"Customer: I just wanted to call and say thank you. Raj M. helped me with my claim last week and the experience was excellent. Very professional. Agent: Thank you so much, Diya. We really appreciate your kind words. Is there anything else? Customer: No, keep up the good work. I have already recommended SecureLife Motor Insurance to my colleagues.",,
INT000218,C0392,Email,Inbound,2025-01-24 09:24:00,,"Customer: Hi, my policy POL00753 is coming up for renewal on 2026-01-08. What is the renewal premium? Agent: Good morning, Ramesh. Let me check. Your current premium is Rs. 2,010. With your NCB benefits, the renewal premium would be slightly lower. I will email you the exact quote. Customer: OK, and can I add zero-depreciation cover this time? Agent: Absolutely. I will include that in the quote. You should receive it within 24 hours.",,
INT000219,C0029,Email,Inbound,2024-12-06 10:05:00,,"Subject: Request to Cancel Policy POL00256 Dear Sir/Madam, I wish to cancel my motor insurance policy POL00256 for my Tata Ace Gold. My reasons are: 1. Premium of Rs. 9,512 is not competitive compared to other insurers. 2. Poor claim settlement experience. 3. Unresponsive customer service. Please process the cancellation and refund any applicable pro-rata premium. Regards, Aadhya Mishra",,
INT000220,C0088,Call,Inbound,2024-12-28 10:28:00,,"Agent: Good morning, this is Raj M. from SecureLife Motor Insurance. Am I speaking with Manoj? Customer: Yes. What is it? Agent: I am calling regarding your policy POL00105. We notice 11 overdue payment(s) totalling Rs. 36,500. Customer: I know, I have been having some financial difficulties. The premium of Rs. 36,570 is too high. Agent: I understand. We can discuss flexible payment options. Would you like to switch to quarterly payments? Customer: Maybe. But honestly I am thinking of not renewing at all. It is too expensive.",,
INT000221,C0396,Call,Inbound,2024-12-07 16:57:00,,"Customer: I need to update the registration address on my policy POL00267. I moved from Delhi to Pune. Agent: Sure Rekha, I can help with that. I will need a copy of your new address proof. Customer: I will email it today. How long does the update take? Agent: Typically 2-3 working days after we receive the documents.",,
INT000222,C0079,Call,Inbound,2025-07-27 10:17:00,,"Customer: I keep getting SMS reminders about overdue payments for policy POL00428. Agent: Yes Sai, there are 2 pending payments of Rs. 12,185 total. Customer: Your auto-debit failed twice and now you are charging me late fees. This is your system error. Agent: Let me check the transaction logs. I can see the auto-debit attempts were declined by your bank. Customer: Fine, but waive the late fees at least. Otherwise I will let the policy lapse.",,
INT000223,C0210,Email,Inbound,2025-09-24 15:04:00,,"Customer: Hi, I have a question about my motor insurance policy POL00374. Agent: Of course, Pooja. How can I help? Customer: Does my comprehensive plan cover windshield damage without affecting my NCB? Agent: Yes, windshield claims up to Rs. 5,000 are covered under the zero-depreciation add-on without impacting your No Claim Bonus. Customer: Perfect, good to know. Thanks.",,
INT000224,C0324,Call,Inbound,2025-03-25 14:28:00,,"Customer: I need to update the registration address on my policy POL00419. I moved from Delhi to Pune. Agent: Sure Ritvik, I can help with that. I will need a copy of your new address proof. Customer: I will email it today. How long does the update take? Agent: Typically 2-3 working days after we receive the documents.",,
INT000225,C0382,Email,Inbound,2025-08-14 18:53:00,,"Subject: Thank you - Claim CLM00231 Settled Dear SecureLife Motor Insurance Team, I am writing to thank you for the prompt settlement of my claim CLM00231. The amount of Rs. 95,462 was credited to my account within the promised timeline. Special thanks to the surveyor and claims team for the professional handling. I will definitely continue with SecureLife Motor Insurance. Warm regards, Pooja Srivastava",,
INT000226,C0270,Call,Inbound,2025-01-16 10:27:00,,"Customer: Hi, my policy POL00665 is coming up for renewal on 2026-01-12. What is the renewal premium? Agent: Good evening, Aanya. Let me check. Your current premium is Rs. 33,250. With your NCB benefits, the renewal premium would be slightly lower. I will email you the exact quote. Customer: OK, and can I add zero-depreciation cover this time? Agent: Absolutely. I will include that in the quote. You should receive it within 24 hours.",,
INT000227,C0179,Call,Inbound,2025-02-25 10:51:00,,"Customer: Hi, my policy POL00583 is coming up for renewal on 2025-11-04. What is the renewal premium? Agent: Good evening, Anil. Let me check. Your current premium is Rs. 6,716. With your NCB benefits, the renewal premium would be slightly lower. I will email you the exact quote. Customer: OK, and can I add zero-depreciation cover this time? Agent: Absolutely. I will include that in the quote. You should receive it within 24 hours.",,
INT000228,C0040,Call,Inbound,2024-10-11 18:53:00,,"Customer: I am comparing motor insurance and SecureLife Motor Insurance seems overpriced. ICICI Lombard and New India Assurance both quoted lower for the same coverage on my Tata Punch. Agent: Riya, our plans include benefits like 24x7 roadside assistance and cashless repairs at 5,000+ garages. But let me see what special rate I can offer for your renewal. Customer: OK, but the difference needs to be significant for me to stay.",,
INT000229,C0061,Call,Inbound,2025-01-14 12:21:00,,"Customer: I keep getting SMS reminders about overdue payments for policy POL00782. Agent: Yes Ritvik, there are 2 pending payments of Rs. 4,779 total. Customer: Your auto-debit failed twice and now you are charging me late fees. This is your system error. Agent: Let me check the transaction logs. I can see the auto-debit attempts were declined by your bank. Customer: Fine, but waive the late fees at least. Otherwise I will let the policy lapse.",,
INT000230,C0463,Call,Inbound,2025-06-09 18:40:00,,"Customer: I need to update the registration address on my policy POL00381. I moved from Delhi to Pune. Agent: Sure Tanvi, I can help with that. I will need a copy of your new address proof. Customer: I will email it today. How long does the update take? Agent: Typically 2-3 working days after we receive the documents.",,
INT000231,C0042,WhatsApp,Inbound,2025-04-16 17:56:00,,"Pankaj: Hi, I need help with claim N/A. It was rejected and I disagree with the reason. Agent: Hello Pankaj, I am sorry about this. Let me pull up your details. Pankaj: The reason given is 'N/A' but that is wrong. My documents were complete. Agent: I understand. Let me escalate this for review. You will receive a callback within 24 hours. Pankaj: Please make sure someone actually calls this time.",,
INT000232,C0323,Call,Inbound,2025-03-05 09:07:00,,"Customer: Hi, my policy POL00166 is coming up for renewal on 2025-09-15. What is the renewal premium? Agent: Good evening, Pranav. Let me check. Your current premium is Rs. 41,730. With your NCB benefits, the renewal premium would be slightly lower. I will email you the exact quote. Customer: OK, and can I add zero-depreciation cover this time? Agent: Absolutely. I will include that in the quote. You should receive it within 24 hours.",,
INT000233,C0203,Call,Inbound,2025-04-19 12:06:00,,"Customer: I need to update the registration address on my policy POL00339. I moved from Delhi to Pune. Agent: Sure Deepa, I can help with that. I will need a copy of your new address proof. Customer: I will email it today. How long does the update take? Agent: Typically 2-3 working days after we receive the documents.",,
INT000234,C0028,WhatsApp,Inbound,2025-01-05 14:49:00,,"Ayaan: My policy POL00336 payment failed again. This is the third time. Agent: Sorry about that, Ayaan. Let me check what happened with the auto-debit. Ayaan: I have sufficient balance. Your system is broken. Fix it or I am switching. Agent: I will raise a technical ticket immediately. In the meantime, here is a direct payment link.",,
INT000235,C0024,Call,Inbound,2025-09-12 17:47:00,,"Customer: I need to update the registration address on my policy POL00692. I moved from Delhi to Pune. Agent: Sure Varun, I can help with that. I will need a copy of your new address proof. Customer: I will email it today. How long does the update take? Agent: Typically 2-3 working days after we receive the documents.",,
INT000236,C0444,Call,Inbound,2025-02-26 15:32:00,,"Customer: Hi, I have a question about my motor insurance policy POL00589. Agent: Of course, Krishna. How can I help? Customer: Does my comprehensive plan cover windshield damage without affecting my NCB? Agent: Yes, windshield claims up to Rs. 5,000 are covered under the zero-depreciation add-on without impacting your No Claim Bonus. Customer: Perfect, good to know. Thanks.",,
INT000237,C0027,Call,Inbound,2025-07-29 16:42:00,,"Customer: Hi, I have a question about my motor insurance policy POL00194. Agent: Of course, Pankaj. How can I help? Customer: Does my comprehensive plan cover windshield damage without affecting my NCB? Agent: Yes, windshield claims up to Rs. 5,000 are covered under the zero-depreciation add-on without impacting your No Claim Bonus. Customer: Perfect, good to know. Thanks.",,
INT000238,C0038,Call,Inbound,2025-08-11 18:33:00,,"Customer: Hello, I would like to cancel policy POL00210 for my Tata Ace Gold. Agent: Shivam, I am sorry to hear this. Can I understand what went wrong? Customer: I found much better rates with ICICI Lombard. Your premium of Rs. 5,948 is not competitive. Agent: We do have loyalty discounts and NCB benefits. Shall I check what we can offer? Customer: I already compared. Please just cancel it.",,
INT000239,C0430,Call,Outbound,2025-02-18 14:19:00,,"Agent: Good morning, Vikram. This is Raj M. from SecureLife Motor Insurance. I am calling to remind you that your premium payment of Rs. 4,678 for policy POL00471 was due recently. Would you like to make the payment now? Customer: Oh yes, I forgot. Can I pay through UPI right now? Agent: Absolutely. I will send you a payment link on WhatsApp. The payment is Rs. 4,678. Customer: Got it. Let me pay now. Done. Agent: Payment received. Thank you, Vikram. Your policy remains active.",,
INT000240,C0049,Email,Inbound,2024-12-19 13:09:00,,"Subject: Disappointed with Claim Service - Policy POL00706 Dear SecureLife Motor Insurance Team, This is regarding my pending claim CLM00074 for Theft. It has been several weeks since I filed the claim for Rs. 411,354 and I have received no proper update. My Kia Sonet is still at the garage and I am bearing daily commute expenses. I have been a loyal customer but this experience has been very poor. Please expedite the resolution. Regards, Dinesh Nair",,
INT000241,C0343,Call,Inbound,2025-02-16 15:22:00,,"Customer: Hi, I just received the settlement for claim CLM00045. Rs. 1,693 credited. Agent: Yes Tanvi, glad to confirm. Your Windshield Damage claim has been fully processed. Customer: Excellent. I appreciate the quick turnaround. Will definitely renew my policy.",,
INT000242,C0481,WhatsApp,Inbound,2025-04-09 15:17:00,,"Sanjay: Just received the claim settlement. Thank you! Very quick service this time. Agent: Glad to hear it, Sanjay! Is there anything else you need help with? Sanjay: No, all good. Will renew my policy next month.",,
INT000243,C0074,Call,Inbound,2024-10-02 10:57:00,,"Agent: Good evening, this is Rohit B. calling from SecureLife Motor Insurance. May I speak with Deepa? Customer: Speaking. Look, I have called three times about claim CLM00238. Nobody helps me. Agent: I sincerely apologise for the experience. Your claim for Rs. 138,114 shows: Incident occurred while driving under influence of alcohol. Customer: My Tata Nexon is sitting in the garage for weeks. I need this resolved now or I am cancelling everything.",,
INT000244,C0005,Email,Inbound,2025-01-11 11:24:00,,"Subject: Formal Complaint - Claim CLM00040 Wrongly Rejected Dear Sir/Madam, I am writing to formally complain about the rejection of my motor insurance claim CLM00040 dated 2024-03-16. The claim was for Rs. 343,263 due to Natural Disaster. The rejection reason given was: Pre-existing damage detected during surveyor inspection. I find this unacceptable as all required documents including the FIR copy, photographs, and repair estimate were submitted within the stipulated timeframe. I demand an immediate review. If not resolved within 7 working days, I will file a complaint with the Insurance Ombudsman and IRDAI. Policy: POL00125 Claim: CLM00040 Regards, Rahul Patel",,
INT000245,C0342,Call,Inbound,2025-06-28 18:37:00,,"Customer: Hi, I renewed my policy POL00563 online and the process was very smooth. Just wanted to give positive feedback. Agent: Thank you, Dhruv! We are glad the digital renewal worked well for you. Customer: Yes, much better than last year. The app has improved a lot.",,
INT000246,C0019,Call,Inbound,2024-11-25 11:49:00,,"Customer: I need to update the registration address on my policy POL00733. I moved from Delhi to Pune. Agent: Sure Sara, I can help with that. I will need a copy of your new address proof. Customer: I will email it today. How long does the update take? Agent: Typically 2-3 working days after we receive the documents.",,
INT000247,C0045,Call,Inbound,2025-08-26 17:50:00,,"Agent: Good afternoon, this is Rohit B. from SecureLife Motor Insurance. Am I speaking with Komal? Customer: Yes. What is it? Agent: I am calling regarding your policy POL00311. We notice 1 overdue payment(s) totalling Rs. 5,978. Customer: I know, I have been having some financial difficulties. The premium of Rs. 5,978 is too high. Agent: I understand. We can discuss flexible payment options. Would you like to switch to quarterly payments? Customer: Maybe. But honestly I am thinking of not renewing at all. It is too expensive.",,
INT000248,C0312,WhatsApp,Inbound,2025-05-08 11:18:00,,"Deepak: Just received the claim settlement. Thank you! Very quick service this time. Agent: Glad to hear it, Deepak! Is there anything else you need help with? Deepak: No, all good. Will renew my policy next month.",,
INT000249,C0055,Email,Inbound,2025-04-28 17:34:00,,"Subject: Formal Complaint - Claim CLM00160 Wrongly Rejected Dear Sir/Madam, I am writing to formally complain about the rejection of my motor insurance claim CLM00160 dated 2024-01-16. The claim was for Rs. 12,334 due to Roadside Assistance. The rejection reason given was: Repairs done at unauthorized garage without prior approval. I find this unacceptable as all required documents including the FIR copy, photographs, and repair estimate were submitted within the stipulated timeframe. I demand an immediate review. If not resolved within 7 working days, I will file a complaint with the Insurance Ombudsman and IRDAI. Policy: POL00769 Claim: CLM00160 Regards, Mohit Pillai",,
INT000250,C0488,Email,Inbound,2024-11-19 13:46:00,,"Agent: Good afternoon, Dhruv. This is Neha J. from SecureLife Motor Insurance. Your policy POL00527 for your Toyota Innova Crysta is due for renewal on 2026-07-23. Would you like to renew? Customer: Yes, I am happy with the coverage. Please send me the renewal documents. Agent: Wonderful. I will process this right away. Thank you for continuing with us.",,
INT000251,C0056,Call,Inbound,2024-11-15 11:35:00,,"Customer: I keep getting SMS reminders about overdue payments for policy POL00508. Agent: Yes Ajay, there are 2 pending payments of Rs. 64,870 total. Customer: Your auto-debit failed twice and now you are charging me late fees. This is your system error. Agent: Let me check the transaction logs. I can see the auto-debit attempts were declined by your bank. Customer: Fine, but waive the late fees at least. Otherwise I will let the policy lapse.",,
INT000252,C0003,Call,Inbound,2024-12-16 17:51:00,,"Agent: Good afternoon, this is Rohit B. from SecureLife Motor Insurance. Am I speaking with Anjali? Customer: Yes. I want to know why my claim CLM00094 was rejected. Agent: Let me check. The claim was filed on 2025-09-09 for Rs. 28,998 regarding Accident. Customer: I submitted every document you asked for. The rejection reason makes no sense. Agent: The noted reason is: Claim amount exceeds the Insured Declared Value (IDV). I understand this is frustrating. Customer: Frustrating? This is unacceptable. I will escalate to IRDAI if this is not reversed within a week.",,
INT000253,C0192,Call,Inbound,2025-05-06 14:13:00,,"Agent: Good afternoon, Ishaan. This is Rohit B. from SecureLife Motor Insurance. Your policy POL00235 for your Honda Activa 6G is due for renewal on 2026-08-20. Would you like to renew? Customer: Yes, I am happy with the coverage. Please send me the renewal documents. Agent: Wonderful. I will process this right away. Thank you for continuing with us.",,
INT000254,C0013,Call,Inbound,2025-09-26 09:48:00,,"Agent: Good evening, this is Neha J. from SecureLife Motor Insurance. Am I speaking with Ramesh? Customer: Yes. What is it? Agent: I am calling regarding your policy POL00197. We notice 5 overdue payment(s) totalling Rs. 24,120. Customer: I know, I have been having some financial difficulties. The premium of Rs. 20,880 is too high. Agent: I understand. We can discuss flexible payment options. Would you like to switch to quarterly payments? Customer: Maybe. But honestly I am thinking of not renewing at all. It is too expensive.",,
INT000255,C0302,Call,Inbound,2024-10-22 15:33:00,,"Agent: Good evening, Shruti. This is Divya P. from SecureLife Motor Insurance. Your policy POL00096 for your Maruti Suzuki Brezza is due for renewal on 2025-12-02. Would you like to renew? Customer: Yes, I am happy with the coverage. Please send me the renewal documents. Agent: Wonderful. I will process this right away. Thank you for continuing with us.",,
INT000256,C0221,Call,Inbound,2025-02-19 18:03:00,,"Customer: Hi, my policy POL00353 is coming up for renewal on 2025-04-18. What is the renewal premium? Agent: Good afternoon, Diya. Let me check. Your current premium is Rs. 51,060. With your NCB benefits, the renewal premium would be slightly lower. I will email you the exact quote. Customer: OK, and can I add zero-depreciation cover this time? Agent: Absolutely. I will include that in the quote. You should receive it within 24 hours.",,
INT000257,C0034,Call,Inbound,2025-02-11 10:21:00,,"Customer: I keep getting SMS reminders about overdue payments for policy POL00633. Agent: Yes Kiara, there are 5 pending payments of Rs. 31,565 total. Customer: Your auto-debit failed twice and now you are charging me late fees. This is your system error. Agent: Let me check the transaction logs. I can see the auto-debit attempts were declined by your bank. Customer: Fine, but waive the late fees at least. Otherwise I will let the policy lapse.",,
INT000258,C0425,Email,Inbound,2025-09-18 10:24:00,,"Agent: Good morning, Smita. This is Sameer T. from SecureLife Motor Insurance. Your policy POL00154 for your Hero Glamour is due for renewal on 2026-07-20. Would you like to renew? Customer: Yes, I am happy with the coverage. Please send me the renewal documents. Agent: Wonderful. I will process this right away. Thank you for continuing with us.",,
INT000259,C0150,Call,Inbound,2025-03-24 18:56:00,,"Customer: Hi, my policy POL00492 is coming up for renewal on 2026-01-30. What is the renewal premium? Agent: Good evening, Nikhil. Let me check. Your current premium is Rs. 939. With your NCB benefits, the renewal premium would be slightly lower. I will email you the exact quote. Customer: OK, and can I add zero-depreciation cover this time? Agent: Absolutely. I will include that in the quote. You should receive it within 24 hours.",,
INT000260,C0223,WhatsApp,Inbound,2024-11-02 14:50:00,,"Naveen: Just received the claim settlement. Thank you! Very quick service this time. Agent: Glad to hear it, Naveen! Is there anything else you need help with? Naveen: No, all good. Will renew my policy next month.",,
INT000261,C0439,Email,Inbound,2025-08-23 16:53:00,,"Agent: Good morning, Deepak. This is Divya P. from SecureLife Motor Insurance. Your policy POL00308 for your Tata Punch is due for renewal on 2026-05-10. Would you like to renew? Customer: Yes, I am happy with the coverage. Please send me the renewal documents. Agent: Wonderful. I will process this right away. Thank you for continuing with us.",,
INT000262,C0301,Call,Outbound,2025-08-31 12:34:00,,"Agent: Hello Aarohi, this is a courtesy call from SecureLife Motor Insurance. Your policy POL00402 has an upcoming payment. We wanted to ensure there are no issues with your auto-debit setup. Customer: Thanks for checking. I changed my bank account recently. Let me update the auto-debit mandate. Agent: I can help you with that right now if you have your new bank details handy.",,
INT000263,C0091,Call,Inbound,2024-11-10 15:48:00,,"Agent: Good evening, this is Divya P. from SecureLife Motor Insurance. Am I speaking with Pallavi? Customer: Yes. What is it? Agent: I am calling regarding your policy POL00063. We notice 3 overdue payment(s) totalling Rs. 3,645. Customer: I know, I have been having some financial difficulties. The premium of Rs. 2,700 is too high. Agent: I understand. We can discuss flexible payment options. Would you like to switch to quarterly payments? Customer: Maybe. But honestly I am thinking of not renewing at all. It is too expensive.",,
INT000264,C0265,Email,Inbound,2025-06-20 14:32:00,,"Customer: I need to update the registration address on my policy POL00137. I moved from Delhi to Pune. Agent: Sure Atharv, I can help with that. I will need a copy of your new address proof. Customer: I will email it today. How long does the update take? Agent: Typically 2-3 working days after we receive the documents.",,
INT000265,C0010,Call,Inbound,2024-11-25 14:05:00,,"Customer: I keep getting SMS reminders about overdue payments for policy POL00758. Agent: Yes Mohit, there are 2 pending payments of Rs. 83,720 total. Customer: Your auto-debit failed twice and now you are charging me late fees. This is your system error. Agent: Let me check the transaction logs. I can see the auto-debit attempts were declined by your bank. Customer: Fine, but waive the late fees at least. Otherwise I will let the policy lapse.",,
INT000266,C0313,Call,Inbound,2024-10-01 16:29:00,,"Customer: I just wanted to call and say thank you. Neha J. helped me with my claim last week and the experience was excellent. Very professional. Agent: Thank you so much, Ashok. We really appreciate your kind words. Is there anything else? Customer: No, keep up the good work. I have already recommended SecureLife Motor Insurance to my colleagues.",,
INT000267,C0193,Call,Inbound,2025-09-02 12:47:00,,"Customer: I just wanted to call and say thank you. Sameer T. helped me with my claim last week and the experience was excellent. Very professional. Agent: Thank you so much, Mohit. We really appreciate your kind words. Is there anything else? Customer: No, keep up the good work. I have already recommended SecureLife Motor Insurance to my colleagues.",,
INT000268,C0130,Call,Inbound,2025-05-26 12:06:00,,"Customer: I need to update the registration address on my policy POL00716. I moved from Delhi to Pune. Agent: Sure Aarav, I can help with that. I will need a copy of your new address proof. Customer: I will email it today. How long does the update take? Agent: Typically 2-3 working days after we receive the documents.",,
INT000269,C0346,Call,Inbound,2024-09-28 09:28:00,,"Customer: Hi, I renewed my policy POL00246 online and the process was very smooth. Just wanted to give positive feedback. Agent: Thank you, Anand! We are glad the digital renewal worked well for you. Customer: Yes, much better than last year. The app has improved a lot.",,
INT000270,C0430,Call,Inbound,2024-10-18 15:56:00,,"Customer: Hi, I have a question about my motor insurance policy POL00471. Agent: Of course, Vikram. How can I help? Customer: Does my comprehensive plan cover windshield damage without affecting my NCB? Agent: Yes, windshield claims up to Rs. 5,000 are covered under the zero-depreciation add-on without impacting your No Claim Bonus. Customer: Perfect, good to know. Thanks.",,
INT000271,C0032,Call,Inbound,2025-01-18 13:50:00,,"Customer: I am comparing motor insurance and SecureLife Motor Insurance seems overpriced. ICICI Lombard and New India Assurance both quoted lower for the same coverage on my Mahindra Bolero Pickup. Agent: Dinesh, our plans include benefits like 24x7 roadside assistance and cashless repairs at 5,000+ garages. But let me see what special rate I can offer for your renewal. Customer: OK, but the difference needs to be significant for me to stay.",,
INT000272,C0396,Call,Inbound,2025-07-20 18:22:00,,"Customer: I need to update the registration address on my policy POL00267. I moved from Delhi to Pune. Agent: Sure Rekha, I can help with that. I will need a copy of your new address proof. Customer: I will email it today. How long does the update take? Agent: Typically 2-3 working days after we receive the documents.",,
INT000273,C0229,Call,Inbound,2024-12-17 16:18:00,,"Agent: Good afternoon, Sai. This is Anita G. from SecureLife Motor Insurance. Your policy POL00100 for your Hyundai i20 is due for renewal on 2026-08-21. Would you like to renew? Customer: Yes, I am happy with the coverage. Please send me the renewal documents. Agent: Wonderful. I will process this right away. Thank you for continuing with us.",,
INT000274,C0020,Call,Inbound,2025-06-18 13:05:00,,"Customer: I am comparing motor insurance and SecureLife Motor Insurance seems overpriced. ICICI Lombard and New India Assurance both quoted lower for the same coverage on my TVS Apache RTR 160. Agent: Deepak, our plans include benefits like 24x7 roadside assistance and cashless repairs at 5,000+ garages. But let me see what special rate I can offer for your renewal. Customer: OK, but the difference needs to be significant for me to stay.",,
INT000275,C0097,Call,Inbound,2024-12-10 13:47:00,,"Customer: Hi, my policy POL00506 is coming up for renewal on 2026-08-02. What is the renewal premium? Agent: Good evening, Sanjay. Let me check. Your current premium is Rs. 1,083. With your NCB benefits, the renewal premium would be slightly lower. I will email you the exact quote. Customer: OK, and can I add zero-depreciation cover this time? Agent: Absolutely. I will include that in the quote. You should receive it within 24 hours.",,
INT000276,C0053,Call,Inbound,2025-04-06 12:33:00,,"Customer: I am comparing motor insurance and SecureLife Motor Insurance seems overpriced. ICICI Lombard and New India Assurance both quoted lower for the same coverage on my Maruti Suzuki Swift. Agent: Ritvik, our plans include benefits like 24x7 roadside assistance and cashless repairs at 5,000+ garages. But let me see what special rate I can offer for your renewal. Customer: OK, but the difference needs to be significant for me to stay.",,
INT000277,C0410,Call,Inbound,2025-09-12 09:55:00,,"Agent: Good afternoon, Avni. This is Meera R. from SecureLife Motor Insurance. Your policy POL00398 for your Bajaj Pulsar 150 is due for renewal on 2026-03-08. Would you like to renew? Customer: Yes, I am happy with the coverage. Please send me the renewal documents. Agent: Wonderful. I will process this right away. Thank you for continuing with us.",,
INT000278,C0134,WhatsApp,Inbound,2025-05-26 13:37:00,,"Amit: Just received the claim settlement. Thank you! Very quick service this time. Agent: Glad to hear it, Amit! Is there anything else you need help with? Amit: No, all good. Will renew my policy next month.",,
INT000279,C0341,Call,Outbound,2025-04-21 10:05:00,,"Agent: Hello Manisha, this is a courtesy call from SecureLife Motor Insurance. Your policy POL00132 has an upcoming payment. We wanted to ensure there are no issues with your auto-debit setup. Customer: Thanks for checking. I changed my bank account recently. Let me update the auto-debit mandate. Agent: I can help you with that right now if you have your new bank details handy.",,
INT000280,C0350,Call,Inbound,2025-04-22 13:30:00,,"Customer: Hi, I have a question about my motor insurance policy POL00745. Agent: Of course, Pankaj. How can I help? Customer: Does my comprehensive plan cover windshield damage without affecting my NCB? Agent: Yes, windshield claims up to Rs. 5,000 are covered under the zero-depreciation add-on without impacting your No Claim Bonus. Customer: Perfect, good to know. Thanks.",,
INT000281,C0473,Email,Inbound,2025-05-08 16:46:00,,"Customer: Hi, I have a question about my motor insurance policy POL00472. Agent: Of course, Pooja. How can I help? Customer: Does my comprehensive plan cover windshield damage without affecting my NCB? Agent: Yes, windshield claims up to Rs. 5,000 are covered under the zero-depreciation add-on without impacting your No Claim Bonus. Customer: Perfect, good to know. Thanks.",,
INT000282,C0205,Call,Outbound,2024-09-29 11:23:00,,"Agent: Hello Myra, this is a courtesy call from SecureLife Motor Insurance. Your policy POL00325 has an upcoming payment. We wanted to ensure there are no issues with your auto-debit setup. Customer: Thanks for checking. I changed my bank account recently. Let me update the auto-debit mandate. Agent: I can help you with that right now if you have your new bank details handy.",,
INT000283,C0308,WhatsApp,Inbound,2024-10-04 12:44:00,,"Arjun: Just received the claim settlement. Thank you! Very quick service this time. Agent: Glad to hear it, Arjun! Is there anything else you need help with? Arjun: No, all good. Will renew my policy next month.",,
INT000284,C0094,Call,Inbound,2025-05-09 16:43:00,,"Customer: Hello, I would like to cancel policy POL00163 for my Tata Punch. Agent: Smita, I am sorry to hear this. Can I understand what went wrong? Customer: I found much better rates with ICICI Lombard. Your premium of Rs. 3,703 is not competitive. Agent: We do have loyalty discounts and NCB benefits. Shall I check what we can offer? Customer: I already compared. Please just cancel it.",,
INT000285,C0069,Call,Inbound,2025-08-25 12:56:00,,"Customer: Hello, I would like to cancel policy POL00387 for my Maruti Suzuki Brezza. Agent: Sanjay, I am sorry to hear this. Can I understand what went wrong? Customer: I found much better rates with ICICI Lombard. Your premium of Rs. 3,734 is not competitive. Agent: We do have loyalty discounts and NCB benefits. Shall I check what we can offer? Customer: I already compared. Please just cancel it.",,
INT000286,C0050,Call,Inbound,2025-05-22 16:46:00,,"Customer: I want to cancel my policy POL00007 immediately. Agent: I am sorry to hear that, Amit. May I ask the reason? Customer: Your claim service is terrible. My claim CLM00108 was rejected unfairly, I have overdue payment issues, and nobody follows up. I am done with SecureLife Motor Insurance. Agent: I understand your frustration. Let me connect you with our retention team who can review your concerns and possibly offer a resolution. Customer: I have given enough chances. Just process the cancellation.",,
INT000287,C0174,Call,Inbound,2025-05-07 10:01:00,,"Agent: Good afternoon, Kabir. This is Raj M. from SecureLife Motor Insurance. Your policy POL00388 for your Maruti Suzuki Baleno is due for renewal on 2026-08-10. Would you like to renew? Customer: Yes, I am happy with the coverage. Please send me the renewal documents. Agent: Wonderful. I will process this right away. Thank you for continuing with us.",,
INT000288,C0383,Call,Inbound,2024-12-27 15:26:00,,"Customer: Hi, I have a question about my motor insurance policy POL00756. Agent: Of course, Vikram. How can I help? Customer: Does my comprehensive plan cover windshield damage without affecting my NCB? Agent: Yes, windshield claims up to Rs. 5,000 are covered under the zero-depreciation add-on without impacting your No Claim Bonus. Customer: Perfect, good to know. Thanks.",,
INT000289,C0064,Call,Inbound,2024-10-18 12:00:00,,"Agent: Good morning, this is Sameer T. calling from SecureLife Motor Insurance. May I speak with Diya? Customer: Speaking. Look, I have called three times about claim CLM00200. Nobody helps me. Agent: I sincerely apologise for the experience. Your claim for Rs. 13,711 shows: Claim filed after the stipulated 48-hour reporting window. Customer: My Tata Ace Gold is sitting in the garage for weeks. I need this resolved now or I am cancelling everything.",,
INT000290,C0066,WhatsApp,Inbound,2025-04-03 12:39:00,,"Kian: Hi, I need help with claim N/A. It was rejected and I disagree with the reason. Agent: Hello Kian, I am sorry about this. Let me pull up your details. Kian: The reason given is 'N/A' but that is wrong. My documents were complete. Agent: I understand. Let me escalate this for review. You will receive a callback within 24 hours. Kian: Please make sure someone actually calls this time.",,
INT000291,C0398,Email,Inbound,2024-11-14 18:03:00,,"Customer: I need to update the registration address on my policy POL00350. I moved from Delhi to Pune. Agent: Sure Shaurya, I can help with that. I will need a copy of your new address proof. Customer: I will email it today. How long does the update take? Agent: Typically 2-3 working days after we receive the documents.",,
INT000292,C0268,Call,Inbound,2025-03-28 17:53:00,,"Agent: Good afternoon, Ajay. This is Neha J. from SecureLife Motor Insurance. Your policy POL00124 for your Kia Sonet is due for renewal on 2025-08-04. Would you like to renew? Customer: Yes, I am happy with the coverage. Please send me the renewal documents. Agent: Wonderful. I will process this right away. Thank you for continuing with us.",,
INT000293,C0444,Call,Inbound,2025-08-10 18:14:00,,"Customer: Hi, I have a question about my motor insurance policy POL00589. Agent: Of course, Krishna. How can I help? Customer: Does my comprehensive plan cover windshield damage without affecting my NCB? Agent: Yes, windshield claims up to Rs. 5,000 are covered under the zero-depreciation add-on without impacting your No Claim Bonus. Customer: Perfect, good to know. Thanks.",,
INT000294,C0098,Call,Inbound,2025-03-15 12:16:00,,"Customer: Hello, I would like to cancel policy POL00025 for my Bajaj Pulsar 150. Agent: Vikram, I am sorry to hear this. Can I understand what went wrong? Customer: I found much better rates with ICICI Lombard. Your premium of Rs. 2,890 is not competitive. Agent: We do have loyalty discounts and NCB benefits. Shall I check what we can offer? Customer: I already compared. Please just cancel it.",,
INT000295,C0078,Email,Inbound,2025-09-02 18:47:00,,"Subject: Request to Cancel Policy POL00107 Dear Sir/Madam, I wish to cancel my motor insurance policy POL00107 for my Royal Enfield Classic 350. My reasons are: 1. Premium of Rs. 3,930 is not competitive compared to other insurers. 2. Poor claim settlement experience. 3. Unresponsive customer service. Please process the cancellation and refund any applicable pro-rata premium. Regards, Komal Yadav",,
INT000296,C0089,WhatsApp,Inbound,2025-04-30 15:05:00,,"Naveen: Hi, I need help with claim N/A. It was rejected and I disagree with the reason. Agent: Hello Naveen, I am sorry about this. Let me pull up your details. Naveen: The reason given is 'N/A' but that is wrong. My documents were complete. Agent: I understand. Let me escalate this for review. You will receive a callback within 24 hours. Naveen: Please make sure someone actually calls this time.",,
INT000297,C0011,Call,Inbound,2025-06-06 09:12:00,,"Customer: I am comparing motor insurance and SecureLife Motor Insurance seems overpriced. ICICI Lombard and New India Assurance both quoted lower for the same coverage on my Maruti Suzuki Brezza. Agent: Zara, our plans include benefits like 24x7 roadside assistance and cashless repairs at 5,000+ garages. But let me see what special rate I can offer for your renewal. Customer: OK, but the difference needs to be significant for me to stay.",,
INT000298,C0040,Call,Inbound,2025-09-04 18:56:00,,"Agent: Good evening, this is Arun K. from SecureLife Motor Insurance. Am I speaking with Riya? Customer: Yes. What is it? Agent: I am calling regarding your policy POL00670. We notice 5 overdue payment(s) totalling Rs. 20,351. Customer: I know, I have been having some financial difficulties. The premium of Rs. 3,509 is too high. Agent: I understand. We can discuss flexible payment options. Would you like to switch to quarterly payments? Customer: Maybe. But honestly I am thinking of not renewing at all. It is too expensive.",,
INT000299,C0185,Email,Inbound,2025-04-15 13:07:00,,"Customer: I need to update the registration address on my policy POL00661. I moved from Delhi to Pune. Agent: Sure Mohit, I can help with that. I will need a copy of your new address proof. Customer: I will email it today. How long does the update take? Agent: Typically 2-3 working days after we receive the documents.",,
INT000300,C0380,Call,Inbound,2025-04-07 11:03:00,,"Customer: Hi, I renewed my policy POL00565 online and the process was very smooth. Just wanted to give positive feedback. Agent: Thank you, Mohit! We are glad the digital renewal worked well for you. Customer: Yes, much better than last year. The app has improved a lot.",,
INT000301,C0351,Call,Inbound,2024-11-04 15:44:00,,"Agent: Good morning, Sai. This is Anita G. from SecureLife Motor Insurance. Your policy POL00212 for your Kia Sonet is due for renewal on 2025-10-26. Would you like to renew? Customer: Yes, I am happy with the coverage. Please send me the renewal documents. Agent: Wonderful. I will process this right away. Thank you for continuing with us.",,
INT000302,C0009,Call,Inbound,2025-07-22 10:25:00,,"Agent: Good evening, Shivam. This is Meera R. from SecureLife Motor Insurance. Your policy POL00121 for your Tata Nexon is due for renewal on 2025-06-19. Would you like to renew? Customer: Yes, I am happy with the coverage. Please send me the renewal documents. Agent: Wonderful. I will process this right away. Thank you for continuing with us.",,
INT000303,C0214,Call,Inbound,2025-07-03 15:53:00,,"Customer: Hi, I renewed my policy POL00364 online and the process was very smooth. Just wanted to give positive feedback. Agent: Thank you, Shruti! We are glad the digital renewal worked well for you. Customer: Yes, much better than last year. The app has improved a lot.",,
INT000304,C0399,Call,Outbound,2025-01-17 18:51:00,,"Agent: Hello Aarush, this is a courtesy call from SecureLife Motor Insurance. Your policy POL00269 has an upcoming payment. We wanted to ensure there are no issues with your auto-debit setup. Customer: Thanks for checking. I changed my bank account recently. Let me update the auto-debit mandate. Agent: I can help you with that right now if you have your new bank details handy.",,
INT000305,C0045,Call,Inbound,2025-01-19 11:48:00,,"Customer: I keep getting SMS reminders about overdue payments for policy POL00311. Agent: Yes Komal, there are 1 pending payments of Rs. 5,978 total. Customer: Your auto-debit failed twice and now you are charging me late fees. This is your system error. Agent: Let me check the transaction logs. I can see the auto-debit attempts were declined by your bank. Customer: Fine, but waive the late fees at least. Otherwise I will let the policy lapse.",,
INT000306,C0081,Call,Inbound,2024-11-02 16:58:00,,"Agent: Good morning, this is Meera R. from SecureLife Motor Insurance. Am I speaking with Anvi? Customer: Yes. What is it? Agent: I am calling regarding your policy POL00644. We notice 2 overdue payment(s) totalling Rs. 17,020. Customer: I know, I have been having some financial difficulties. The premium of Rs. 38,790 is too high. Agent: I understand. We can discuss flexible payment options. Would you like to switch to quarterly payments? Customer: Maybe. But honestly I am thinking of not renewing at all. It is too expensive.",,
INT000307,C0287,Call,Inbound,2025-07-16 18:22:00,,"Customer: Hi, I have a question about my motor insurance policy POL00558. Agent: Of course, Ramesh. How can I help? Customer: Does my comprehensive plan cover windshield damage without affecting my NCB? Agent: Yes, windshield claims up to Rs. 5,000 are covered under the zero-depreciation add-on without impacting your No Claim Bonus. Customer: Perfect, good to know. Thanks.",,
INT000308,C0043,Call,Inbound,2025-09-20 15:02:00,,"Agent: Good evening, Ishaan. This is Meera R. from SecureLife Motor Insurance. Your policy POL00201 for your Mahindra Bolero Pickup is due for renewal on 2026-08-20. Would you like to renew? Customer: Yes, I am happy with the coverage. Please send me the renewal documents. Agent: Wonderful. I will process this right away. Thank you for continuing with us.",,
INT000309,C0004,Call,Inbound,2025-01-27 13:28:00,,"Customer: I am comparing motor insurance and SecureLife Motor Insurance seems overpriced. ICICI Lombard and New India Assurance both quoted lower for the same coverage on my Hero Splendor Plus. Agent: Vivaan, our plans include benefits like 24x7 roadside assistance and cashless repairs at 5,000+ garages. But let me see what special rate I can offer for your renewal. Customer: OK, but the difference needs to be significant for me to stay.",,
INT000310,C0205,Call,Inbound,2025-02-17 15:44:00,,"Customer: Hi, I renewed my policy POL00325 online and the process was very smooth. Just wanted to give positive feedback. Agent: Thank you, Myra! We are glad the digital renewal worked well for you. Customer: Yes, much better than last year. The app has improved a lot.",,
INT000311,C0005,Call,Inbound,2024-12-31 17:59:00,,"Agent: Good evening, Rahul. This is Raj M. from SecureLife Motor Insurance. Your policy POL00014 for your Maruti Suzuki Brezza is due for renewal on 2025-12-09. Would you like to renew? Customer: Yes, I am happy with the coverage. Please send me the renewal documents. Agent: Wonderful. I will process this right away. Thank you for continuing with us.",,
INT000312,C0373,Email,Inbound,2025-03-13 09:26:00,,"Customer: Hi, I have a question about my motor insurance policy POL00710. Agent: Of course, Rakesh. How can I help? Customer: Does my comprehensive plan cover windshield damage without affecting my NCB? Agent: Yes, windshield claims up to Rs. 5,000 are covered under the zero-depreciation add-on without impacting your No Claim Bonus. Customer: Perfect, good to know. Thanks.",,
INT000313,C0454,Call,Outbound,2024-12-18 15:00:00,,"Agent: Good morning, Navya. This is Arun K. from SecureLife Motor Insurance. I am calling to remind you that your premium payment of Rs. 16,220 for policy POL00045 was due recently. Would you like to make the payment now? Customer: Oh yes, I forgot. Can I pay through UPI right now? Agent: Absolutely. I will send you a payment link on WhatsApp. The payment is Rs. 16,220. Customer: Got it. Let me pay now. Done. Agent: Payment received. Thank you, Navya. Your policy remains active.",,
INT000314,C0247,Email,Inbound,2025-01-11 09:13:00,,"Customer: Hi, my policy POL00055 is coming up for renewal on 2025-09-23. What is the renewal premium? Agent: Good morning, Ritvik. Let me check. Your current premium is Rs. 33,960. With your NCB benefits, the renewal premium would be slightly lower. I will email you the exact quote. Customer: OK, and can I add zero-depreciation cover this time? Agent: Absolutely. I will include that in the quote. You should receive it within 24 hours.",,
INT000315,C0098,Call,Inbound,2025-04-24 10:37:00,,"Agent: Good morning, Vikram. This is Neha J. from SecureLife Motor Insurance. Your policy POL00494 for your Kia Sonet is due for renewal on 2025-12-14. Would you like to renew? Customer: Yes, I am happy with the coverage. Please send me the renewal documents. Agent: Wonderful. I will process this right away. Thank you for continuing with us.",,
INT000316,C0063,Call,Inbound,2025-02-15 11:35:00,,"Customer: I am comparing motor insurance and SecureLife Motor Insurance seems overpriced. ICICI Lombard and New India Assurance both quoted lower for the same coverage on my Tata Ace Gold. Agent: Mohit, our plans include benefits like 24x7 roadside assistance and cashless repairs at 5,000+ garages. But let me see what special rate I can offer for your renewal. Customer: OK, but the difference needs to be significant for me to stay.",,
INT000317,C0046,Call,Inbound,2025-07-26 15:31:00,,"Customer: I received a quote from Bajaj Allianz for my Maruti Suzuki Brezza that is 20% cheaper than what I pay you. Agent: Nisha, I understand price is important. Let me check if we have any loyalty discounts available for your policy POL00189. Your current premium is Rs. 16,600. Customer: Please do. If you cannot match it, I will have to switch. Agent: I will have our retention team call you back with the best possible offer within 48 hours.",,
INT000318,C0072,Call,Inbound,2024-11-29 11:23:00,,"Customer: Hi, I have a question about my motor insurance policy POL00552. Agent: Of course, Ayaan. How can I help? Customer: Does my comprehensive plan cover windshield damage without affecting my NCB? Agent: Yes, windshield claims up to Rs. 5,000 are covered under the zero-depreciation add-on without impacting your No Claim Bonus. Customer: Perfect, good to know. Thanks.",,
INT000319,C0481,Email,Inbound,2025-01-02 12:09:00,,"Customer: Hi, my policy POL00713 is coming up for renewal on 2025-12-05. What is the renewal premium? Agent: Good morning, Sanjay. Let me check. Your current premium is Rs. 5,220. With your NCB benefits, the renewal premium would be slightly lower. I will email you the exact quote. Customer: OK, and can I add zero-depreciation cover this time? Agent: Absolutely. I will include that in the quote. You should receive it within 24 hours.",,
INT000320,C0027,Call,Inbound,2024-11-05 16:32:00,,"Customer: I need to update the registration address on my policy POL00194. I moved from Delhi to Pune. Agent: Sure Pankaj, I can help with that. I will need a copy of your new address proof. Customer: I will email it today. How long does the update take? Agent: Typically 2-3 working days after we receive the documents.",,
INT000321,C0052,Email,Inbound,2024-12-08 14:53:00,,"Subject: Disappointed with Claim Service - Policy POL00288 Dear SecureLife Motor Insurance Team, This is regarding my pending claim CLM00055 for Accident. It has been several weeks since I filed the claim for Rs. 162,248 and I have received no proper update. My Hyundai i20 is still at the garage and I am bearing daily commute expenses. I have been a loyal customer but this experience has been very poor. Please expedite the resolution. Regards, Manoj Srivastava",,
INT000322,C0172,Call,Inbound,2025-04-16 14:43:00,,"Customer: Hi, I renewed my policy POL00781 online and the process was very smooth. Just wanted to give positive feedback. Agent: Thank you, Vikram! We are glad the digital renewal worked well for you. Customer: Yes, much better than last year. The app has improved a lot.",,
INT000323,C0169,Email,Inbound,2024-10-12 10:45:00,,"Customer: Hi, I have a question about my motor insurance policy POL00114. Agent: Of course, Aarohi. How can I help? Customer: Does my comprehensive plan cover windshield damage without affecting my NCB? Agent: Yes, windshield claims up to Rs. 5,000 are covered under the zero-depreciation add-on without impacting your No Claim Bonus. Customer: Perfect, good to know. Thanks.",,
INT000324,C0498,Call,Inbound,2024-10-30 10:50:00,,"Customer: Hi, my policy POL00689 is coming up for renewal on 2026-05-30. What is the renewal premium? Agent: Good afternoon, Prisha. Let me check. Your current premium is Rs. 16,320. With your NCB benefits, the renewal premium would be slightly lower. I will email you the exact quote. Customer: OK, and can I add zero-depreciation cover this time? Agent: Absolutely. I will include that in the quote. You should receive it within 24 hours.",,
INT000325,C0253,Call,Inbound,2025-03-29 15:19:00,,"Customer: Hi, I have a question about my motor insurance policy POL00182. Agent: Of course, Harsh. How can I help? Customer: Does my comprehensive plan cover windshield damage without affecting my NCB? Agent: Yes, windshield claims up to Rs. 5,000 are covered under the zero-depreciation add-on without impacting your No Claim Bonus. Customer: Perfect, good to know. Thanks.",,
INT000326,C0314,Call,Inbound,2025-04-02 17:52:00,,"Customer: Hi, I have a question about my motor insurance policy POL00455. Agent: Of course, Aarush. How can I help? Customer: Does my comprehensive plan cover windshield damage without affecting my NCB? Agent: Yes, windshield claims up to Rs. 5,000 are covered under the zero-depreciation add-on without impacting your No Claim Bonus. Customer: Perfect, good to know. Thanks.",,
INT000327,C0015,Call,Inbound,2024-10-30 11:11:00,,"Customer: I am comparing motor insurance and SecureLife Motor Insurance seems overpriced. ICICI Lombard and New India Assurance both quoted lower for the same coverage on my Eicher Pro 2049. Agent: Suresh, our plans include benefits like 24x7 roadside assistance and cashless repairs at 5,000+ garages. But let me see what special rate I can offer for your renewal. Customer: OK, but the difference needs to be significant for me to stay.",,
INT000328,C0075,Call,Inbound,2025-03-17 15:35:00,,"Customer: I am comparing motor insurance and SecureLife Motor Insurance seems overpriced. ICICI Lombard and New India Assurance both quoted lower for the same coverage on my Ashok Leyland Dost. Agent: Shivam, our plans include benefits like 24x7 roadside assistance and cashless repairs at 5,000+ garages. But let me see what special rate I can offer for your renewal. Customer: OK, but the difference needs to be significant for me to stay.",,
INT000329,C0081,Call,Inbound,2025-06-20 13:35:00,,"Customer: Hi, my policy POL00644 is coming up for renewal on 2025-11-16. What is the renewal premium? Agent: Good morning, Anvi. Let me check. Your current premium is Rs. 38,790. With your NCB benefits, the renewal premium would be slightly lower. I will email you the exact quote. Customer: OK, and can I add zero-depreciation cover this time? Agent: Absolutely. I will include that in the quote. You should receive it within 24 hours.",,
INT000330,C0043,WhatsApp,Inbound,2025-01-23 10:59:00,,"Ishaan: My policy POL00201 payment failed again. This is the third time. Agent: Sorry about that, Ishaan. Let me check what happened with the auto-debit. Ishaan: I have sufficient balance. Your system is broken. Fix it or I am switching. Agent: I will raise a technical ticket immediately. In the meantime, here is a direct payment link.",,
INT000331,C0034,Call,Inbound,2024-11-18 15:31:00,,"Agent: Good afternoon, this is Meera R. from SecureLife Motor Insurance. Am I speaking with Kiara? Customer: Yes. What is it? Agent: I am calling regarding your policy POL00344. We notice 5 overdue payment(s) totalling Rs. 31,565. Customer: I know, I have been having some financial difficulties. The premium of Rs. 15,400 is too high. Agent: I understand. We can discuss flexible payment options. Would you like to switch to quarterly payments? Customer: Maybe. But honestly I am thinking of not renewing at all. It is too expensive.",,
INT000332,C0477,Call,Outbound,2025-06-15 15:59:00,,"Agent: Hello Anand, this is a courtesy call from SecureLife Motor Insurance. Your policy POL00767 has an upcoming payment. We wanted to ensure there are no issues with your auto-debit setup. Customer: Thanks for checking. I changed my bank account recently. Let me update the auto-debit mandate. Agent: I can help you with that right now if you have your new bank details handy.",,
INT000333,C0407,Call,Inbound,2025-03-03 16:47:00,,"Customer: Hi, I renewed my policy POL00697 online and the process was very smooth. Just wanted to give positive feedback. Agent: Thank you, Kian! We are glad the digital renewal worked well for you. Customer: Yes, much better than last year. The app has improved a lot.",,
INT000334,C0350,Call,Inbound,2024-10-31 12:35:00,,"Agent: Good afternoon, Pankaj. This is Arun K. from SecureLife Motor Insurance. Your policy POL00745 for your Tata Punch is due for renewal on 2026-09-13. Would you like to renew? Customer: Yes, I am happy with the coverage. Please send me the renewal documents. Agent: Wonderful. I will process this right away. Thank you for continuing with us.",,
INT000335,C0003,Call,Inbound,2025-02-27 13:13:00,,"Customer: I received a quote from Bajaj Allianz for my Hero Glamour that is 20% cheaper than what I pay you. Agent: Anjali, I understand price is important. Let me check if we have any loyalty discounts available for your policy POL00639. Your current premium is Rs. 2,500. Customer: Please do. If you cannot match it, I will have to switch. Agent: I will have our retention team call you back with the best possible offer within 48 hours.",,
INT000336,C0190,Email,Inbound,2024-12-15 18:49:00,,"Customer: I need to update the registration address on my policy POL00593. I moved from Delhi to Pune. Agent: Sure Ritvik, I can help with that. I will need a copy of your new address proof. Customer: I will email it today. How long does the update take? Agent: Typically 2-3 working days after we receive the documents.",,
INT000337,C0426,WhatsApp,Inbound,2024-11-22 17:04:00,,"Mohit: Just received the claim settlement. Thank you! Very quick service this time. Agent: Glad to hear it, Mohit! Is there anything else you need help with? Mohit: No, all good. Will renew my policy next month.",,
INT000338,C0192,Email,Inbound,2024-11-23 11:21:00,,"Subject: Thank you - Claim CLM00289 Settled Dear SecureLife Motor Insurance Team, I am writing to thank you for the prompt settlement of my claim CLM00289. The amount of Rs. 14,596 was credited to my account within the promised timeline. Special thanks to the surveyor and claims team for the professional handling. I will definitely continue with SecureLife Motor Insurance. Warm regards, Ishaan Verma",,
INT000339,C0013,Email,Inbound,2024-10-24 18:30:00,,"Subject: Request to Cancel Policy POL00197 Dear Sir/Madam, I wish to cancel my motor insurance policy POL00197 for my Hyundai Creta. My reasons are: 1. Premium of Rs. 20,880 is not competitive compared to other insurers. 2. Poor claim settlement experience. 3. Unresponsive customer service. Please process the cancellation and refund any applicable pro-rata premium. Regards, Ramesh Chatterjee",,
INT000340,C0057,Call,Inbound,2025-04-15 13:46:00,,"Agent: Good morning, Advait. This is Vikram D. from SecureLife Motor Insurance. Your policy POL00794 for your Honda Activa 6G is due for renewal on 2026-08-18. Would you like to renew? Customer: Yes, I am happy with the coverage. Please send me the renewal documents. Agent: Wonderful. I will process this right away. Thank you for continuing with us.",,
INT000341,C0333,Email,Inbound,2025-08-07 14:55:00,,"Customer: I need to update the registration address on my policy POL00465. I moved from Delhi to Pune. Agent: Sure Vishal, I can help with that. I will need a copy of your new address proof. Customer: I will email it today. How long does the update take? Agent: Typically 2-3 working days after we receive the documents.",,
INT000342,C0289,Email,Inbound,2024-10-08 12:19:00,,"Customer: I need to update the registration address on my policy POL00377. I moved from Delhi to Pune. Agent: Sure Ravi, I can help with that. I will need a copy of your new address proof. Customer: I will email it today. How long does the update take? Agent: Typically 2-3 working days after we receive the documents.",,
INT000343,C0178,Call,Inbound,2025-04-11 13:29:00,,"Customer: Hi, my policy POL00072 is coming up for renewal on 2026-07-09. What is the renewal premium? Agent: Good morning, Aarav. Let me check. Your current premium is Rs. 5,057. With your NCB benefits, the renewal premium would be slightly lower. I will email you the exact quote. Customer: OK, and can I add zero-depreciation cover this time? Agent: Absolutely. I will include that in the quote. You should receive it within 24 hours.",,
INT000344,C0118,Call,Inbound,2025-07-22 11:22:00,,"Customer: I need to update the registration address on my policy POL00019. I moved from Delhi to Pune. Agent: Sure Pooja, I can help with that. I will need a copy of your new address proof. Customer: I will email it today. How long does the update take? Agent: Typically 2-3 working days after we receive the documents.",,
INT000345,C0240,Call,Inbound,2025-03-11 17:21:00,,"Customer: I just wanted to call and say thank you. Vikram D. helped me with my claim last week and the experience was excellent. Very professional. Agent: Thank you so much, Rajesh. We really appreciate your kind words. Is there anything else? Customer: No, keep up the good work. I have already recommended SecureLife Motor Insurance to my colleagues.",,
INT000346,C0192,Email,Inbound,2025-03-22 14:35:00,,"Subject: Thank you - Claim CLM00289 Settled Dear SecureLife Motor Insurance Team, I am writing to thank you for the prompt settlement of my claim CLM00289. The amount of Rs. 14,596 was credited to my account within the promised timeline. Special thanks to the surveyor and claims team for the professional handling. I will definitely continue with SecureLife Motor Insurance. Warm regards, Ishaan Verma",,
INT000347,C0100,Call,Inbound,2025-07-11 17:49:00,,"Customer: Hi, my policy POL00479 is coming up for renewal on 2026-07-07. What is the renewal premium? Agent: Good afternoon, Ishaan. Let me check. Your current premium is Rs. 14,280. With your NCB benefits, the renewal premium would be slightly lower. I will email you the exact quote. Customer: OK, and can I add zero-depreciation cover this time? Agent: Absolutely. I will include that in the quote. You should receive it within 24 hours.",,
INT000348,C0322,Call,Inbound,2025-04-28 09:29:00,,"Customer: Hi, my policy POL00211 is coming up for renewal on 2025-07-19. What is the renewal premium? Agent: Good afternoon, Ramesh. Let me check. Your current premium is Rs. 3,100. With your NCB benefits, the renewal premium would be slightly lower. I will email you the exact quote. Customer: OK, and can I add zero-depreciation cover this time? Agent: Absolutely. I will include that in the quote. You should receive it within 24 hours.",,
INT000349,C0052,Call,Inbound,2024-10-08 12:18:00,,"Customer: I am comparing motor insurance and SecureLife Motor Insurance seems overpriced. ICICI Lombard and New India Assurance both quoted lower for the same coverage on my Maruti Suzuki Swift. Agent: Manoj, our plans include benefits like 24x7 roadside assistance and cashless repairs at 5,000+ garages. But let me see what special rate I can offer for your renewal. Customer: OK, but the difference needs to be significant for me to stay.",,
INT000350,C0045,Call,Inbound,2024-09-28 15:02:00,,"Agent: Good afternoon, Komal. This is Vikram D. from SecureLife Motor Insurance. Your policy POL00609 for your Tata Ace Gold is due for renewal on 2025-12-16. Would you like to renew? Customer: Yes, I am happy with the coverage. Please send me the renewal documents. Agent: Wonderful. I will process this right away. Thank you for continuing with us.",,
INT000351,C0004,Call,Inbound,2024-10-26 09:48:00,,"Customer: I received a quote from Bajaj Allianz for my Hero Splendor Plus that is 20% cheaper than what I pay you. Agent: Vivaan, I understand price is important. Let me check if we have any loyalty discounts available for your policy POL00145. Your current premium is Rs. 1,110. Customer: Please do. If you cannot match it, I will have to switch. Agent: I will have our retention team call you back with the best possible offer within 48 hours.",,
INT000352,C0096,Call,Inbound,2024-12-24 15:44:00,,"Customer: I need to update the registration address on my policy POL00652. I moved from Delhi to Pune. Agent: Sure Deepa, I can help with that. I will need a copy of your new address proof. Customer: I will email it today. How long does the update take? Agent: Typically 2-3 working days after we receive the documents.",,
INT000353,C0484,Call,Outbound,2024-12-06 12:42:00,,"Agent: Hello Sunita, this is a courtesy call from SecureLife Motor Insurance. Your policy POL00337 has an upcoming payment. We wanted to ensure there are no issues with your auto-debit setup. Customer: Thanks for checking. I changed my bank account recently. Let me update the auto-debit mandate. Agent: I can help you with that right now if you have your new bank details handy.",,
INT000354,C0406,Call,Inbound,2025-03-24 14:45:00,,"Customer: Hi, I have a question about my motor insurance policy POL00285. Agent: Of course, Tanvi. How can I help? Customer: Does my comprehensive plan cover windshield damage without affecting my NCB? Agent: Yes, windshield claims up to Rs. 5,000 are covered under the zero-depreciation add-on without impacting your No Claim Bonus. Customer: Perfect, good to know. Thanks.",,
INT000355,C0209,Email,Inbound,2025-08-16 12:14:00,,"Agent: Good morning, Pankaj. This is Neha J. from SecureLife Motor Insurance. Your policy POL00450 for your Eicher Pro 2049 is due for renewal on 2025-12-16. Would you like to renew? Customer: Yes, I am happy with the coverage. Please send me the renewal documents. Agent: Wonderful. I will process this right away. Thank you for continuing with us.",,
INT000356,C0420,Call,Inbound,2025-04-23 11:31:00,,"Agent: Good morning, Pankaj. This is Raj M. from SecureLife Motor Insurance. Your policy POL00048 for your Eicher Pro 2049 is due for renewal on 2026-09-21. Would you like to renew? Customer: Yes, I am happy with the coverage. Please send me the renewal documents. Agent: Wonderful. I will process this right away. Thank you for continuing with us.",,
INT000357,C0500,Call,Inbound,2025-02-14 10:44:00,,"Agent: Good evening, Rohit. This is Vikram D. from SecureLife Motor Insurance. Your policy POL00155 for your Hero Splendor Plus is due for renewal on 2026-01-31. Would you like to renew? Customer: Yes, I am happy with the coverage. Please send me the renewal documents. Agent: Wonderful. I will process this right away. Thank you for continuing with us.",,
INT000358,C0003,Call,Inbound,2025-03-26 15:53:00,,"Customer: I received a quote from Bajaj Allianz for my Hyundai Creta that is 20% cheaper than what I pay you. Agent: Anjali, I understand price is important. Let me check if we have any loyalty discounts available for your policy POL00281. Your current premium is Rs. 35,640. Customer: Please do. If you cannot match it, I will have to switch. Agent: I will have our retention team call you back with the best possible offer within 48 hours.",,
INT000359,C0417,Call,Outbound,2024-10-21 15:15:00,,"Agent: Good afternoon, Vihaan. This is Meera R. from SecureLife Motor Insurance. I am calling to remind you that your premium payment of Rs. 7,980 for policy POL00483 was due recently. Would you like to make the payment now? Customer: Oh yes, I forgot. Can I pay through UPI right now? Agent: Absolutely. I will send you a payment link on WhatsApp. The payment is Rs. 7,980. Customer: Got it. Let me pay now. Done. Agent: Payment received. Thank you, Vihaan. Your policy remains active.",,
INT000360,C0242,Email,Inbound,2024-12-04 10:05:00,,"Agent: Good afternoon, Priya. This is Neha J. from SecureLife Motor Insurance. Your policy POL00509 for your Tata Punch is due for renewal on 2026-08-08. Would you like to renew? Customer: Yes, I am happy with the coverage. Please send me the renewal documents. Agent: Wonderful. I will process this right away. Thank you for continuing with us.",,
INT000361,C0345,Call,Inbound,2025-04-16 11:51:00,,"Customer: Hi, my policy POL00601 is coming up for renewal on 2026-03-04. What is the renewal premium? Agent: Good evening, Komal. Let me check. Your current premium is Rs. 1,960. With your NCB benefits, the renewal premium would be slightly lower. I will email you the exact quote. Customer: OK, and can I add zero-depreciation cover this time? Agent: Absolutely. I will include that in the quote. You should receive it within 24 hours.",,
INT000362,C0473,Email,Inbound,2025-03-11 14:28:00,,"Customer: I need to update the registration address on my policy POL00472. I moved from Delhi to Pune. Agent: Sure Pooja, I can help with that. I will need a copy of your new address proof. Customer: I will email it today. How long does the update take? Agent: Typically 2-3 working days after we receive the documents.",,
INT000363,C0323,Call,Inbound,2025-05-08 13:59:00,,"Agent: Good evening, Pranav. This is Sameer T. from SecureLife Motor Insurance. Your policy POL00166 for your Mahindra XUV700 is due for renewal on 2025-09-15. Would you like to renew? Customer: Yes, I am happy with the coverage. Please send me the renewal documents. Agent: Wonderful. I will process this right away. Thank you for continuing with us.",,
INT000364,C0067,Call,Inbound,2025-02-10 12:32:00,,"Customer: I need to update the registration address on my policy POL00109. I moved from Delhi to Pune. Agent: Sure Vishal, I can help with that. I will need a copy of your new address proof. Customer: I will email it today. How long does the update take? Agent: Typically 2-3 working days after we receive the documents.",,
INT000365,C0352,Call,Inbound,2025-02-21 17:19:00,,"Customer: Hi, I just received the settlement for claim CLM00037. Rs. 20,520 credited. Agent: Yes Atharv, glad to confirm. Your Natural Disaster claim has been fully processed. Customer: Excellent. I appreciate the quick turnaround. Will definitely renew my policy.",,
INT000366,C0275,Call,Inbound,2025-08-21 13:42:00,,"Customer: Hi, I have a question about my motor insurance policy POL00488. Agent: Of course, Rekha. How can I help? Customer: Does my comprehensive plan cover windshield damage without affecting my NCB? Agent: Yes, windshield claims up to Rs. 5,000 are covered under the zero-depreciation add-on without impacting your No Claim Bonus. Customer: Perfect, good to know. Thanks.",,
INT000367,C0102,Call,Inbound,2024-12-25 12:58:00,,"Customer: Hi, my policy POL00138 is coming up for renewal on 2026-03-14. What is the renewal premium? Agent: Good afternoon, Dhruv. Let me check. Your current premium is Rs. 815. With your NCB benefits, the renewal premium would be slightly lower. I will email you the exact quote. Customer: OK, and can I add zero-depreciation cover this time? Agent: Absolutely. I will include that in the quote. You should receive it within 24 hours.",,
INT000368,C0101,Call,Inbound,2024-12-09 09:26:00,,"Customer: Hi, I have a question about my motor insurance policy POL00324. Agent: Of course, Suresh. How can I help? Customer: Does my comprehensive plan cover windshield damage without affecting my NCB? Agent: Yes, windshield claims up to Rs. 5,000 are covered under the zero-depreciation add-on without impacting your No Claim Bonus. Customer: Perfect, good to know. Thanks.",,
INT000369,C0248,Call,Inbound,2024-11-23 14:00:00,,"Customer: I just wanted to call and say thank you. Vikram D. helped me with my claim last week and the experience was excellent. Very professional. Agent: Thank you so much, Rajesh. We really appreciate your kind words. Is there anything else? Customer: No, keep up the good work. I have already recommended SecureLife Motor Insurance to my colleagues.",,
INT000370,C0335,Call,Outbound,2025-01-16 11:02:00,,"Agent: Good morning, Shaurya. This is Anita G. from SecureLife Motor Insurance. I am calling to remind you that your premium payment of Rs. 34,880 for policy POL00077 was due recently. Would you like to make the payment now? Customer: Oh yes, I forgot. Can I pay through UPI right now? Agent: Absolutely. I will send you a payment link on WhatsApp. The payment is Rs. 34,880. Customer: Got it. Let me pay now. Done. Agent: Payment received. Thank you, Shaurya. Your policy remains active.",,
INT000371,C0068,Call,Inbound,2025-03-14 13:41:00,,"Customer: I want to cancel my policy POL00784 immediately. Agent: I am sorry to hear that, Sachin. May I ask the reason? Customer: Your claim service is terrible. My claim CLM00030 was rejected unfairly, I have overdue payment issues, and nobody follows up. I am done with SecureLife Motor Insurance. Agent: I understand your frustration. Let me connect you with our retention team who can review your concerns and possibly offer a resolution. Customer: I have given enough chances. Just process the cancellation.",,
INT000372,C0052,Email,Inbound,2024-11-21 09:24:00,,"Subject: Request to Cancel Policy POL00288 Dear Sir/Madam, I wish to cancel my motor insurance policy POL00288 for my Hyundai i20. My reasons are: 1. Premium of Rs. 13,550 is not competitive compared to other insurers. 2. Poor claim settlement experience. 3. Unresponsive customer service. Please process the cancellation and refund any applicable pro-rata premium. Regards, Manoj Srivastava",,
INT000373,C0129,Email,Inbound,2025-07-24 14:52:00,,"Customer: I need to update the registration address on my policy POL00614. I moved from Delhi to Pune. Agent: Sure Anil, I can help with that. I will need a copy of your new address proof. Customer: I will email it today. How long does the update take? Agent: Typically 2-3 working days after we receive the documents.",,
INT000374,C0059,Call,Inbound,2025-06-24 15:34:00,,"Customer: I want to cancel my policy POL00401 immediately. Agent: I am sorry to hear that, Shalini. May I ask the reason? Customer: Your claim service is terrible. My claim CLM00146 was rejected unfairly, I have overdue payment issues, and nobody follows up. I am done with SecureLife Motor Insurance. Agent: I understand your frustration. Let me connect you with our retention team who can review your concerns and possibly offer a resolution. Customer: I have given enough chances. Just process the cancellation.",,
INT000375,C0051,Call,Inbound,2024-11-26 12:40:00,,"Customer: I received a quote from Bajaj Allianz for my Honda Activa 6G that is 20% cheaper than what I pay you. Agent: Ira, I understand price is important. Let me check if we have any loyalty discounts available for your policy POL00185. Your current premium is Rs. 1,043. Customer: Please do. If you cannot match it, I will have to switch. Agent: I will have our retention team call you back with the best possible offer within 48 hours.",,
INT000376,C0374,Call,Inbound,2025-08-02 15:36:00,,"Customer: Hi, my policy POL00371 is coming up for renewal on 2025-10-11. What is the renewal premium? Agent: Good morning, Mohit. Let me check. Your current premium is Rs. 1,186. With your NCB benefits, the renewal premium would be slightly lower. I will email you the exact quote. Customer: OK, and can I add zero-depreciation cover this time? Agent: Absolutely. I will include that in the quote. You should receive it within 24 hours.",,
INT000377,C0388,Call,Inbound,2024-11-24 12:12:00,,"Customer: Hi, I have a question about my motor insurance policy POL00672. Agent: Of course, Ayaan. How can I help? Customer: Does my comprehensive plan cover windshield damage without affecting my NCB? Agent: Yes, windshield claims up to Rs. 5,000 are covered under the zero-depreciation add-on without impacting your No Claim Bonus. Customer: Perfect, good to know. Thanks.",,
INT000378,C0189,Email,Inbound,2025-03-27 16:15:00,,"Customer: I need to update the registration address on my policy POL00110. I moved from Delhi to Pune. Agent: Sure Shalini, I can help with that. I will need a copy of your new address proof. Customer: I will email it today. How long does the update take? Agent: Typically 2-3 working days after we receive the documents.",,
INT000379,C0168,Call,Inbound,2025-07-28 09:56:00,,"Customer: I need to update the registration address on my policy POL00207. I moved from Delhi to Pune. Agent: Sure Ravi, I can help with that. I will need a copy of your new address proof. Customer: I will email it today. How long does the update take? Agent: Typically 2-3 working days after we receive the documents.",,
INT000380,C0011,WhatsApp,Inbound,2025-06-24 10:36:00,,"Zara: Hi, I need help with claim N/A. It was rejected and I disagree with the reason. Agent: Hello Zara, I am sorry about this. Let me pull up your details. Zara: The reason given is 'N/A' but that is wrong. My documents were complete. Agent: I understand. Let me escalate this for review. You will receive a callback within 24 hours. Zara: Please make sure someone actually calls this time.",,
INT000381,C0066,Call,Inbound,2025-01-19 16:05:00,,"Customer: I want to cancel my policy POL00764 immediately. Agent: I am sorry to hear that, Kian. May I ask the reason? Customer: Your claim service is terrible. My claim N/A was rejected unfairly, I have overdue payment issues, and nobody follows up. I am done with SecureLife Motor Insurance. Agent: I understand your frustration. Let me connect you with our retention team who can review your concerns and possibly offer a resolution. Customer: I have given enough chances. Just process the cancellation.",,
INT000382,C0359,Call,Inbound,2024-12-09 13:04:00,,"Customer: I just wanted to call and say thank you. Neha J. helped me with my claim last week and the experience was excellent. Very professional. Agent: Thank you so much, Ritvik. We really appreciate your kind words. Is there anything else? Customer: No, keep up the good work. I have already recommended SecureLife Motor Insurance to my colleagues.",,
INT000383,C0090,Call,Inbound,2024-11-08 17:37:00,,"Agent: Good evening, this is Divya P. from SecureLife Motor Insurance. Am I speaking with Ira? Customer: Yes. I want to know why my claim CLM00124 was rejected. Agent: Let me check. The claim was filed on 2025-08-10 for Rs. 246,672 regarding Fire. Customer: I submitted every document you asked for. The rejection reason makes no sense. Agent: The noted reason is: Vehicle used for commercial purposes under personal policy. I understand this is frustrating. Customer: Frustrating? This is unacceptable. I will escalate to IRDAI if this is not reversed within a week.",,
INT000384,C0031,Call,Inbound,2025-02-06 16:55:00,,"Customer: I am comparing motor insurance and SecureLife Motor Insurance seems overpriced. ICICI Lombard and New India Assurance both quoted lower for the same coverage on my Maruti Suzuki Swift. Agent: Anand, our plans include benefits like 24x7 roadside assistance and cashless repairs at 5,000+ garages. But let me see what special rate I can offer for your renewal. Customer: OK, but the difference needs to be significant for me to stay.",,
INT000385,C0440,Call,Inbound,2024-10-17 12:53:00,,"Customer: Hi, I renewed my policy POL00029 online and the process was very smooth. Just wanted to give positive feedback. Agent: Thank you, Aadhya! We are glad the digital renewal worked well for you. Customer: Yes, much better than last year. The app has improved a lot.",,
INT000386,C0098,Call,Inbound,2025-02-09 14:58:00,,"Customer: I keep getting SMS reminders about overdue payments for policy POL00494. Agent: Yes Vikram, there are 1 pending payments of Rs. 1,291 total. Customer: Your auto-debit failed twice and now you are charging me late fees. This is your system error. Agent: Let me check the transaction logs. I can see the auto-debit attempts were declined by your bank. Customer: Fine, but waive the late fees at least. Otherwise I will let the policy lapse.",,
INT000387,C0256,Email,Inbound,2024-12-02 13:44:00,,"Customer: Hi, I have a question about my motor insurance policy POL00748. Agent: Of course, Priya. How can I help? Customer: Does my comprehensive plan cover windshield damage without affecting my NCB? Agent: Yes, windshield claims up to Rs. 5,000 are covered under the zero-depreciation add-on without impacting your No Claim Bonus. Customer: Perfect, good to know. Thanks.",,
INT000388,C0225,Call,Inbound,2025-01-24 09:29:00,,"Customer: Hi, I have a question about my motor insurance policy POL00685. Agent: Of course, Karan. How can I help? Customer: Does my comprehensive plan cover windshield damage without affecting my NCB? Agent: Yes, windshield claims up to Rs. 5,000 are covered under the zero-depreciation add-on without impacting your No Claim Bonus. Customer: Perfect, good to know. Thanks.",,
INT000389,C0435,Call,Inbound,2025-09-02 16:36:00,,"Customer: Hi, I have a question about my motor insurance policy POL00602. Agent: Of course, Vishal. How can I help? Customer: Does my comprehensive plan cover windshield damage without affecting my NCB? Agent: Yes, windshield claims up to Rs. 5,000 are covered under the zero-depreciation add-on without impacting your No Claim Bonus. Customer: Perfect, good to know. Thanks.",,
INT000390,C0158,Call,Inbound,2025-07-13 11:24:00,,"Customer: I need to update the registration address on my policy POL00272. I moved from Delhi to Pune. Agent: Sure Gaurav, I can help with that. I will need a copy of your new address proof. Customer: I will email it today. How long does the update take? Agent: Typically 2-3 working days after we receive the documents.",,
INT000391,C0108,Call,Inbound,2024-11-21 17:16:00,,"Customer: Hi, I have a question about my motor insurance policy POL00686. Agent: Of course, Aarush. How can I help? Customer: Does my comprehensive plan cover windshield damage without affecting my NCB? Agent: Yes, windshield claims up to Rs. 5,000 are covered under the zero-depreciation add-on without impacting your No Claim Bonus. Customer: Perfect, good to know. Thanks.",,
INT000392,C0195,Call,Outbound,2024-10-31 15:04:00,,"Agent: Good afternoon, Pankaj. This is Anita G. from SecureLife Motor Insurance. I am calling to remind you that your premium payment of Rs. 21,940 for policy POL00160 was due recently. Would you like to make the payment now? Customer: Oh yes, I forgot. Can I pay through UPI right now? Agent: Absolutely. I will send you a payment link on WhatsApp. The payment is Rs. 21,940. Customer: Got it. Let me pay now. Done. Agent: Payment received. Thank you, Pankaj. Your policy remains active.",,
INT000393,C0017,Call,Inbound,2024-11-27 14:29:00,,"Customer: I need to update the registration address on my policy POL00553. I moved from Delhi to Pune. Agent: Sure Dinesh, I can help with that. I will need a copy of your new address proof. Customer: I will email it today. How long does the update take? Agent: Typically 2-3 working days after we receive the documents.",,
INT000394,C0084,Call,Inbound,2025-02-13 10:42:00,,"Customer: Hi, I have a question about my motor insurance policy POL00157. Agent: Of course, Vishal. How can I help? Customer: Does my comprehensive plan cover windshield damage without affecting my NCB? Agent: Yes, windshield claims up to Rs. 5,000 are covered under the zero-depreciation add-on without impacting your No Claim Bonus. Customer: Perfect, good to know. Thanks.",,
INT000395,C0029,Call,Inbound,2025-07-02 11:42:00,,"Agent: Good evening, Aadhya. This is Meera R. from SecureLife Motor Insurance. Your policy POL00256 for your Tata Ace Gold is due for renewal on 2026-03-02. Would you like to renew? Customer: Yes, I am happy with the coverage. Please send me the renewal documents. Agent: Wonderful. I will process this right away. Thank you for continuing with us.",,
INT000396,C0209,Email,Inbound,2025-06-10 18:37:00,,"Customer: Hi, my policy POL00450 is coming up for renewal on 2025-12-16. What is the renewal premium? Agent: Good morning, Pankaj. Let me check. Your current premium is Rs. 11,646. With your NCB benefits, the renewal premium would be slightly lower. I will email you the exact quote. Customer: OK, and can I add zero-depreciation cover this time? Agent: Absolutely. I will include that in the quote. You should receive it within 24 hours.",,
INT000397,C0130,Call,Inbound,2024-10-01 12:43:00,,"Customer: I need to update the registration address on my policy POL00716. I moved from Delhi to Pune. Agent: Sure Aarav, I can help with that. I will need a copy of your new address proof. Customer: I will email it today. How long does the update take? Agent: Typically 2-3 working days after we receive the documents.",,
INT000398,C0205,Email,Inbound,2024-11-26 13:05:00,,"Customer: Hi, I have a question about my motor insurance policy POL00325. Agent: Of course, Myra. How can I help? Customer: Does my comprehensive plan cover windshield damage without affecting my NCB? Agent: Yes, windshield claims up to Rs. 5,000 are covered under the zero-depreciation add-on without impacting your No Claim Bonus. Customer: Perfect, good to know. Thanks.",,
INT000399,C0044,Call,Inbound,2024-12-31 17:21:00,,"Customer: I am comparing motor insurance and SecureLife Motor Insurance seems overpriced. ICICI Lombard and New India Assurance both quoted lower for the same coverage on my Suzuki Access 125. Agent: Sunita, our plans include benefits like 24x7 roadside assistance and cashless repairs at 5,000+ garages. But let me see what special rate I can offer for your renewal. Customer: OK, but the difference needs to be significant for me to stay.",,
INT000400,C0062,Call,Inbound,2025-05-20 11:23:00,,"Agent: Good evening, this is Rohit B. from SecureLife Motor Insurance. Am I speaking with Priya? Customer: Yes. What is it? Agent: I am calling regarding your policy POL00359. We notice 6 overdue payment(s) totalling Rs. 57,378. Customer: I know, I have been having some financial difficulties. The premium of Rs. 40,870 is too high. Agent: I understand. We can discuss flexible payment options. Would you like to switch to quarterly payments? Customer: Maybe. But honestly I am thinking of not renewing at all. It is too expensive.",,
INT000401,C0160,Call,Outbound,2025-04-27 11:23:00,,"Agent: Hello Tanvi, this is a courtesy call from SecureLife Motor Insurance. Your policy POL00460 has an upcoming payment. We wanted to ensure there are no issues with your auto-debit setup. Customer: Thanks for checking. I changed my bank account recently. Let me update the auto-debit mandate. Agent: I can help you with that right now if you have your new bank details handy.",,
INT000402,C0004,Call,Inbound,2024-10-16 11:02:00,,"Customer: Hi, I have a question about my motor insurance policy POL00145. Agent: Of course, Vivaan. How can I help? Customer: Does my comprehensive plan cover windshield damage without affecting my NCB? Agent: Yes, windshield claims up to Rs. 5,000 are covered under the zero-depreciation add-on without impacting your No Claim Bonus. Customer: Perfect, good to know. Thanks.",,
INT000403,C0076,Call,Inbound,2024-11-14 14:35:00,,"Agent: Good morning, this is Vikram D. from SecureLife Motor Insurance. Am I speaking with Sunita? Customer: Yes. I want to know why my claim CLM00016 was rejected. Agent: Let me check. The claim was filed on 2024-05-17 for Rs. 29,174 regarding Natural Disaster. Customer: I submitted every document you asked for. The rejection reason makes no sense. Agent: The noted reason is: Incident occurred while driving under influence of alcohol. I understand this is frustrating. Customer: Frustrating? This is unacceptable. I will escalate to IRDAI if this is not reversed within a week.",,
INT000404,C0213,Call,Inbound,2025-07-09 17:31:00,,"Customer: I need to update the registration address on my policy POL00111. I moved from Delhi to Pune. Agent: Sure Diya, I can help with that. I will need a copy of your new address proof. Customer: I will email it today. How long does the update take? Agent: Typically 2-3 working days after we receive the documents.",,
INT000405,C0090,Call,Inbound,2025-07-02 18:52:00,,"Agent: Hello, Rohit B. from SecureLife Motor Insurance. Is this Ira? Customer: Yes, and I am very upset. My claim CLM00124 for Rs. 246,672 was rejected. Agent: I see the claim dated 2025-08-10 for Fire. Let me review it. Customer: Your surveyor gave a wrong report. Vehicle used for commercial purposes under personal policy - that is simply not true. Agent: I will escalate this to our senior claims officer for a re-evaluation. Customer: Do it fast. I am already talking to HDFC Ergo and Bajaj Allianz for quotes.",,
INT000406,C0086,Call,Inbound,2024-12-25 17:32:00,,"Agent: Good morning, this is Raj M. from SecureLife Motor Insurance. Am I speaking with Krishna? Customer: Yes. I want to know why my claim CLM00168 was rejected. Agent: Let me check. The claim was filed on 2024-07-24 for Rs. 263,196 regarding Third Party Liability. Customer: I submitted every document you asked for. The rejection reason makes no sense. Agent: The noted reason is: Damage not covered under Third Party Only plan. I understand this is frustrating. Customer: Frustrating? This is unacceptable. I will escalate to IRDAI if this is not reversed within a week.",,
INT000407,C0001,Call,Inbound,2024-10-13 10:09:00,,"Customer: I am comparing motor insurance and SecureLife Motor Insurance seems overpriced. ICICI Lombard and New India Assurance both quoted lower for the same coverage on my Mahindra Bolero Pickup. Agent: Aanya, our plans include benefits like 24x7 roadside assistance and cashless repairs at 5,000+ garages. But let me see what special rate I can offer for your renewal. Customer: OK, but the difference needs to be significant for me to stay.",,
INT000408,C0076,Email,Inbound,2025-05-12 10:25:00,,"Subject: Request to Cancel Policy POL00036 Dear Sir/Madam, I wish to cancel my motor insurance policy POL00036 for my TVS Apache RTR 160. My reasons are: 1. Premium of Rs. 2,500 is not competitive compared to other insurers. 2. Poor claim settlement experience. 3. Unresponsive customer service. Please process the cancellation and refund any applicable pro-rata premium. Regards, Sunita Yadav",,
INT000409,C0064,Email,Inbound,2025-04-18 09:49:00,,"Subject: Request to Cancel Policy POL00175 Dear Sir/Madam, I wish to cancel my motor insurance policy POL00175 for my Eicher Pro 2049. My reasons are: 1. Premium of Rs. 50,610 is not competitive compared to other insurers. 2. Poor claim settlement experience. 3. Unresponsive customer service. Please process the cancellation and refund any applicable pro-rata premium. Regards, Diya Rao",,
INT000410,C0022,Call,Inbound,2025-03-09 09:30:00,,"Customer: I received a quote from Bajaj Allianz for my Honda City that is 20% cheaper than what I pay you. Agent: Vihaan, I understand price is important. Let me check if we have any loyalty discounts available for your policy POL00587. Your current premium is Rs. 45,810. Customer: Please do. If you cannot match it, I will have to switch. Agent: I will have our retention team call you back with the best possible offer within 48 hours.",,
INT000411,C0393,Call,Inbound,2025-01-12 16:09:00,,"Agent: Good evening, Pankaj. This is Priya S. from SecureLife Motor Insurance. Your policy POL00474 for your TVS Apache RTR 160 is due for renewal on 2025-09-01. Would you like to renew? Customer: Yes, I am happy with the coverage. Please send me the renewal documents. Agent: Wonderful. I will process this right away. Thank you for continuing with us.",,
INT000412,C0353,Call,Inbound,2025-04-10 16:38:00,,"Agent: Good morning, Suresh. This is Priya S. from SecureLife Motor Insurance. Your policy POL00216 for your Eicher Pro 2049 is due for renewal on 2025-09-17. Would you like to renew? Customer: Yes, I am happy with the coverage. Please send me the renewal documents. Agent: Wonderful. I will process this right away. Thank you for continuing with us.",,
INT000413,C0018,Call,Inbound,2024-11-15 16:00:00,,"Agent: Good evening, this is Sameer T. from SecureLife Motor Insurance. Am I speaking with Advait? Customer: Yes. What is it? Agent: I am calling regarding your policy POL00569. We notice 5 overdue payment(s) totalling Rs. 4,214. Customer: I know, I have been having some financial difficulties. The premium of Rs. 4,445 is too high. Agent: I understand. We can discuss flexible payment options. Would you like to switch to quarterly payments? Customer: Maybe. But honestly I am thinking of not renewing at all. It is too expensive.",,
INT000414,C0006,Call,Inbound,2025-04-02 10:36:00,,"Customer: Hi, I have a question about my motor insurance policy POL00146. Agent: Of course, Diya. How can I help? Customer: Does my comprehensive plan cover windshield damage without affecting my NCB? Agent: Yes, windshield claims up to Rs. 5,000 are covered under the zero-depreciation add-on without impacting your No Claim Bonus. Customer: Perfect, good to know. Thanks.",,
INT000415,C0016,Call,Inbound,2025-05-14 18:41:00,,"Customer: I want to cancel my policy POL00473 immediately. Agent: I am sorry to hear that, Ritvik. May I ask the reason? Customer: Your claim service is terrible. My claim CLM00093 was rejected unfairly, I have overdue payment issues, and nobody follows up. I am done with SecureLife Motor Insurance. Agent: I understand your frustration. Let me connect you with our retention team who can review your concerns and possibly offer a resolution. Customer: I have given enough chances. Just process the cancellation.",,
INT000416,C0387,Call,Inbound,2025-04-16 10:04:00,,"Customer: I need to update the registration address on my policy POL00657. I moved from Delhi to Pune. Agent: Sure Kabir, I can help with that. I will need a copy of your new address proof. Customer: I will email it today. How long does the update take? Agent: Typically 2-3 working days after we receive the documents.",,
INT000417,C0109,WhatsApp,Inbound,2025-02-05 13:44:00,,"Neha: Hi, I renewed my policy POL00462 online. Got the documents instantly. Great experience! Agent: Thank you Neha! Happy to hear the digital process worked well. Drive safe!",,
INT000418,C0406,Call,Inbound,2025-03-15 11:22:00,,"Customer: Hi, I have a question about my motor insurance policy POL00285. Agent: Of course, Tanvi. How can I help? Customer: Does my comprehensive plan cover windshield damage without affecting my NCB? Agent: Yes, windshield claims up to Rs. 5,000 are covered under the zero-depreciation add-on without impacting your No Claim Bonus. Customer: Perfect, good to know. Thanks.",,
INT000419,C0265,Email,Inbound,2025-05-31 15:45:00,,"Customer: I need to update the registration address on my policy POL00137. I moved from Delhi to Pune. Agent: Sure Atharv, I can help with that. I will need a copy of your new address proof. Customer: I will email it today. How long does the update take? Agent: Typically 2-3 working days after we receive the documents.",,
INT000420,C0246,Call,Inbound,2025-01-06 16:10:00,,"Customer: I need to update the registration address on my policy POL00560. I moved from Delhi to Pune. Agent: Sure Ishaan, I can help with that. I will need a copy of your new address proof. Customer: I will email it today. How long does the update take? Agent: Typically 2-3 working days after we receive the documents.",,
INT000421,C0444,Call,Outbound,2025-06-06 17:55:00,,"Agent: Hello Krishna, this is a courtesy call from SecureLife Motor Insurance. Your policy POL00589 has an upcoming payment. We wanted to ensure there are no issues with your auto-debit setup. Customer: Thanks for checking. I changed my bank account recently. Let me update the auto-debit mandate. Agent: I can help you with that right now if you have your new bank details handy.",,
INT000422,C0023,Call,Inbound,2024-11-04 13:08:00,,"Customer: I received a quote from Bajaj Allianz for my Hyundai Creta that is 20% cheaper than what I pay you. Agent: Avni, I understand price is important. Let me check if we have any loyalty discounts available for your policy POL00265. Your current premium is Rs. 35,170. Customer: Please do. If you cannot match it, I will have to switch. Agent: I will have our retention team call you back with the best possible offer within 48 hours.",,
INT000423,C0075,Call,Inbound,2024-10-06 14:30:00,,"Agent: Good morning, Shivam. This is Rohit B. from SecureLife Motor Insurance. Your policy POL00571 for your Honda City is due for renewal on 2025-12-13. Would you like to renew? Customer: Yes, I am happy with the coverage. Please send me the renewal documents. Agent: Wonderful. I will process this right away. Thank you for continuing with us.",,
INT000424,C0054,Call,Inbound,2025-07-26 14:16:00,,"Agent: Good evening, this is Anita G. from SecureLife Motor Insurance. Am I speaking with Rajesh? Customer: Yes. What is it? Agent: I am calling regarding your policy POL00424. We notice 1 overdue payment(s) totalling Rs. 1,330. Customer: I know, I have been having some financial difficulties. The premium of Rs. 2,660 is too high. Agent: I understand. We can discuss flexible payment options. Would you like to switch to quarterly payments? Customer: Maybe. But honestly I am thinking of not renewing at all. It is too expensive.",,
INT000425,C0473,Call,Inbound,2024-11-10 09:58:00,,"Agent: Good morning, Pooja. This is Rohit B. from SecureLife Motor Insurance. Your policy POL00472 for your Kia Sonet is due for renewal on 2026-01-06. Would you like to renew? Customer: Yes, I am happy with the coverage. Please send me the renewal documents. Agent: Wonderful. I will process this right away. Thank you for continuing with us.",,
INT000426,C0043,WhatsApp,Inbound,2025-03-10 13:58:00,,"Ishaan: Hi, I need help with claim N/A. It was rejected and I disagree with the reason. Agent: Hello Ishaan, I am sorry about this. Let me pull up your details. Ishaan: The reason given is 'N/A' but that is wrong. My documents were complete. Agent: I understand. Let me escalate this for review. You will receive a callback within 24 hours. Ishaan: Please make sure someone actually calls this time.",,
INT000427,C0063,Call,Inbound,2025-01-04 13:08:00,,"Customer: I received a quote from Bajaj Allianz for my Tata Ace Gold that is 20% cheaper than what I pay you. Agent: Mohit, I understand price is important. Let me check if we have any loyalty discounts available for your policy POL00461. Your current premium is Rs. 9,060. Customer: Please do. If you cannot match it, I will have to switch. Agent: I will have our retention team call you back with the best possible offer within 48 hours.",,
INT000428,C0409,Email,Inbound,2025-07-07 11:36:00,,"Customer: I need to update the registration address on my policy POL00133. I moved from Delhi to Pune. Agent: Sure Aarush, I can help with that. I will need a copy of your new address proof. Customer: I will email it today. How long does the update take? Agent: Typically 2-3 working days after we receive the documents.",,
INT000429,C0125,Call,Inbound,2025-05-24 18:01:00,,"Customer: I need to update the registration address on my policy POL00416. I moved from Delhi to Pune. Agent: Sure Reyansh, I can help with that. I will need a copy of your new address proof. Customer: I will email it today. How long does the update take? Agent: Typically 2-3 working days after we receive the documents.",,
INT000430,C0086,Call,Inbound,2025-09-23 09:46:00,,"Customer: I keep getting SMS reminders about overdue payments for policy POL00730. Agent: Yes Krishna, there are 4 pending payments of Rs. 103,010 total. Customer: Your auto-debit failed twice and now you are charging me late fees. This is your system error. Agent: Let me check the transaction logs. I can see the auto-debit attempts were declined by your bank. Customer: Fine, but waive the late fees at least. Otherwise I will let the policy lapse.",,
INT000431,C0078,Call,Inbound,2025-08-25 13:19:00,,"Customer: I need to update the registration address on my policy POL00107. I moved from Delhi to Pune. Agent: Sure Komal, I can help with that. I will need a copy of your new address proof. Customer: I will email it today. How long does the update take? Agent: Typically 2-3 working days after we receive the documents.",,
INT000432,C0065,Email,Inbound,2024-09-28 13:11:00,,"Subject: Formal Complaint - Claim CLM00264 Wrongly Rejected Dear Sir/Madam, I am writing to formally complain about the rejection of my motor insurance claim CLM00264 dated 2024-09-22. The claim was for Rs. 98,762 due to Accident. The rejection reason given was: Pre-existing damage detected during surveyor inspection. I find this unacceptable as all required documents including the FIR copy, photographs, and repair estimate were submitted within the stipulated timeframe. I demand an immediate review. If not resolved within 7 working days, I will file a complaint with the Insurance Ombudsman and IRDAI. Policy: POL00640 Claim: CLM00264 Regards, Diya Singh",,
INT000433,C0064,Call,Inbound,2024-12-10 12:39:00,,"Customer: I need to update the registration address on my policy POL00744. I moved from Delhi to Pune. Agent: Sure Diya, I can help with that. I will need a copy of your new address proof. Customer: I will email it today. How long does the update take? Agent: Typically 2-3 working days after we receive the documents.",,
INT000434,C0030,Call,Inbound,2024-12-17 12:21:00,,"Agent: Good morning, Shaurya. This is Sameer T. from SecureLife Motor Insurance. Your policy POL00289 for your Kia Seltos is due for renewal on 2026-07-28. Would you like to renew? Customer: Yes, I am happy with the coverage. Please send me the renewal documents. Agent: Wonderful. I will process this right away. Thank you for continuing with us.",,
INT000435,C0128,Call,Inbound,2024-11-10 12:03:00,,"Customer: Hi, I have a question about my motor insurance policy POL00406. Agent: Of course, Aanya. How can I help? Customer: Does my comprehensive plan cover windshield damage without affecting my NCB? Agent: Yes, windshield claims up to Rs. 5,000 are covered under the zero-depreciation add-on without impacting your No Claim Bonus. Customer: Perfect, good to know. Thanks.",,
INT000436,C0030,WhatsApp,Inbound,2025-09-17 18:34:00,,"Shaurya: My policy POL00289 payment failed again. This is the third time. Agent: Sorry about that, Shaurya. Let me check what happened with the auto-debit. Shaurya: I have sufficient balance. Your system is broken. Fix it or I am switching. Agent: I will raise a technical ticket immediately. In the meantime, here is a direct payment link.",,
INT000437,C0366,Call,Inbound,2025-08-22 15:03:00,,"Customer: Hi, I renewed my policy POL00734 online and the process was very smooth. Just wanted to give positive feedback. Agent: Thank you, Manisha! We are glad the digital renewal worked well for you. Customer: Yes, much better than last year. The app has improved a lot.",,
INT000438,C0017,Call,Inbound,2025-04-15 17:54:00,,"Customer: I keep getting SMS reminders about overdue payments for policy POL00553. Agent: Yes Dinesh, there are 1 pending payments of Rs. 12,380 total. Customer: Your auto-debit failed twice and now you are charging me late fees. This is your system error. Agent: Let me check the transaction logs. I can see the auto-debit attempts were declined by your bank. Customer: Fine, but waive the late fees at least. Otherwise I will let the policy lapse.",,
INT000439,C0412,Email,Inbound,2025-04-25 10:05:00,,"Agent: Good afternoon, Ritvik. This is Divya P. from SecureLife Motor Insurance. Your policy POL00092 for your Hyundai Creta is due for renewal on 2025-05-10. Would you like to renew? Customer: Yes, I am happy with the coverage. Please send me the renewal documents. Agent: Wonderful. I will process this right away. Thank you for continuing with us.",,
INT000440,C0081,Call,Inbound,2025-01-23 17:04:00,,"Customer: I received a quote from Bajaj Allianz for my Hyundai Creta that is 20% cheaper than what I pay you. Agent: Anvi, I understand price is important. Let me check if we have any loyalty discounts available for your policy POL00644. Your current premium is Rs. 38,790. Customer: Please do. If you cannot match it, I will have to switch. Agent: I will have our retention team call you back with the best possible offer within 48 hours.",,
INT000441,C0433,Call,Inbound,2024-10-11 13:39:00,,"Customer: Hi, I have a question about my motor insurance policy POL00252. Agent: Of course, Mohit. How can I help? Customer: Does my comprehensive plan cover windshield damage without affecting my NCB? Agent: Yes, windshield claims up to Rs. 5,000 are covered under the zero-depreciation add-on without impacting your No Claim Bonus. Customer: Perfect, good to know. Thanks.",,
INT000442,C0477,Call,Inbound,2025-01-17 10:57:00,,"Agent: Good afternoon, Anand. This is Vikram D. from SecureLife Motor Insurance. Your policy POL00290 for your Bajaj Pulsar 150 is due for renewal on 2026-05-21. Would you like to renew? Customer: Yes, I am happy with the coverage. Please send me the renewal documents. Agent: Wonderful. I will process this right away. Thank you for continuing with us.",,
INT000443,C0222,Email,Inbound,2025-09-20 15:07:00,,"Subject: Thank you - Claim CLM00267 Settled Dear SecureLife Motor Insurance Team, I am writing to thank you for the prompt settlement of my claim CLM00267. The amount of Rs. 75,587 was credited to my account within the promised timeline. Special thanks to the surveyor and claims team for the professional handling. I will definitely continue with SecureLife Motor Insurance. Warm regards, Sneha Nambiar",,
INT000444,C0069,Call,Inbound,2025-07-23 09:55:00,,"Customer: I need to update the registration address on my policy POL00278. I moved from Delhi to Pune. Agent: Sure Sanjay, I can help with that. I will need a copy of your new address proof. Customer: I will email it today. How long does the update take? Agent: Typically 2-3 working days after we receive the documents.",,
INT000445,C0235,Call,Inbound,2025-01-15 14:42:00,,"Customer: I need to update the registration address on my policy POL00550. I moved from Delhi to Pune. Agent: Sure Pranav, I can help with that. I will need a copy of your new address proof. Customer: I will email it today. How long does the update take? Agent: Typically 2-3 working days after we receive the documents.",,
INT000446,C0305,Call,Outbound,2024-10-09 15:01:00,,"Agent: Good evening, Ishaan. This is Raj M. from SecureLife Motor Insurance. I am calling to remind you that your premium payment of Rs. 19,830 for policy POL00191 was due recently. Would you like to make the payment now? Customer: Oh yes, I forgot. Can I pay through UPI right now? Agent: Absolutely. I will send you a payment link on WhatsApp. The payment is Rs. 19,830. Customer: Got it. Let me pay now. Done. Agent: Payment received. Thank you, Ishaan. Your policy remains active.",,
INT000447,C0259,Call,Inbound,2025-08-10 09:46:00,,"Agent: Good afternoon, Tushar. This is Arun K. from SecureLife Motor Insurance. Your policy POL00243 for your Bajaj Pulsar 150 is due for renewal on 2025-12-03. Would you like to renew? Customer: Yes, I am happy with the coverage. Please send me the renewal documents. Agent: Wonderful. I will process this right away. Thank you for continuing with us.",,
INT000448,C0020,Call,Inbound,2024-10-27 10:24:00,,"Agent: Good afternoon, Deepak. This is Priya S. from SecureLife Motor Insurance. Your policy POL00646 for your Maruti Suzuki Baleno is due for renewal on 2026-08-20. Would you like to renew? Customer: Yes, I am happy with the coverage. Please send me the renewal documents. Agent: Wonderful. I will process this right away. Thank you for continuing with us.",,
INT000449,C0285,Email,Inbound,2025-02-25 18:02:00,,"Customer: I need to update the registration address on my policy POL00245. I moved from Delhi to Pune. Agent: Sure Shruti, I can help with that. I will need a copy of your new address proof. Customer: I will email it today. How long does the update take? Agent: Typically 2-3 working days after we receive the documents.",,
INT000450,C0322,Email,Inbound,2025-01-26 11:33:00,,"Customer: I need to update the registration address on my policy POL00211. I moved from Delhi to Pune. Agent: Sure Ramesh, I can help with that. I will need a copy of your new address proof. Customer: I will email it today. How long does the update take? Agent: Typically 2-3 working days after we receive the documents.",,
INT000451,C0062,Call,Inbound,2024-11-09 12:29:00,,"Customer: I want to cancel my policy POL00204 immediately. Agent: I am sorry to hear that, Priya. May I ask the reason? Customer: Your claim service is terrible. My claim CLM00252 was rejected unfairly, I have overdue payment issues, and nobody follows up. I am done with SecureLife Motor Insurance. Agent: I understand your frustration. Let me connect you with our retention team who can review your concerns and possibly offer a resolution. Customer: I have given enough chances. Just process the cancellation.",,
INT000452,C0054,Call,Inbound,2025-09-03 15:38:00,,"Agent: Good evening, this is Priya S. from SecureLife Motor Insurance. Am I speaking with Rajesh? Customer: Yes. What is it? Agent: I am calling regarding your policy POL00424. We notice 1 overdue payment(s) totalling Rs. 1,330. Customer: I know, I have been having some financial difficulties. The premium of Rs. 2,660 is too high. Agent: I understand. We can discuss flexible payment options. Would you like to switch to quarterly payments? Customer: Maybe. But honestly I am thinking of not renewing at all. It is too expensive.",,
INT000453,C0453,Call,Inbound,2025-03-02 16:57:00,,"Agent: Good evening, Anil. This is Rohit B. from SecureLife Motor Insurance. I am calling to confirm that your claim CLM00122 for Rs. 146,621 has been settled. The amount has been transferred to your bank account. Customer: Oh, that is great news! Thank you so much. The process was smooth this time. Agent: We are glad to hear that. Is there anything else I can help you with? Customer: No, that is all. I am happy with the service. Thank you.",,
INT000454,C0050,Call,Inbound,2025-02-10 14:04:00,,"Customer: I am comparing motor insurance and SecureLife Motor Insurance seems overpriced. ICICI Lombard and New India Assurance both quoted lower for the same coverage on my Honda City. Agent: Amit, our plans include benefits like 24x7 roadside assistance and cashless repairs at 5,000+ garages. But let me see what special rate I can offer for your renewal. Customer: OK, but the difference needs to be significant for me to stay.",,
INT000455,C0173,Call,Inbound,2024-10-21 18:50:00,,"Customer: Hi, I renewed my policy POL00761 online and the process was very smooth. Just wanted to give positive feedback. Agent: Thank you, Anvi! We are glad the digital renewal worked well for you. Customer: Yes, much better than last year. The app has improved a lot.",,
INT000456,C0206,Email,Inbound,2025-06-13 18:59:00,,"Agent: Good evening, Kian. This is Priya S. from SecureLife Motor Insurance. Your policy POL00343 for your Honda City is due for renewal on 2025-11-30. Would you like to renew? Customer: Yes, I am happy with the coverage. Please send me the renewal documents. Agent: Wonderful. I will process this right away. Thank you for continuing with us.",,
INT000457,C0093,Call,Inbound,2025-06-11 12:49:00,,"Customer: I keep getting SMS reminders about overdue payments for policy POL00234. Agent: Yes Ananya, there are 2 pending payments of Rs. 1,080 total. Customer: Your auto-debit failed twice and now you are charging me late fees. This is your system error. Agent: Let me check the transaction logs. I can see the auto-debit attempts were declined by your bank. Customer: Fine, but waive the late fees at least. Otherwise I will let the policy lapse.",,
INT000458,C0245,Call,Outbound,2025-01-18 17:30:00,,"Agent: Hello Rahul, this is a courtesy call from SecureLife Motor Insurance. Your policy POL00715 has an upcoming payment. We wanted to ensure there are no issues with your auto-debit setup. Customer: Thanks for checking. I changed my bank account recently. Let me update the auto-debit mandate. Agent: I can help you with that right now if you have your new bank details handy.",,
INT000459,C0021,Call,Inbound,2025-09-22 10:09:00,,"Agent: Good evening, this is Vikram D. from SecureLife Motor Insurance. Am I speaking with Ravi? Customer: Yes. What is it? Agent: I am calling regarding your policy POL00433. We notice 2 overdue payment(s) totalling Rs. 2,940. Customer: I know, I have been having some financial difficulties. The premium of Rs. 1,470 is too high. Agent: I understand. We can discuss flexible payment options. Would you like to switch to quarterly payments? Customer: Maybe. But honestly I am thinking of not renewing at all. It is too expensive.",,
INT000460,C0008,Call,Inbound,2025-04-06 13:37:00,,"Customer: I received a quote from Bajaj Allianz for my Toyota Innova Crysta that is 20% cheaper than what I pay you. Agent: Prisha, I understand price is important. Let me check if we have any loyalty discounts available for your policy POL00318. Your current premium is Rs. 58,740. Customer: Please do. If you cannot match it, I will have to switch. Agent: I will have our retention team call you back with the best possible offer within 48 hours.",,
INT000461,C0260,Email,Inbound,2025-05-30 17:32:00,,"Agent: Good afternoon, Nikhil. This is Vikram D. from SecureLife Motor Insurance. Your policy POL00085 for your Maruti Suzuki Brezza is due for renewal on 2026-04-21. Would you like to renew? Customer: Yes, I am happy with the coverage. Please send me the renewal documents. Agent: Wonderful. I will process this right away. Thank you for continuing with us.",,
INT000462,C0159,Call,Inbound,2025-01-02 12:49:00,,"Customer: I just wanted to call and say thank you. Raj M. helped me with my claim last week and the experience was excellent. Very professional. Agent: Thank you so much, Aanya. We really appreciate your kind words. Is there anything else? Customer: No, keep up the good work. I have already recommended SecureLife Motor Insurance to my colleagues.",,
INT000463,C0015,Call,Inbound,2025-01-20 13:06:00,,"Customer: Hi, I have a question about my motor insurance policy POL00420. Agent: Of course, Suresh. How can I help? Customer: Does my comprehensive plan cover windshield damage without affecting my NCB? Agent: Yes, windshield claims up to Rs. 5,000 are covered under the zero-depreciation add-on without impacting your No Claim Bonus. Customer: Perfect, good to know. Thanks.",,
INT000464,C0291,Call,Inbound,2024-10-09 12:22:00,,"Customer: I need to update the registration address on my policy POL00423. I moved from Delhi to Pune. Agent: Sure Kian, I can help with that. I will need a copy of your new address proof. Customer: I will email it today. How long does the update take? Agent: Typically 2-3 working days after we receive the documents.",,
INT000465,C0078,Call,Inbound,2025-08-31 09:10:00,,"Customer: I keep getting SMS reminders about overdue payments for policy POL00107. Agent: Yes Komal, there are 1 pending payments of Rs. 3,930 total. Customer: Your auto-debit failed twice and now you are charging me late fees. This is your system error. Agent: Let me check the transaction logs. I can see the auto-debit attempts were declined by your bank. Customer: Fine, but waive the late fees at least. Otherwise I will let the policy lapse.",,
INT000466,C0005,WhatsApp,Inbound,2025-02-09 10:11:00,,"Rahul: My policy POL00014 payment failed again. This is the third time. Agent: Sorry about that, Rahul. Let me check what happened with the auto-debit. Rahul: I have sufficient balance. Your system is broken. Fix it or I am switching. Agent: I will raise a technical ticket immediately. In the meantime, here is a direct payment link.",,
INT000467,C0338,Call,Inbound,2025-01-12 09:21:00,,"Customer: Hi, I have a question about my motor insurance policy POL00642. Agent: Of course, Komal. How can I help? Customer: Does my comprehensive plan cover windshield damage without affecting my NCB? Agent: Yes, windshield claims up to Rs. 5,000 are covered under the zero-depreciation add-on without impacting your No Claim Bonus. Customer: Perfect, good to know. Thanks.",,
INT000468,C0052,Email,Inbound,2025-01-22 17:35:00,,"Subject: Formal Complaint - Claim CLM00055 Wrongly Rejected Dear Sir/Madam, I am writing to formally complain about the rejection of my motor insurance claim CLM00055 dated 2024-03-05. The claim was for Rs. 162,248 due to Accident. The rejection reason given was: Incident occurred while driving under influence of alcohol. I find this unacceptable as all required documents including the FIR copy, photographs, and repair estimate were submitted within the stipulated timeframe. I demand an immediate review. If not resolved within 7 working days, I will file a complaint with the Insurance Ombudsman and IRDAI. Policy: POL00288 Claim: CLM00055 Regards, Manoj Srivastava",,
INT000469,C0036,Call,Inbound,2025-04-14 11:30:00,,"Agent: Good afternoon, this is Raj M. from SecureLife Motor Insurance. Am I speaking with Pradeep? Customer: Yes. What is it? Agent: I am calling regarding your policy POL00528. We notice 3 overdue payment(s) totalling Rs. 34,340. Customer: I know, I have been having some financial difficulties. The premium of Rs. 31,970 is too high. Agent: I understand. We can discuss flexible payment options. Would you like to switch to quarterly payments? Customer: Maybe. But honestly I am thinking of not renewing at all. It is too expensive.",,
INT000470,C0166,Call,Inbound,2025-05-23 17:34:00,,"Customer: I just wanted to call and say thank you. Divya P. helped me with my claim last week and the experience was excellent. Very professional. Agent: Thank you so much, Dinesh. We really appreciate your kind words. Is there anything else? Customer: No, keep up the good work. I have already recommended SecureLife Motor Insurance to my colleagues.",,
INT000471,C0098,Call,Inbound,2025-09-07 12:04:00,,"Agent: Hello, Arun K. from SecureLife Motor Insurance. Is this Vikram? Customer: Yes, and I am very upset. My claim CLM00263 for Rs. 17,612 was rejected. Agent: I see the claim dated 2025-03-15 for Accident. Let me review it. Customer: Your surveyor gave a wrong report. Vehicle used for commercial purposes under personal policy - that is simply not true. Agent: I will escalate this to our senior claims officer for a re-evaluation. Customer: Do it fast. I am already talking to HDFC Ergo and Bajaj Allianz for quotes.",,
INT000472,C0447,Call,Outbound,2024-11-09 18:51:00,,"Agent: Hello Gaurav, this is a courtesy call from SecureLife Motor Insurance. Your policy POL00759 has an upcoming payment. We wanted to ensure there are no issues with your auto-debit setup. Customer: Thanks for checking. I changed my bank account recently. Let me update the auto-debit mandate. Agent: I can help you with that right now if you have your new bank details handy.",,
INT000473,C0034,Call,Inbound,2025-09-16 13:29:00,,"Agent: Good afternoon, this is Priya S. from SecureLife Motor Insurance. Am I speaking with Kiara? Customer: Yes. What is it? Agent: I am calling regarding your policy POL00241. We notice 5 overdue payment(s) totalling Rs. 31,565. Customer: I know, I have been having some financial difficulties. The premium of Rs. 26,480 is too high. Agent: I understand. We can discuss flexible payment options. Would you like to switch to quarterly payments? Customer: Maybe. But honestly I am thinking of not renewing at all. It is too expensive.",,
INT000474,C0404,Email,Inbound,2025-03-19 18:09:00,,"Agent: Good morning, Shalini. This is Rohit B. from SecureLife Motor Insurance. Your policy POL00573 for your Toyota Innova Crysta is due for renewal on 2026-03-17. Would you like to renew? Customer: Yes, I am happy with the coverage. Please send me the renewal documents. Agent: Wonderful. I will process this right away. Thank you for continuing with us.",,
INT000475,C0372,Call,Inbound,2025-05-17 10:17:00,,"Customer: Hi, my policy POL00690 is coming up for renewal on 2026-02-23. What is the renewal premium? Agent: Good morning, Vijay. Let me check. Your current premium is Rs. 43,970. With your NCB benefits, the renewal premium would be slightly lower. I will email you the exact quote. Customer: OK, and can I add zero-depreciation cover this time? Agent: Absolutely. I will include that in the quote. You should receive it within 24 hours.",,
INT000476,C0097,WhatsApp,Inbound,2025-04-22 09:21:00,,"Sanjay: Hi, I need help with claim N/A. It was rejected and I disagree with the reason. Agent: Hello Sanjay, I am sorry about this. Let me pull up your details. Sanjay: The reason given is 'N/A' but that is wrong. My documents were complete. Agent: I understand. Let me escalate this for review. You will receive a callback within 24 hours. Sanjay: Please make sure someone actually calls this time.",,
INT000477,C0358,WhatsApp,Inbound,2025-04-23 13:28:00,,"Kavita: Just received the claim settlement. Thank you! Very quick service this time. Agent: Glad to hear it, Kavita! Is there anything else you need help with? Kavita: No, all good. Will renew my policy next month.",,
INT000478,C0047,WhatsApp,Inbound,2025-08-08 13:42:00,,"Aarush: My policy POL00736 payment failed again. This is the third time. Agent: Sorry about that, Aarush. Let me check what happened with the auto-debit. Aarush: I have sufficient balance. Your system is broken. Fix it or I am switching. Agent: I will raise a technical ticket immediately. In the meantime, here is a direct payment link.",,
INT000479,C0235,Call,Inbound,2025-05-12 14:30:00,,"Customer: Hi, I renewed my policy POL00550 online and the process was very smooth. Just wanted to give positive feedback. Agent: Thank you, Pranav! We are glad the digital renewal worked well for you. Customer: Yes, much better than last year. The app has improved a lot.",,
INT000480,C0098,Call,Inbound,2025-09-15 12:13:00,,"Customer: I am comparing motor insurance and SecureLife Motor Insurance seems overpriced. ICICI Lombard and New India Assurance both quoted lower for the same coverage on my Bajaj Pulsar 150. Agent: Vikram, our plans include benefits like 24x7 roadside assistance and cashless repairs at 5,000+ garages. But let me see what special rate I can offer for your renewal. Customer: OK, but the difference needs to be significant for me to stay.",,
INT000481,C0480,Email,Inbound,2024-11-23 12:15:00,,"Customer: Hi, I have a question about my motor insurance policy POL00698. Agent: Of course, Shaurya. How can I help? Customer: Does my comprehensive plan cover windshield damage without affecting my NCB? Agent: Yes, windshield claims up to Rs. 5,000 are covered under the zero-depreciation add-on without impacting your No Claim Bonus. Customer: Perfect, good to know. Thanks.",,
INT000482,C0363,Call,Inbound,2025-04-28 10:00:00,,"Customer: I need to update the registration address on my policy POL00496. I moved from Delhi to Pune. Agent: Sure Ashok, I can help with that. I will need a copy of your new address proof. Customer: I will email it today. How long does the update take? Agent: Typically 2-3 working days after we receive the documents.",,
INT000483,C0009,Email,Inbound,2024-10-04 17:02:00,,"Subject: Formal Complaint - Claim CLM00033 Wrongly Rejected Dear Sir/Madam, I am writing to formally complain about the rejection of my motor insurance claim CLM00033 dated 2025-08-19. The claim was for Rs. 144,704 due to Theft. The rejection reason given was: Repairs done at unauthorized garage without prior approval. I find this unacceptable as all required documents including the FIR copy, photographs, and repair estimate were submitted within the stipulated timeframe. I demand an immediate review. If not resolved within 7 working days, I will file a complaint with the Insurance Ombudsman and IRDAI. Policy: POL00121 Claim: CLM00033 Regards, Shivam Singh",,
INT000484,C0051,WhatsApp,Inbound,2024-11-03 14:18:00,,"Ira: My policy POL00185 payment failed again. This is the third time. Agent: Sorry about that, Ira. Let me check what happened with the auto-debit. Ira: I have sufficient balance. Your system is broken. Fix it or I am switching. Agent: I will raise a technical ticket immediately. In the meantime, here is a direct payment link.",,
INT000485,C0049,Call,Inbound,2025-05-08 16:18:00,,"Agent: Good morning, this is Divya P. from SecureLife Motor Insurance. Am I speaking with Dinesh? Customer: Yes. I want to know why my claim CLM00074 was rejected. Agent: Let me check. The claim was filed on 2025-09-12 for Rs. 411,354 regarding Theft. Customer: I submitted every document you asked for. The rejection reason makes no sense. Agent: The noted reason is: Claim filed after the stipulated 48-hour reporting window. I understand this is frustrating. Customer: Frustrating? This is unacceptable. I will escalate to IRDAI if this is not reversed within a week.",,
INT000486,C0205,Email,Inbound,2025-01-11 13:33:00,,"Customer: I need to update the registration address on my policy POL00325. I moved from Delhi to Pune. Agent: Sure Myra, I can help with that. I will need a copy of your new address proof. Customer: I will email it today. How long does the update take? Agent: Typically 2-3 working days after we receive the documents.",,
INT000487,C0002,Email,Inbound,2025-02-13 16:48:00,,"Subject: Request to Cancel Policy POL00512 Dear Sir/Madam, I wish to cancel my motor insurance policy POL00512 for my Ashok Leyland Dost. My reasons are: 1. Premium of Rs. 15,750 is not competitive compared to other insurers. 2. Poor claim settlement experience. 3. Unresponsive customer service. Please process the cancellation and refund any applicable pro-rata premium. Regards, Ashok Verma",,
INT000488,C0335,Call,Inbound,2025-01-01 10:07:00,,"Customer: I need to update the registration address on my policy POL00077. I moved from Delhi to Pune. Agent: Sure Shaurya, I can help with that. I will need a copy of your new address proof. Customer: I will email it today. How long does the update take? Agent: Typically 2-3 working days after we receive the documents.",,
INT000489,C0038,WhatsApp,Inbound,2025-05-09 18:01:00,,"Shivam: Hi, I need help with claim N/A. It was rejected and I disagree with the reason. Agent: Hello Shivam, I am sorry about this. Let me pull up your details. Shivam: The reason given is 'N/A' but that is wrong. My documents were complete. Agent: I understand. Let me escalate this for review. You will receive a callback within 24 hours. Shivam: Please make sure someone actually calls this time.",,
INT000490,C0012,Call,Inbound,2025-02-11 13:14:00,,"Customer: I am comparing motor insurance and SecureLife Motor Insurance seems overpriced. ICICI Lombard and New India Assurance both quoted lower for the same coverage on my Maruti Suzuki Swift. Agent: Manisha, our plans include benefits like 24x7 roadside assistance and cashless repairs at 5,000+ garages. But let me see what special rate I can offer for your renewal. Customer: OK, but the difference needs to be significant for me to stay.",,
INT000491,C0086,Call,Inbound,2025-01-26 09:52:00,,"Customer: Hi, I have a question about my motor insurance policy POL00730. Agent: Of course, Krishna. How can I help? Customer: Does my comprehensive plan cover windshield damage without affecting my NCB? Agent: Yes, windshield claims up to Rs. 5,000 are covered under the zero-depreciation add-on without impacting your No Claim Bonus. Customer: Perfect, good to know. Thanks.",,
INT000492,C0030,Call,Inbound,2024-12-03 18:11:00,,"Agent: Good evening, this is Divya P. calling from SecureLife Motor Insurance. May I speak with Shaurya? Customer: Speaking. Look, I have called three times about claim CLM00090. Nobody helps me. Agent: I sincerely apologise for the experience. Your claim for Rs. 91,822 shows: Claim amount exceeds the Insured Declared Value (IDV). Customer: My Kia Seltos is sitting in the garage for weeks. I need this resolved now or I am cancelling everything.",,
INT000493,C0207,Email,Inbound,2025-05-31 10:29:00,,"Agent: Good afternoon, Vikram. This is Rohit B. from SecureLife Motor Insurance. Your policy POL00557 for your Maruti Suzuki Baleno is due for renewal on 2025-10-23. Would you like to renew? Customer: Yes, I am happy with the coverage. Please send me the renewal documents. Agent: Wonderful. I will process this right away. Thank you for continuing with us.",,
INT000494,C0073,Call,Inbound,2025-01-02 15:54:00,,"Customer: Hello, I would like to cancel policy POL00438 for my Yamaha FZ-S V3. Agent: Ishaan, I am sorry to hear this. Can I understand what went wrong? Customer: I found much better rates with ICICI Lombard. Your premium of Rs. 2,040 is not competitive. Agent: We do have loyalty discounts and NCB benefits. Shall I check what we can offer? Customer: I already compared. Please just cancel it.",,
INT000495,C0085,Call,Inbound,2025-05-18 10:59:00,,"Customer: I want to cancel my policy POL00443 immediately. Agent: I am sorry to hear that, Anika. May I ask the reason? Customer: Your claim service is terrible. My claim CLM00285 was rejected unfairly, I have overdue payment issues, and nobody follows up. I am done with SecureLife Motor Insurance. Agent: I understand your frustration. Let me connect you with our retention team who can review your concerns and possibly offer a resolution. Customer: I have given enough chances. Just process the cancellation.",,
INT000496,C0141,Call,Inbound,2025-09-25 14:23:00,,"Customer: I need to update the registration address on my policy POL00458. I moved from Delhi to Pune. Agent: Sure Ira, I can help with that. I will need a copy of your new address proof. Customer: I will email it today. How long does the update take? Agent: Typically 2-3 working days after we receive the documents.",,
INT000497,C0052,Call,Inbound,2025-04-08 09:25:00,,"Customer: I received a quote from Bajaj Allianz for my Hyundai i20 that is 20% cheaper than what I pay you. Agent: Manoj, I understand price is important. Let me check if we have any loyalty discounts available for your policy POL00288. Your current premium is Rs. 13,550. Customer: Please do. If you cannot match it, I will have to switch. Agent: I will have our retention team call you back with the best possible offer within 48 hours.",,
INT000498,C0301,Call,Inbound,2025-09-21 10:18:00,,"Customer: I need to update the registration address on my policy POL00402. I moved from Delhi to Pune. Agent: Sure Aarohi, I can help with that. I will need a copy of your new address proof. Customer: I will email it today. How long does the update take? Agent: Typically 2-3 working days after we receive the documents.",,
INT000499,C0322,Call,Outbound,2025-05-23 11:30:00,,"Agent: Good evening, Ramesh. This is Raj M. from SecureLife Motor Insurance. I am calling to remind you that your premium payment of Rs. 3,100 for policy POL00211 was due recently. Would you like to make the payment now? Customer: Oh yes, I forgot. Can I pay through UPI right now? Agent: Absolutely. I will send you a payment link on WhatsApp. The payment is Rs. 3,100. Customer: Got it. Let me pay now. Done. Agent: Payment received. Thank you, Ramesh. Your policy remains active.",,
INT000500,C0051,Call,Inbound,2025-04-13 09:39:00,,"Customer: Hi, I have a question about my motor insurance policy POL00185. Agent: Of course, Ira. How can I help? Customer: Does my comprehensive plan cover windshield damage without affecting my NCB? Agent: Yes, windshield claims up to Rs. 5,000 are covered under the zero-depreciation add-on without impacting your No Claim Bonus. Customer: Perfect, good to know. Thanks.",,
INT000501,C0200,WhatsApp,Inbound,2025-08-17 14:27:00,,"Sara: Just received the claim settlement. Thank you! Very quick service this time. Agent: Glad to hear it, Sara! Is there anything else you need help with? Sara: No, all good. Will renew my policy next month.",,
INT000502,C0010,Call,Inbound,2025-07-19 10:54:00,,"Agent: Good evening, this is Divya P. from SecureLife Motor Insurance. Am I speaking with Mohit? Customer: Yes. What is it? Agent: I am calling regarding your policy POL00758. We notice 2 overdue payment(s) totalling Rs. 83,720. Customer: I know, I have been having some financial difficulties. The premium of Rs. 41,860 is too high. Agent: I understand. We can discuss flexible payment options. Would you like to switch to quarterly payments? Customer: Maybe. But honestly I am thinking of not renewing at all. It is too expensive.",,
INT000503,C0007,WhatsApp,Inbound,2024-10-15 17:54:00,,"Vivaan: Hi, I need help with claim N/A. It was rejected and I disagree with the reason. Agent: Hello Vivaan, I am sorry about this. Let me pull up your details. Vivaan: The reason given is 'N/A' but that is wrong. My documents were complete. Agent: I understand. Let me escalate this for review. You will receive a callback within 24 hours. Vivaan: Please make sure someone actually calls this time.",,
INT000504,C0066,Call,Inbound,2025-01-19 16:40:00,,"Customer: I received a quote from Bajaj Allianz for my Eicher Pro 2049 that is 20% cheaper than what I pay you. Agent: Kian, I understand price is important. Let me check if we have any loyalty discounts available for your policy POL00764. Your current premium is Rs. 22,370. Customer: Please do. If you cannot match it, I will have to switch. Agent: I will have our retention team call you back with the best possible offer within 48 hours.",,
INT000505,C0053,Call,Inbound,2024-12-31 17:08:00,,"Customer: I received a quote from Bajaj Allianz for my Maruti Suzuki Swift that is 20% cheaper than what I pay you. Agent: Ritvik, I understand price is important. Let me check if we have any loyalty discounts available for your policy POL00559. Your current premium is Rs. 18,610. Customer: Please do. If you cannot match it, I will have to switch. Agent: I will have our retention team call you back with the best possible offer within 48 hours.",,
INT000506,C0011,Call,Inbound,2025-01-25 15:04:00,,"Agent: Good afternoon, this is Anita G. from SecureLife Motor Insurance. Am I speaking with Zara? Customer: Yes. What is it? Agent: I am calling regarding your policy POL00011. We notice 1 overdue payment(s) totalling Rs. 21,750. Customer: I know, I have been having some financial difficulties. The premium of Rs. 21,750 is too high. Agent: I understand. We can discuss flexible payment options. Would you like to switch to quarterly payments? Customer: Maybe. But honestly I am thinking of not renewing at all. It is too expensive.",,
INT000507,C0322,Call,Inbound,2024-11-21 12:27:00,,"Customer: I need to update the registration address on my policy POL00211. I moved from Delhi to Pune. Agent: Sure Ramesh, I can help with that. I will need a copy of your new address proof. Customer: I will email it today. How long does the update take? Agent: Typically 2-3 working days after we receive the documents.",,
INT000508,C0163,Call,Inbound,2024-12-07 10:45:00,,"Customer: Hi, I have a question about my motor insurance policy POL00577. Agent: Of course, Kabir. How can I help? Customer: Does my comprehensive plan cover windshield damage without affecting my NCB? Agent: Yes, windshield claims up to Rs. 5,000 are covered under the zero-depreciation add-on without impacting your No Claim Bonus. Customer: Perfect, good to know. Thanks.",,
INT000509,C0117,WhatsApp,Inbound,2025-02-08 10:11:00,,"Karan: Hi, I renewed my policy POL00123 online. Got the documents instantly. Great experience! Agent: Thank you Karan! Happy to hear the digital process worked well. Drive safe!",,
INT000510,C0309,Call,Inbound,2025-06-26 18:26:00,,"Customer: I need to update the registration address on my policy POL00168. I moved from Delhi to Pune. Agent: Sure Priya, I can help with that. I will need a copy of your new address proof. Customer: I will email it today. How long does the update take? Agent: Typically 2-3 working days after we receive the documents.",,
INT000511,C0133,Email,Inbound,2025-01-12 10:55:00,,"Agent: Good evening, Anand. This is Anita G. from SecureLife Motor Insurance. Your policy POL00058 for your Eicher Pro 2049 is due for renewal on 2026-03-26. Would you like to renew? Customer: Yes, I am happy with the coverage. Please send me the renewal documents. Agent: Wonderful. I will process this right away. Thank you for continuing with us.",,
INT000512,C0060,WhatsApp,Inbound,2025-09-16 18:45:00,,"Ajay: My policy POL00119 payment failed again. This is the third time. Agent: Sorry about that, Ajay. Let me check what happened with the auto-debit. Ajay: I have sufficient balance. Your system is broken. Fix it or I am switching. Agent: I will raise a technical ticket immediately. In the meantime, here is a direct payment link.",,
INT000513,C0165,Email,Inbound,2024-11-05 15:44:00,,"Customer: Hi, I have a question about my motor insurance policy POL00489. Agent: Of course, Aarush. How can I help? Customer: Does my comprehensive plan cover windshield damage without affecting my NCB? Agent: Yes, windshield claims up to Rs. 5,000 are covered under the zero-depreciation add-on without impacting your No Claim Bonus. Customer: Perfect, good to know. Thanks.",,
INT000514,C0400,Call,Outbound,2024-10-11 11:01:00,,"Agent: Good evening, Shaurya. This is Sameer T. from SecureLife Motor Insurance. I am calling to remind you that your premium payment of Rs. 2,000 for policy POL00564 was due recently. Would you like to make the payment now? Customer: Oh yes, I forgot. Can I pay through UPI right now? Agent: Absolutely. I will send you a payment link on WhatsApp. The payment is Rs. 2,000. Customer: Got it. Let me pay now. Done. Agent: Payment received. Thank you, Shaurya. Your policy remains active.",,
INT000515,C0137,Call,Outbound,2025-03-10 09:13:00,,"Agent: Hello Ashok, this is a courtesy call from SecureLife Motor Insurance. Your policy POL00156 has an upcoming payment. We wanted to ensure there are no issues with your auto-debit setup. Customer: Thanks for checking. I changed my bank account recently. Let me update the auto-debit mandate. Agent: I can help you with that right now if you have your new bank details handy.",,
INT000516,C0042,Call,Inbound,2025-04-05 18:37:00,,"Customer: I keep getting SMS reminders about overdue payments for policy POL00413. Agent: Yes Pankaj, there are 2 pending payments of Rs. 44,990 total. Customer: Your auto-debit failed twice and now you are charging me late fees. This is your system error. Agent: Let me check the transaction logs. I can see the auto-debit attempts were declined by your bank. Customer: Fine, but waive the late fees at least. Otherwise I will let the policy lapse.",,
INT000517,C0251,Call,Inbound,2024-12-06 14:48:00,,"Customer: I need to update the registration address on my policy POL00417. I moved from Delhi to Pune. Agent: Sure Anvi, I can help with that. I will need a copy of your new address proof. Customer: I will email it today. How long does the update take? Agent: Typically 2-3 working days after we receive the documents.",,
INT000518,C0073,Call,Inbound,2025-01-26 12:25:00,,"Agent: Good morning, this is Arun K. from SecureLife Motor Insurance. Am I speaking with Ishaan? Customer: Yes. What is it? Agent: I am calling regarding your policy POL00755. We notice 3 overdue payment(s) totalling Rs. 86,050. Customer: I know, I have been having some financial difficulties. The premium of Rs. 42,340 is too high. Agent: I understand. We can discuss flexible payment options. Would you like to switch to quarterly payments? Customer: Maybe. But honestly I am thinking of not renewing at all. It is too expensive.",,
INT000519,C0234,Email,Inbound,2025-02-20 10:06:00,,"Subject: Thank you - Claim CLM00217 Settled Dear SecureLife Motor Insurance Team, I am writing to thank you for the prompt settlement of my claim CLM00217. The amount of Rs. 41,486 was credited to my account within the promised timeline. Special thanks to the surveyor and claims team for the professional handling. I will definitely continue with SecureLife Motor Insurance. Warm regards, Vihaan Kulkarni",,
INT000520,C0072,Call,Inbound,2025-03-09 12:02:00,,"Customer: Hello, I would like to cancel policy POL00552 for my Suzuki Access 125. Agent: Ayaan, I am sorry to hear this. Can I understand what went wrong? Customer: I found much better rates with ICICI Lombard. Your premium of Rs. 2,360 is not competitive. Agent: We do have loyalty discounts and NCB benefits. Shall I check what we can offer? Customer: I already compared. Please just cancel it.",,
INT000521,C0261,Email,Inbound,2025-06-06 11:51:00,,"Customer: I need to update the registration address on my policy POL00743. I moved from Delhi to Pune. Agent: Sure Neha, I can help with that. I will need a copy of your new address proof. Customer: I will email it today. How long does the update take? Agent: Typically 2-3 working days after we receive the documents.",,
INT000522,C0061,Call,Inbound,2025-04-01 13:34:00,,"Customer: I am comparing motor insurance and SecureLife Motor Insurance seems overpriced. ICICI Lombard and New India Assurance both quoted lower for the same coverage on my Honda City. Agent: Ritvik, our plans include benefits like 24x7 roadside assistance and cashless repairs at 5,000+ garages. But let me see what special rate I can offer for your renewal. Customer: OK, but the difference needs to be significant for me to stay.",,
INT000523,C0024,Email,Inbound,2024-12-24 16:16:00,,"Subject: Request to Cancel Policy POL00165 Dear Sir/Madam, I wish to cancel my motor insurance policy POL00165 for my Honda City. My reasons are: 1. Premium of Rs. 14,430 is not competitive compared to other insurers. 2. Poor claim settlement experience. 3. Unresponsive customer service. Please process the cancellation and refund any applicable pro-rata premium. Regards, Varun Reddy",,
INT000524,C0036,Call,Inbound,2025-04-14 10:10:00,,"Customer: I keep getting SMS reminders about overdue payments for policy POL00528. Agent: Yes Pradeep, there are 3 pending payments of Rs. 34,340 total. Customer: Your auto-debit failed twice and now you are charging me late fees. This is your system error. Agent: Let me check the transaction logs. I can see the auto-debit attempts were declined by your bank. Customer: Fine, but waive the late fees at least. Otherwise I will let the policy lapse.",,
INT000525,C0375,Call,Outbound,2025-08-18 09:32:00,,"Agent: Hello Ira, this is a courtesy call from SecureLife Motor Insurance. Your policy POL00206 has an upcoming payment. We wanted to ensure there are no issues with your auto-debit setup. Customer: Thanks for checking. I changed my bank account recently. Let me update the auto-debit mandate. Agent: I can help you with that right now if you have your new bank details handy.",,
INT000526,C0039,Email,Inbound,2025-09-22 12:26:00,,"Subject: Request to Cancel Policy POL00605 Dear Sir/Madam, I wish to cancel my motor insurance policy POL00605 for my Honda City. My reasons are: 1. Premium of Rs. 5,410 is not competitive compared to other insurers. 2. Poor claim settlement experience. 3. Unresponsive customer service. Please process the cancellation and refund any applicable pro-rata premium. Regards, Preeti Shah",,
INT000527,C0058,Call,Inbound,2024-10-02 12:42:00,,"Agent: Good morning, this is Neha J. from SecureLife Motor Insurance. Am I speaking with Manisha? Customer: Yes. I want to know why my claim CLM00228 was rejected. Agent: Let me check. The claim was filed on 2024-03-02 for Rs. 11,574 regarding Roadside Assistance. Customer: I submitted every document you asked for. The rejection reason makes no sense. Agent: The noted reason is: Policy was in lapsed state at the time of incident. I understand this is frustrating. Customer: Frustrating? This is unacceptable. I will escalate to IRDAI if this is not reversed within a week.",,
INT000528,C0019,Call,Inbound,2024-12-09 11:54:00,,"Customer: Hello, I would like to cancel policy POL00733 for my Maruti Suzuki Baleno. Agent: Sara, I am sorry to hear this. Can I understand what went wrong? Customer: I found much better rates with ICICI Lombard. Your premium of Rs. 19,530 is not competitive. Agent: We do have loyalty discounts and NCB benefits. Shall I check what we can offer? Customer: I already compared. Please just cancel it.",,
INT000529,C0016,Call,Inbound,2024-10-17 13:00:00,,"Customer: I need to update the registration address on my policy POL00473. I moved from Delhi to Pune. Agent: Sure Ritvik, I can help with that. I will need a copy of your new address proof. Customer: I will email it today. How long does the update take? Agent: Typically 2-3 working days after we receive the documents.",,
INT000530,C0001,Call,Inbound,2025-02-17 15:16:00,,"Customer: I received a quote from Bajaj Allianz for my Mahindra Bolero Pickup that is 20% cheaper than what I pay you. Agent: Aanya, I understand price is important. Let me check if we have any loyalty discounts available for your policy POL00724. Your current premium is Rs. 21,890. Customer: Please do. If you cannot match it, I will have to switch. Agent: I will have our retention team call you back with the best possible offer within 48 hours.",,
INT000531,C0003,WhatsApp,Inbound,2025-08-08 14:46:00,,"Anjali: Hi, I need help with claim N/A. It was rejected and I disagree with the reason. Agent: Hello Anjali, I am sorry about this. Let me pull up your details. Anjali: The reason given is 'N/A' but that is wrong. My documents were complete. Agent: I understand. Let me escalate this for review. You will receive a callback within 24 hours. Anjali: Please make sure someone actually calls this time.",,
INT000532,C0251,Email,Inbound,2024-12-02 11:18:00,,"Customer: Hi, I have a question about my motor insurance policy POL00417. Agent: Of course, Anvi. How can I help? Customer: Does my comprehensive plan cover windshield damage without affecting my NCB? Agent: Yes, windshield claims up to Rs. 5,000 are covered under the zero-depreciation add-on without impacting your No Claim Bonus. Customer: Perfect, good to know. Thanks.",,
INT000533,C0046,Call,Inbound,2025-02-28 10:46:00,,"Agent: Good evening, this is Rohit B. calling from SecureLife Motor Insurance. May I speak with Nisha? Customer: Speaking. Look, I have called three times about claim CLM00261. Nobody helps me. Agent: I sincerely apologise for the experience. Your claim for Rs. 13,366 shows: Vehicle used for commercial purposes under personal policy. Customer: My Maruti Suzuki Brezza is sitting in the garage for weeks. I need this resolved now or I am cancelling everything.",,
INT000534,C0100,Call,Inbound,2025-05-26 11:08:00,,"Agent: Good morning, this is Sameer T. calling from SecureLife Motor Insurance. May I speak with Ishaan? Customer: Speaking. Look, I have called three times about claim CLM00294. Nobody helps me. Agent: I sincerely apologise for the experience. Your claim for Rs. 5,514 shows: Incomplete documentation: FIR copy missing. Customer: My Suzuki Access 125 is sitting in the garage for weeks. I need this resolved now or I am cancelling everything.",,
INT000535,C0283,Call,Inbound,2025-05-31 14:58:00,,"Agent: Good evening, Atharv. This is Vikram D. from SecureLife Motor Insurance. Your policy POL00273 for your Maruti Suzuki Baleno is due for renewal on 2026-04-06. Would you like to renew? Customer: Yes, I am happy with the coverage. Please send me the renewal documents. Agent: Wonderful. I will process this right away. Thank you for continuing with us.",,
INT000536,C0008,Call,Inbound,2025-08-05 10:07:00,,"Customer: Hi, my policy POL00366 is coming up for renewal on 2026-07-06. What is the renewal premium? Agent: Good afternoon, Prisha. Let me check. Your current premium is Rs. 2,820. With your NCB benefits, the renewal premium would be slightly lower. I will email you the exact quote. Customer: OK, and can I add zero-depreciation cover this time? Agent: Absolutely. I will include that in the quote. You should receive it within 24 hours.",,
INT000537,C0398,Call,Inbound,2024-10-03 17:35:00,,"Customer: I need to update the registration address on my policy POL00350. I moved from Delhi to Pune. Agent: Sure Shaurya, I can help with that. I will need a copy of your new address proof. Customer: I will email it today. How long does the update take? Agent: Typically 2-3 working days after we receive the documents.",,
INT000538,C0206,Email,Inbound,2025-09-18 13:58:00,,"Customer: Hi, I have a question about my motor insurance policy POL00343. Agent: Of course, Kian. How can I help? Customer: Does my comprehensive plan cover windshield damage without affecting my NCB? Agent: Yes, windshield claims up to Rs. 5,000 are covered under the zero-depreciation add-on without impacting your No Claim Bonus. Customer: Perfect, good to know. Thanks.",,
INT000539,C0411,Email,Inbound,2025-07-23 11:38:00,,"Agent: Good morning, Amit. This is Anita G. from SecureLife Motor Insurance. Your policy POL00274 for your Hyundai i20 is due for renewal on 2025-09-28. Would you like to renew? Customer: Yes, I am happy with the coverage. Please send me the renewal documents. Agent: Wonderful. I will process this right away. Thank you for continuing with us.",,
INT000540,C0113,Call,Inbound,2025-09-05 14:47:00,,"Customer: Hi, I have a question about my motor insurance policy POL00444. Agent: Of course, Diya. How can I help? Customer: Does my comprehensive plan cover windshield damage without affecting my NCB? Agent: Yes, windshield claims up to Rs. 5,000 are covered under the zero-depreciation add-on without impacting your No Claim Bonus. Customer: Perfect, good to know. Thanks.",,
INT000541,C0289,Call,Inbound,2025-09-19 13:48:00,,"Customer: Hi, my policy POL00377 is coming up for renewal on 2026-04-06. What is the renewal premium? Agent: Good afternoon, Ravi. Let me check. Your current premium is Rs. 36,530. With your NCB benefits, the renewal premium would be slightly lower. I will email you the exact quote. Customer: OK, and can I add zero-depreciation cover this time? Agent: Absolutely. I will include that in the quote. You should receive it within 24 hours.",,
INT000542,C0053,Call,Inbound,2024-12-21 18:57:00,,"Customer: Hi, my policy POL00515 is coming up for renewal on 2026-07-02. What is the renewal premium? Agent: Good afternoon, Ritvik. Let me check. Your current premium is Rs. 20,170. With your NCB benefits, the renewal premium would be slightly lower. I will email you the exact quote. Customer: OK, and can I add zero-depreciation cover this time? Agent: Absolutely. I will include that in the quote. You should receive it within 24 hours.",,
INT000543,C0496,WhatsApp,Inbound,2025-06-28 10:49:00,,"Zara: Just received the claim settlement. Thank you! Very quick service this time. Agent: Glad to hear it, Zara! Is there anything else you need help with? Zara: No, all good. Will renew my policy next month.",,
INT000544,C0049,Email,Inbound,2024-10-15 10:08:00,,"Subject: Request to Cancel Policy POL00706 Dear Sir/Madam, I wish to cancel my motor insurance policy POL00706 for my Kia Sonet. My reasons are: 1. Premium of Rs. 2,466 is not competitive compared to other insurers. 2. Poor claim settlement experience. 3. Unresponsive customer service. Please process the cancellation and refund any applicable pro-rata premium. Regards, Dinesh Nair",,
INT000545,C0326,WhatsApp,Inbound,2025-07-31 12:46:00,,"Suresh: Just received the claim settlement. Thank you! Very quick service this time. Agent: Glad to hear it, Suresh! Is there anything else you need help with? Suresh: No, all good. Will renew my policy next month.",,
INT000546,C0310,Call,Inbound,2025-09-04 12:13:00,,"Customer: I need to update the registration address on my policy POL00739. I moved from Delhi to Pune. Agent: Sure Sanjay, I can help with that. I will need a copy of your new address proof. Customer: I will email it today. How long does the update take? Agent: Typically 2-3 working days after we receive the documents.",,
INT000547,C0249,Call,Outbound,2025-01-09 10:34:00,,"Agent: Hello Rohit, this is a courtesy call from SecureLife Motor Insurance. Your policy POL00004 has an upcoming payment. We wanted to ensure there are no issues with your auto-debit setup. Customer: Thanks for checking. I changed my bank account recently. Let me update the auto-debit mandate. Agent: I can help you with that right now if you have your new bank details handy.",,
INT000548,C0133,Call,Inbound,2024-11-02 09:30:00,,"Customer: Hi, I have a question about my motor insurance policy POL00058. Agent: Of course, Anand. How can I help? Customer: Does my comprehensive plan cover windshield damage without affecting my NCB? Agent: Yes, windshield claims up to Rs. 5,000 are covered under the zero-depreciation add-on without impacting your No Claim Bonus. Customer: Perfect, good to know. Thanks.",,
INT000549,C0076,Call,Inbound,2024-10-13 13:55:00,,"Customer: I need to update the registration address on my policy POL00746. I moved from Delhi to Pune. Agent: Sure Sunita, I can help with that. I will need a copy of your new address proof. Customer: I will email it today. How long does the update take? Agent: Typically 2-3 working days after we receive the documents.",,
INT000550,C0142,Call,Outbound,2025-02-22 11:24:00,,"Agent: Good evening, Vijay. This is Anita G. from SecureLife Motor Insurance. I am calling to remind you that your premium payment of Rs. 17,530 for policy POL00314 was due recently. Would you like to make the payment now? Customer: Oh yes, I forgot. Can I pay through UPI right now? Agent: Absolutely. I will send you a payment link on WhatsApp. The payment is Rs. 17,530. Customer: Got it. Let me pay now. Done. Agent: Payment received. Thank you, Vijay. Your policy remains active.",,
INT000551,C0475,Call,Inbound,2025-09-13 13:15:00,,"Customer: I need to update the registration address on my policy POL00773. I moved from Delhi to Pune. Agent: Sure Rajesh, I can help with that. I will need a copy of your new address proof. Customer: I will email it today. How long does the update take? Agent: Typically 2-3 working days after we receive the documents.",,
INT000552,C0084,Call,Inbound,2025-03-26 17:54:00,,"Agent: Good evening, Vishal. This is Vikram D. from SecureLife Motor Insurance. Your policy POL00157 for your TVS Apache RTR 160 is due for renewal on 2026-05-28. Would you like to renew? Customer: Yes, I am happy with the coverage. Please send me the renewal documents. Agent: Wonderful. I will process this right away. Thank you for continuing with us.",,
INT000553,C0065,Call,Inbound,2025-06-09 13:43:00,,"Agent: Good afternoon, Diya. This is Anita G. from SecureLife Motor Insurance. Your policy POL00258 for your TVS Apache RTR 160 is due for renewal on 2025-09-04. Would you like to renew? Customer: Yes, I am happy with the coverage. Please send me the renewal documents. Agent: Wonderful. I will process this right away. Thank you for continuing with us.",,
INT000554,C0089,Call,Inbound,2025-08-11 12:20:00,,"Agent: Hello, Vikram D. from SecureLife Motor Insurance. Is this Naveen? Customer: Yes, and I am very upset. My claim CLM00128 for Rs. 12,053 was rejected. Agent: I see the claim dated 2024-12-22 for Roadside Assistance. Let me review it. Customer: Your surveyor gave a wrong report. Policy was in lapsed state at the time of incident - that is simply not true. Agent: I will escalate this to our senior claims officer for a re-evaluation. Customer: Do it fast. I am already talking to HDFC Ergo and Bajaj Allianz for quotes.",,
INT000555,C0329,Email,Inbound,2025-06-19 17:20:00,,"Customer: Hi, I have a question about my motor insurance policy POL00580. Agent: Of course, Shivam. How can I help? Customer: Does my comprehensive plan cover windshield damage without affecting my NCB? Agent: Yes, windshield claims up to Rs. 5,000 are covered under the zero-depreciation add-on without impacting your No Claim Bonus. Customer: Perfect, good to know. Thanks.",,
INT000556,C0031,Call,Inbound,2024-10-14 09:46:00,,"Customer: I need to update the registration address on my policy POL00148. I moved from Delhi to Pune. Agent: Sure Anand, I can help with that. I will need a copy of your new address proof. Customer: I will email it today. How long does the update take? Agent: Typically 2-3 working days after we receive the documents.",,
INT000557,C0012,Call,Inbound,2025-02-06 12:20:00,,"Customer: Hi, I have a question about my motor insurance policy POL00067. Agent: Of course, Manisha. How can I help? Customer: Does my comprehensive plan cover windshield damage without affecting my NCB? Agent: Yes, windshield claims up to Rs. 5,000 are covered under the zero-depreciation add-on without impacting your No Claim Bonus. Customer: Perfect, good to know. Thanks.",,
INT000558,C0364,Call,Inbound,2025-06-24 11:08:00,,"Customer: Hi, I have a question about my motor insurance policy POL00788. Agent: Of course, Ira. How can I help? Customer: Does my comprehensive plan cover windshield damage without affecting my NCB? Agent: Yes, windshield claims up to Rs. 5,000 are covered under the zero-depreciation add-on without impacting your No Claim Bonus. Customer: Perfect, good to know. Thanks.",,
INT000559,C0062,Call,Inbound,2024-12-03 12:45:00,,"Agent: Good afternoon, this is Rohit B. from SecureLife Motor Insurance. Am I speaking with Priya? Customer: Yes. What is it? Agent: I am calling regarding your policy POL00359. We notice 6 overdue payment(s) totalling Rs. 57,378. Customer: I know, I have been having some financial difficulties. The premium of Rs. 40,870 is too high. Agent: I understand. We can discuss flexible payment options. Would you like to switch to quarterly payments? Customer: Maybe. But honestly I am thinking of not renewing at all. It is too expensive.",,
INT000560,C0189,Call,Outbound,2025-03-02 10:30:00,,"Agent: Good morning, Shalini. This is Meera R. from SecureLife Motor Insurance. I am calling to remind you that your premium payment of Rs. 2,790 for policy POL00521 was due recently. Would you like to make the payment now? Customer: Oh yes, I forgot. Can I pay through UPI right now? Agent: Absolutely. I will send you a payment link on WhatsApp. The payment is Rs. 2,790. Customer: Got it. Let me pay now. Done. Agent: Payment received. Thank you, Shalini. Your policy remains active.",,
INT000561,C0025,WhatsApp,Inbound,2025-01-31 15:07:00,,"Ravi: My policy POL00200 payment failed again. This is the third time. Agent: Sorry about that, Ravi. Let me check what happened with the auto-debit. Ravi: I have sufficient balance. Your system is broken. Fix it or I am switching. Agent: I will raise a technical ticket immediately. In the meantime, here is a direct payment link.",,
INT000562,C0056,Call,Inbound,2025-09-13 16:47:00,,"Customer: I am comparing motor insurance and SecureLife Motor Insurance seems overpriced. ICICI Lombard and New India Assurance both quoted lower for the same coverage on my Honda City. Agent: Ajay, our plans include benefits like 24x7 roadside assistance and cashless repairs at 5,000+ garages. But let me see what special rate I can offer for your renewal. Customer: OK, but the difference needs to be significant for me to stay.",,
INT000563,C0464,Call,Inbound,2025-04-30 13:26:00,,"Customer: Hi, I just received the settlement for claim CLM00061. Rs. 47,073 credited. Agent: Yes Pankaj, glad to confirm. Your Fire claim has been fully processed. Customer: Excellent. I appreciate the quick turnaround. Will definitely renew my policy.",,
INT000564,C0181,Call,Inbound,2025-09-02 11:26:00,,"Customer: I need to update the registration address on my policy POL00294. I moved from Delhi to Pune. Agent: Sure Kabir, I can help with that. I will need a copy of your new address proof. Customer: I will email it today. How long does the update take? Agent: Typically 2-3 working days after we receive the documents.",,
INT000565,C0043,Call,Inbound,2025-07-20 16:26:00,,"Agent: Good morning, this is Raj M. calling from SecureLife Motor Insurance. May I speak with Ishaan? Customer: Speaking. Look, I have called three times about claim CLM00028. Nobody helps me. Agent: I sincerely apologise for the experience. Your claim for Rs. 194,512 shows: Pre-existing damage detected during surveyor inspection. Customer: My Kia Seltos is sitting in the garage for weeks. I need this resolved now or I am cancelling everything.",,
INT000566,C0099,WhatsApp,Inbound,2024-10-08 12:25:00,,"Shalini: Hi, I need help with claim N/A. It was rejected and I disagree with the reason. Agent: Hello Shalini, I am sorry about this. Let me pull up your details. Shalini: The reason given is 'N/A' but that is wrong. My documents were complete. Agent: I understand. Let me escalate this for review. You will receive a callback within 24 hours. Shalini: Please make sure someone actually calls this time.",,
INT000567,C0370,Call,Inbound,2025-07-14 09:36:00,,"Customer: Hi, I have a question about my motor insurance policy POL00060. Agent: Of course, Aarav. How can I help? Customer: Does my comprehensive plan cover windshield damage without affecting my NCB? Agent: Yes, windshield claims up to Rs. 5,000 are covered under the zero-depreciation add-on without impacting your No Claim Bonus. Customer: Perfect, good to know. Thanks.",,
INT000568,C0486,Call,Inbound,2025-09-16 10:21:00,,"Customer: I need to update the registration address on my policy POL00296. I moved from Delhi to Pune. Agent: Sure Priya, I can help with that. I will need a copy of your new address proof. Customer: I will email it today. How long does the update take? Agent: Typically 2-3 working days after we receive the documents.",,
INT000569,C0089,Email,Inbound,2025-02-06 15:38:00,,"Subject: Formal Complaint - Claim CLM00128 Wrongly Rejected Dear Sir/Madam, I am writing to formally complain about the rejection of my motor insurance claim CLM00128 dated 2024-12-22. The claim was for Rs. 12,053 due to Roadside Assistance. The rejection reason given was: Policy was in lapsed state at the time of incident. I find this unacceptable as all required documents including the FIR copy, photographs, and repair estimate were submitted within the stipulated timeframe. I demand an immediate review. If not resolved within 7 working days, I will file a complaint with the Insurance Ombudsman and IRDAI. Policy: POL00046 Claim: CLM00128 Regards, Naveen Rao",,
INT000570,C0084,Email,Inbound,2024-12-01 10:47:00,,"Subject: Formal Complaint - Claim CLM00063 Wrongly Rejected Dear Sir/Madam, I am writing to formally complain about the rejection of my motor insurance claim CLM00063 dated 2025-09-20. The claim was for Rs. 32,446 due to Natural Disaster. The rejection reason given was: Claim filed after the stipulated 48-hour reporting window. I find this unacceptable as all required documents including the FIR copy, photographs, and repair estimate were submitted within the stipulated timeframe. I demand an immediate review. If not resolved within 7 working days, I will file a complaint with the Insurance Ombudsman and IRDAI. Policy: POL00157 Claim: CLM00063 Regards, Vishal Singh",,
INT000571,C0296,Call,Inbound,2025-01-26 10:10:00,,"Customer: Hi, my policy POL00636 is coming up for renewal on 2026-05-19. What is the renewal premium? Agent: Good morning, Dhruv. Let me check. Your current premium is Rs. 6,402. With your NCB benefits, the renewal premium would be slightly lower. I will email you the exact quote. Customer: OK, and can I add zero-depreciation cover this time? Agent: Absolutely. I will include that in the quote. You should receive it within 24 hours.",,
INT000572,C0054,Call,Inbound,2024-10-29 16:28:00,,"Customer: I received a quote from Bajaj Allianz for my Honda Activa 6G that is 20% cheaper than what I pay you. Agent: Rajesh, I understand price is important. Let me check if we have any loyalty discounts available for your policy POL00424. Your current premium is Rs. 2,660. Customer: Please do. If you cannot match it, I will have to switch. Agent: I will have our retention team call you back with the best possible offer within 48 hours.",,
INT000573,C0094,Call,Inbound,2025-07-05 17:59:00,,"Customer: I need to update the registration address on my policy POL00763. I moved from Delhi to Pune. Agent: Sure Smita, I can help with that. I will need a copy of your new address proof. Customer: I will email it today. How long does the update take? Agent: Typically 2-3 working days after we receive the documents.",,
INT000574,C0052,Email,Inbound,2024-12-07 17:03:00,,"Subject: Disappointed with Claim Service - Policy POL00260 Dear SecureLife Motor Insurance Team, This is regarding my pending claim CLM00055 for Accident. It has been several weeks since I filed the claim for Rs. 162,248 and I have received no proper update. My Tata Nexon is still at the garage and I am bearing daily commute expenses. I have been a loyal customer but this experience has been very poor. Please expedite the resolution. Regards, Manoj Srivastava",,
INT000575,C0133,Call,Inbound,2025-01-20 15:00:00,,"Customer: I need to update the registration address on my policy POL00058. I moved from Delhi to Pune. Agent: Sure Anand, I can help with that. I will need a copy of your new address proof. Customer: I will email it today. How long does the update take? Agent: Typically 2-3 working days after we receive the documents.",,
INT000576,C0214,Call,Inbound,2025-04-06 11:23:00,,"Customer: I need to update the registration address on my policy POL00364. I moved from Delhi to Pune. Agent: Sure Shruti, I can help with that. I will need a copy of your new address proof. Customer: I will email it today. How long does the update take? Agent: Typically 2-3 working days after we receive the documents.",,
INT000577,C0232,Email,Inbound,2025-09-27 18:17:00,,"Customer: I need to update the registration address on my policy POL00087. I moved from Delhi to Pune. Agent: Sure Ritvik, I can help with that. I will need a copy of your new address proof. Customer: I will email it today. How long does the update take? Agent: Typically 2-3 working days after we receive the documents.",,
INT000578,C0246,Call,Inbound,2025-07-12 17:19:00,,"Agent: Good evening, Ishaan. This is Rohit B. from SecureLife Motor Insurance. Your policy POL00560 for your Yamaha FZ-S V3 is due for renewal on 2025-11-17. Would you like to renew? Customer: Yes, I am happy with the coverage. Please send me the renewal documents. Agent: Wonderful. I will process this right away. Thank you for continuing with us.",,
INT000579,C0067,WhatsApp,Inbound,2024-10-01 15:16:00,,"Vishal: Hi, I need help with claim N/A. It was rejected and I disagree with the reason. Agent: Hello Vishal, I am sorry about this. Let me pull up your details. Vishal: The reason given is 'N/A' but that is wrong. My documents were complete. Agent: I understand. Let me escalate this for review. You will receive a callback within 24 hours. Vishal: Please make sure someone actually calls this time.",,
INT000580,C0004,Call,Inbound,2025-04-10 15:46:00,,"Customer: I received a quote from Bajaj Allianz for my Hero Splendor Plus that is 20% cheaper than what I pay you. Agent: Vivaan, I understand price is important. Let me check if we have any loyalty discounts available for your policy POL00145. Your current premium is Rs. 1,110. Customer: Please do. If you cannot match it, I will have to switch. Agent: I will have our retention team call you back with the best possible offer within 48 hours.",,
INT000581,C0278,Call,Outbound,2025-01-30 18:53:00,,"Agent: Hello Ajay, this is a courtesy call from SecureLife Motor Insurance. Your policy POL00373 has an upcoming payment. We wanted to ensure there are no issues with your auto-debit setup. Customer: Thanks for checking. I changed my bank account recently. Let me update the auto-debit mandate. Agent: I can help you with that right now if you have your new bank details handy.",,
INT000582,C0033,Call,Inbound,2025-05-30 14:43:00,,"Agent: Good morning, Aarush. This is Divya P. from SecureLife Motor Insurance. Your policy POL00326 for your Toyota Innova Crysta is due for renewal on 2025-11-12. Would you like to renew? Customer: Yes, I am happy with the coverage. Please send me the renewal documents. Agent: Wonderful. I will process this right away. Thank you for continuing with us.",,
INT000583,C0043,Call,Inbound,2024-12-18 09:33:00,,"Customer: I keep getting SMS reminders about overdue payments for policy POL00358. Agent: Yes Ishaan, there are 4 pending payments of Rs. 50,466 total. Customer: Your auto-debit failed twice and now you are charging me late fees. This is your system error. Agent: Let me check the transaction logs. I can see the auto-debit attempts were declined by your bank. Customer: Fine, but waive the late fees at least. Otherwise I will let the policy lapse.",,
INT000584,C0477,Email,Inbound,2025-03-25 11:02:00,,"Customer: Hi, I have a question about my motor insurance policy POL00290. Agent: Of course, Anand. How can I help? Customer: Does my comprehensive plan cover windshield damage without affecting my NCB? Agent: Yes, windshield claims up to Rs. 5,000 are covered under the zero-depreciation add-on without impacting your No Claim Bonus. Customer: Perfect, good to know. Thanks.",,
INT000585,C0333,Call,Outbound,2025-06-05 12:27:00,,"Agent: Hello Vishal, this is a courtesy call from SecureLife Motor Insurance. Your policy POL00465 has an upcoming payment. We wanted to ensure there are no issues with your auto-debit setup. Customer: Thanks for checking. I changed my bank account recently. Let me update the auto-debit mandate. Agent: I can help you with that right now if you have your new bank details handy.",,
INT000586,C0297,Email,Inbound,2025-03-01 10:42:00,,"Customer: I need to update the registration address on my policy POL00604. I moved from Delhi to Pune. Agent: Sure Krishna, I can help with that. I will need a copy of your new address proof. Customer: I will email it today. How long does the update take? Agent: Typically 2-3 working days after we receive the documents.",,
INT000587,C0009,WhatsApp,Inbound,2025-09-02 10:31:00,,"Shivam: My policy POL00121 payment failed again. This is the third time. Agent: Sorry about that, Shivam. Let me check what happened with the auto-debit. Shivam: I have sufficient balance. Your system is broken. Fix it or I am switching. Agent: I will raise a technical ticket immediately. In the meantime, here is a direct payment link.",,
INT000588,C0186,Call,Inbound,2024-12-13 16:10:00,,"Customer: Hi, I renewed my policy POL00533 online and the process was very smooth. Just wanted to give positive feedback. Agent: Thank you, Anil! We are glad the digital renewal worked well for you. Customer: Yes, much better than last year. The app has improved a lot.",,
INT000589,C0477,Call,Inbound,2024-11-15 16:23:00,,"Customer: Hi, my policy POL00290 is coming up for renewal on 2026-05-21. What is the renewal premium? Agent: Good evening, Anand. Let me check. Your current premium is Rs. 2,030. With your NCB benefits, the renewal premium would be slightly lower. I will email you the exact quote. Customer: OK, and can I add zero-depreciation cover this time? Agent: Absolutely. I will include that in the quote. You should receive it within 24 hours.",,
INT000590,C0405,Email,Inbound,2024-11-26 15:20:00,,"Customer: Hi, I have a question about my motor insurance policy POL00463. Agent: Of course, Manisha. How can I help? Customer: Does my comprehensive plan cover windshield damage without affecting my NCB? Agent: Yes, windshield claims up to Rs. 5,000 are covered under the zero-depreciation add-on without impacting your No Claim Bonus. Customer: Perfect, good to know. Thanks.",,
INT000591,C0384,Call,Inbound,2024-10-21 11:03:00,,"Agent: Good afternoon, Atharv. This is Meera R. from SecureLife Motor Insurance. Your policy POL00660 for your Tata Nexon is due for renewal on 2025-12-24. Would you like to renew? Customer: Yes, I am happy with the coverage. Please send me the renewal documents. Agent: Wonderful. I will process this right away. Thank you for continuing with us.",,
INT000592,C0052,Email,Inbound,2024-10-15 14:05:00,,"Subject: Formal Complaint - Claim CLM00055 Wrongly Rejected Dear Sir/Madam, I am writing to formally complain about the rejection of my motor insurance claim CLM00055 dated 2024-03-05. The claim was for Rs. 162,248 due to Accident. The rejection reason given was: Incident occurred while driving under influence of alcohol. I find this unacceptable as all required documents including the FIR copy, photographs, and repair estimate were submitted within the stipulated timeframe. I demand an immediate review. If not resolved within 7 working days, I will file a complaint with the Insurance Ombudsman and IRDAI. Policy: POL00288 Claim: CLM00055 Regards, Manoj Srivastava",,
INT000593,C0097,Call,Inbound,2024-12-09 18:28:00,,"Customer: I am comparing motor insurance and SecureLife Motor Insurance seems overpriced. ICICI Lombard and New India Assurance both quoted lower for the same coverage on my Maruti Suzuki Brezza. Agent: Sanjay, our plans include benefits like 24x7 roadside assistance and cashless repairs at 5,000+ garages. But let me see what special rate I can offer for your renewal. Customer: OK, but the difference needs to be significant for me to stay.",,
INT000594,C0059,Call,Inbound,2025-04-27 18:42:00,,"Customer: Hello, I would like to cancel policy POL00401 for my Toyota Innova Crysta. Agent: Shalini, I am sorry to hear this. Can I understand what went wrong? Customer: I found much better rates with ICICI Lombard. Your premium of Rs. 86,320 is not competitive. Agent: We do have loyalty discounts and NCB benefits. Shall I check what we can offer? Customer: I already compared. Please just cancel it.",,
INT000595,C0047,Call,Inbound,2025-01-08 09:13:00,,"Customer: Hi, I have a question about my motor insurance policy POL00736. Agent: Of course, Aarush. How can I help? Customer: Does my comprehensive plan cover windshield damage without affecting my NCB? Agent: Yes, windshield claims up to Rs. 5,000 are covered under the zero-depreciation add-on without impacting your No Claim Bonus. Customer: Perfect, good to know. Thanks.",,
INT000596,C0409,Call,Inbound,2025-05-16 14:01:00,,"Customer: I need to update the registration address on my policy POL00133. I moved from Delhi to Pune. Agent: Sure Aarush, I can help with that. I will need a copy of your new address proof. Customer: I will email it today. How long does the update take? Agent: Typically 2-3 working days after we receive the documents.",,
INT000597,C0296,Call,Inbound,2025-08-10 10:05:00,,"Customer: Hi, my policy POL00636 is coming up for renewal on 2026-05-19. What is the renewal premium? Agent: Good afternoon, Dhruv. Let me check. Your current premium is Rs. 6,402. With your NCB benefits, the renewal premium would be slightly lower. I will email you the exact quote. Customer: OK, and can I add zero-depreciation cover this time? Agent: Absolutely. I will include that in the quote. You should receive it within 24 hours.",,
INT000598,C0030,Call,Inbound,2025-01-10 18:35:00,,"Customer: I need to update the registration address on my policy POL00289. I moved from Delhi to Pune. Agent: Sure Shaurya, I can help with that. I will need a copy of your new address proof. Customer: I will email it today. How long does the update take? Agent: Typically 2-3 working days after we receive the documents.",,
INT000599,C0373,Call,Inbound,2025-07-30 17:42:00,,"Agent: Good evening, Rakesh. This is Sameer T. from SecureLife Motor Insurance. Your policy POL00710 for your Toyota Innova Crysta is due for renewal on 2025-11-23. Would you like to renew? Customer: Yes, I am happy with the coverage. Please send me the renewal documents. Agent: Wonderful. I will process this right away. Thank you for continuing with us.",,
INT000600,C0085,Call,Inbound,2024-10-27 15:16:00,,"Customer: I want to cancel my policy POL00443 immediately. Agent: I am sorry to hear that, Anika. May I ask the reason? Customer: Your claim service is terrible. My claim CLM00285 was rejected unfairly, I have overdue payment issues, and nobody follows up. I am done with SecureLife Motor Insurance. Agent: I understand your frustration. Let me connect you with our retention team who can review your concerns and possibly offer a resolution. Customer: I have given enough chances. Just process the cancellation.",,
INT000601,C0079,Call,Inbound,2024-12-08 17:55:00,,"Agent: Good afternoon, this is Sameer T. from SecureLife Motor Insurance. Am I speaking with Sai? Customer: Yes. What is it? Agent: I am calling regarding your policy POL00428. We notice 2 overdue payment(s) totalling Rs. 12,185. Customer: I know, I have been having some financial difficulties. The premium of Rs. 18,580 is too high. Agent: I understand. We can discuss flexible payment options. Would you like to switch to quarterly payments? Customer: Maybe. But honestly I am thinking of not renewing at all. It is too expensive.",,
INT000602,C0248,Call,Outbound,2024-10-14 13:38:00,,"Agent: Hello Rajesh, this is a courtesy call from SecureLife Motor Insurance. Your policy POL00410 has an upcoming payment. We wanted to ensure there are no issues with your auto-debit setup. Customer: Thanks for checking. I changed my bank account recently. Let me update the auto-debit mandate. Agent: I can help you with that right now if you have your new bank details handy.",,
INT000603,C0144,Call,Outbound,2025-02-07 10:30:00,,"Agent: Good evening, Nikhil. This is Meera R. from SecureLife Motor Insurance. I am calling to remind you that your premium payment of Rs. 508 for policy POL00667 was due recently. Would you like to make the payment now? Customer: Oh yes, I forgot. Can I pay through UPI right now? Agent: Absolutely. I will send you a payment link on WhatsApp. The payment is Rs. 508. Customer: Got it. Let me pay now. Done. Agent: Payment received. Thank you, Nikhil. Your policy remains active.",,
INT000604,C0471,Call,Inbound,2025-02-06 11:31:00,,"Customer: Hi, my policy POL00717 is coming up for renewal on 2026-07-25. What is the renewal premium? Agent: Good afternoon, Gaurav. Let me check. Your current premium is Rs. 3,770. With your NCB benefits, the renewal premium would be slightly lower. I will email you the exact quote. Customer: OK, and can I add zero-depreciation cover this time? Agent: Absolutely. I will include that in the quote. You should receive it within 24 hours.",,
INT000605,C0007,Call,Inbound,2024-11-15 17:33:00,,"Agent: Hello, Anita G. from SecureLife Motor Insurance. Is this Vivaan? Customer: Yes, and I am very upset. My claim CLM00282 for Rs. 46,932 was rejected. Agent: I see the claim dated 2024-02-28 for Natural Disaster. Let me review it. Customer: Your surveyor gave a wrong report. Driver did not possess a valid driving licence - that is simply not true. Agent: I will escalate this to our senior claims officer for a re-evaluation. Customer: Do it fast. I am already talking to HDFC Ergo and Bajaj Allianz for quotes.",,
INT000606,C0233,Call,Inbound,2025-05-31 13:00:00,,"Customer: Hi, I have a question about my motor insurance policy POL00277. Agent: Of course, Gaurav. How can I help? Customer: Does my comprehensive plan cover windshield damage without affecting my NCB? Agent: Yes, windshield claims up to Rs. 5,000 are covered under the zero-depreciation add-on without impacting your No Claim Bonus. Customer: Perfect, good to know. Thanks.",,
INT000607,C0079,Call,Inbound,2024-11-24 15:11:00,,"Customer: I am comparing motor insurance and SecureLife Motor Insurance seems overpriced. ICICI Lombard and New India Assurance both quoted lower for the same coverage on my Royal Enfield Classic 350. Agent: Sai, our plans include benefits like 24x7 roadside assistance and cashless repairs at 5,000+ garages. But let me see what special rate I can offer for your renewal. Customer: OK, but the difference needs to be significant for me to stay.",,
INT000608,C0171,Call,Inbound,2025-08-03 11:53:00,,"Customer: Hi, I have a question about my motor insurance policy POL00271. Agent: Of course, Vishal. How can I help? Customer: Does my comprehensive plan cover windshield damage without affecting my NCB? Agent: Yes, windshield claims up to Rs. 5,000 are covered under the zero-depreciation add-on without impacting your No Claim Bonus. Customer: Perfect, good to know. Thanks.",,
INT000609,C0068,Call,Inbound,2025-03-28 15:35:00,,"Customer: Hi, I have a question about my motor insurance policy POL00765. Agent: Of course, Sachin. How can I help? Customer: Does my comprehensive plan cover windshield damage without affecting my NCB? Agent: Yes, windshield claims up to Rs. 5,000 are covered under the zero-depreciation add-on without impacting your No Claim Bonus. Customer: Perfect, good to know. Thanks.",,
INT000610,C0070,Call,Inbound,2025-04-10 18:16:00,,"Customer: I need to update the registration address on my policy POL00287. I moved from Delhi to Pune. Agent: Sure Nisha, I can help with that. I will need a copy of your new address proof. Customer: I will email it today. How long does the update take? Agent: Typically 2-3 working days after we receive the documents.",,
INT000611,C0444,Call,Outbound,2025-02-10 13:15:00,,"Agent: Good morning, Krishna. This is Priya S. from SecureLife Motor Insurance. I am calling to remind you that your premium payment of Rs. 2,890 for policy POL00589 was due recently. Would you like to make the payment now? Customer: Oh yes, I forgot. Can I pay through UPI right now? Agent: Absolutely. I will send you a payment link on WhatsApp. The payment is Rs. 2,890. Customer: Got it. Let me pay now. Done. Agent: Payment received. Thank you, Krishna. Your policy remains active.",,
INT000612,C0028,WhatsApp,Inbound,2024-11-07 11:18:00,,"Ayaan: My policy POL00590 payment failed again. This is the third time. Agent: Sorry about that, Ayaan. Let me check what happened with the auto-debit. Ayaan: I have sufficient balance. Your system is broken. Fix it or I am switching. Agent: I will raise a technical ticket immediately. In the meantime, here is a direct payment link.",,
INT000613,C0046,Call,Inbound,2025-06-13 17:44:00,,"Agent: Good evening, this is Meera R. from SecureLife Motor Insurance. Am I speaking with Nisha? Customer: Yes. I want to know why my claim CLM00261 was rejected. Agent: Let me check. The claim was filed on 2023-10-17 for Rs. 13,366 regarding Third Party Liability. Customer: I submitted every document you asked for. The rejection reason makes no sense. Agent: The noted reason is: Vehicle used for commercial purposes under personal policy. I understand this is frustrating. Customer: Frustrating? This is unacceptable. I will escalate to IRDAI if this is not reversed within a week.",,
INT000614,C0070,Call,Inbound,2025-04-18 13:22:00,,"Customer: Hi, my policy POL00287 is coming up for renewal on 2026-08-17. What is the renewal premium? Agent: Good afternoon, Nisha. Let me check. Your current premium is Rs. 11,480. With your NCB benefits, the renewal premium would be slightly lower. I will email you the exact quote. Customer: OK, and can I add zero-depreciation cover this time? Agent: Absolutely. I will include that in the quote. You should receive it within 24 hours.",,
INT000615,C0262,Call,Inbound,2025-08-19 17:59:00,,"Customer: I need to update the registration address on my policy POL00682. I moved from Delhi to Pune. Agent: Sure Reyansh, I can help with that. I will need a copy of your new address proof. Customer: I will email it today. How long does the update take? Agent: Typically 2-3 working days after we receive the documents.",,
INT000616,C0081,Call,Inbound,2025-04-20 18:17:00,,"Customer: I want to cancel my policy POL00608 immediately. Agent: I am sorry to hear that, Anvi. May I ask the reason? Customer: Your claim service is terrible. My claim CLM00184 was rejected unfairly, I have overdue payment issues, and nobody follows up. I am done with SecureLife Motor Insurance. Agent: I understand your frustration. Let me connect you with our retention team who can review your concerns and possibly offer a resolution. Customer: I have given enough chances. Just process the cancellation.",,
INT000617,C0473,Call,Inbound,2025-02-11 09:21:00,,"Customer: Hi, I renewed my policy POL00472 online and the process was very smooth. Just wanted to give positive feedback. Agent: Thank you, Pooja! We are glad the digital renewal worked well for you. Customer: Yes, much better than last year. The app has improved a lot.",,
INT000618,C0032,Call,Inbound,2025-08-13 11:13:00,,"Customer: I am comparing motor insurance and SecureLife Motor Insurance seems overpriced. ICICI Lombard and New India Assurance both quoted lower for the same coverage on my Mahindra Bolero Pickup. Agent: Dinesh, our plans include benefits like 24x7 roadside assistance and cashless repairs at 5,000+ garages. But let me see what special rate I can offer for your renewal. Customer: OK, but the difference needs to be significant for me to stay.",,
INT000619,C0470,Email,Inbound,2025-07-26 16:59:00,,"Subject: Thank you - Claim CLM00043 Settled Dear SecureLife Motor Insurance Team, I am writing to thank you for the prompt settlement of my claim CLM00043. The amount of Rs. 137,041 was credited to my account within the promised timeline. Special thanks to the surveyor and claims team for the professional handling. I will definitely continue with SecureLife Motor Insurance. Warm regards, Avni Patil",,
INT000620,C0247,WhatsApp,Inbound,2025-07-17 17:29:00,,"Ritvik: Hi, I renewed my policy POL00055 online. Got the documents instantly. Great experience! Agent: Thank you Ritvik! Happy to hear the digital process worked well. Drive safe!",,
INT000621,C0015,Call,Inbound,2025-05-14 16:05:00,,"Agent: Good afternoon, this is Vikram D. from SecureLife Motor Insurance. Am I speaking with Suresh? Customer: Yes. What is it? Agent: I am calling regarding your policy POL00420. We notice 1 overdue payment(s) totalling Rs. 25,190. Customer: I know, I have been having some financial difficulties. The premium of Rs. 25,190 is too high. Agent: I understand. We can discuss flexible payment options. Would you like to switch to quarterly payments? Customer: Maybe. But honestly I am thinking of not renewing at all. It is too expensive.",,
INT000622,C0004,Call,Inbound,2024-11-07 14:30:00,,"Customer: I keep getting SMS reminders about overdue payments for policy POL00145. Agent: Yes Vivaan, there are 1 pending payments of Rs. 555 total. Customer: Your auto-debit failed twice and now you are charging me late fees. This is your system error. Agent: Let me check the transaction logs. I can see the auto-debit attempts were declined by your bank. Customer: Fine, but waive the late fees at least. Otherwise I will let the policy lapse.",,
INT000623,C0055,Email,Inbound,2025-08-31 13:21:00,,"Subject: Formal Complaint - Claim CLM00160 Wrongly Rejected Dear Sir/Madam, I am writing to formally complain about the rejection of my motor insurance claim CLM00160 dated 2024-01-16. The claim was for Rs. 12,334 due to Roadside Assistance. The rejection reason given was: Repairs done at unauthorized garage without prior approval. I find this unacceptable as all required documents including the FIR copy, photographs, and repair estimate were submitted within the stipulated timeframe. I demand an immediate review. If not resolved within 7 working days, I will file a complaint with the Insurance Ombudsman and IRDAI. Policy: POL00547 Claim: CLM00160 Regards, Mohit Pillai",,
INT000624,C0068,Call,Inbound,2025-07-03 17:22:00,,"Customer: I want to cancel my policy POL00765 immediately. Agent: I am sorry to hear that, Sachin. May I ask the reason? Customer: Your claim service is terrible. My claim CLM00197 was rejected unfairly, I have overdue payment issues, and nobody follows up. I am done with SecureLife Motor Insurance. Agent: I understand your frustration. Let me connect you with our retention team who can review your concerns and possibly offer a resolution. Customer: I have given enough chances. Just process the cancellation.",,
INT000625,C0415,WhatsApp,Inbound,2025-04-12 14:21:00,,"Kiara: Just received the claim settlement. Thank you! Very quick service this time. Agent: Glad to hear it, Kiara! Is there anything else you need help with? Kiara: No, all good. Will renew my policy next month.",,
INT000626,C0053,Call,Inbound,2025-08-06 15:30:00,,"Customer: Hi, I have a question about my motor insurance policy POL00515. Agent: Of course, Ritvik. How can I help? Customer: Does my comprehensive plan cover windshield damage without affecting my NCB? Agent: Yes, windshield claims up to Rs. 5,000 are covered under the zero-depreciation add-on without impacting your No Claim Bonus. Customer: Perfect, good to know. Thanks.",,
INT000627,C0276,Call,Inbound,2025-06-01 17:25:00,,"Customer: I need to update the registration address on my policy POL00791. I moved from Delhi to Pune. Agent: Sure Vikram, I can help with that. I will need a copy of your new address proof. Customer: I will email it today. How long does the update take? Agent: Typically 2-3 working days after we receive the documents.",,
INT000628,C0448,Call,Outbound,2024-10-20 15:31:00,,"Agent: Hello Saanvi, this is a courtesy call from SecureLife Motor Insurance. Your policy POL00179 has an upcoming payment. We wanted to ensure there are no issues with your auto-debit setup. Customer: Thanks for checking. I changed my bank account recently. Let me update the auto-debit mandate. Agent: I can help you with that right now if you have your new bank details handy.",,
INT000629,C0107,Email,Inbound,2025-04-01 17:29:00,,"Agent: Good afternoon, Vishal. This is Meera R. from SecureLife Motor Insurance. Your policy POL00606 for your Tata Nexon is due for renewal on 2025-08-26. Would you like to renew? Customer: Yes, I am happy with the coverage. Please send me the renewal documents. Agent: Wonderful. I will process this right away. Thank you for continuing with us.",,
INT000630,C0225,WhatsApp,Inbound,2025-04-21 18:53:00,,"Karan: Hi, I renewed my policy POL00685 online. Got the documents instantly. Great experience! Agent: Thank you Karan! Happy to hear the digital process worked well. Drive safe!",,
INT000631,C0432,Call,Inbound,2025-06-15 09:05:00,,"Agent: Good morning, Aarush. This is Anita G. from SecureLife Motor Insurance. Your policy POL00214 for your Hero Splendor Plus is due for renewal on 2026-01-21. Would you like to renew? Customer: Yes, I am happy with the coverage. Please send me the renewal documents. Agent: Wonderful. I will process this right away. Thank you for continuing with us.",,
INT000632,C0092,WhatsApp,Inbound,2024-10-08 10:15:00,,"Komal: Hi, I need help with claim N/A. It was rejected and I disagree with the reason. Agent: Hello Komal, I am sorry about this. Let me pull up your details. Komal: The reason given is 'N/A' but that is wrong. My documents were complete. Agent: I understand. Let me escalate this for review. You will receive a callback within 24 hours. Komal: Please make sure someone actually calls this time.",,
INT000633,C0259,WhatsApp,Inbound,2025-05-25 14:27:00,,"Tushar: Just received the claim settlement. Thank you! Very quick service this time. Agent: Glad to hear it, Tushar! Is there anything else you need help with? Tushar: No, all good. Will renew my policy next month.",,
INT000634,C0028,Call,Inbound,2025-06-09 12:29:00,,"Customer: I am comparing motor insurance and SecureLife Motor Insurance seems overpriced. ICICI Lombard and New India Assurance both quoted lower for the same coverage on my Honda City. Agent: Ayaan, our plans include benefits like 24x7 roadside assistance and cashless repairs at 5,000+ garages. But let me see what special rate I can offer for your renewal. Customer: OK, but the difference needs to be significant for me to stay.",,
INT000635,C0026,Call,Inbound,2025-01-10 16:04:00,,"Agent: Good afternoon, this is Vikram D. from SecureLife Motor Insurance. Am I speaking with Reyansh? Customer: Yes. What is it? Agent: I am calling regarding your policy POL00228. We notice 8 overdue payment(s) totalling Rs. 57,049. Customer: I know, I have been having some financial difficulties. The premium of Rs. 1,230 is too high. Agent: I understand. We can discuss flexible payment options. Would you like to switch to quarterly payments? Customer: Maybe. But honestly I am thinking of not renewing at all. It is too expensive.",,
INT000636,C0475,Call,Inbound,2025-04-01 16:21:00,,"Customer: I need to update the registration address on my policy POL00773. I moved from Delhi to Pune. Agent: Sure Rajesh, I can help with that. I will need a copy of your new address proof. Customer: I will email it today. How long does the update take? Agent: Typically 2-3 working days after we receive the documents.",,
INT000637,C0314,Call,Inbound,2025-07-22 18:45:00,,"Customer: Hi, I renewed my policy POL00455 online and the process was very smooth. Just wanted to give positive feedback. Agent: Thank you, Aarush! We are glad the digital renewal worked well for you. Customer: Yes, much better than last year. The app has improved a lot.",,
INT000638,C0227,Call,Inbound,2025-07-08 14:08:00,,"Customer: I need to update the registration address on my policy POL00617. I moved from Delhi to Pune. Agent: Sure Rahul, I can help with that. I will need a copy of your new address proof. Customer: I will email it today. How long does the update take? Agent: Typically 2-3 working days after we receive the documents.",,
INT000639,C0340,WhatsApp,Inbound,2025-08-21 15:41:00,,"Smita: Just received the claim settlement. Thank you! Very quick service this time. Agent: Glad to hear it, Smita! Is there anything else you need help with? Smita: No, all good. Will renew my policy next month.",,
INT000640,C0009,WhatsApp,Inbound,2025-04-18 11:03:00,,"Shivam: My policy POL00121 payment failed again. This is the third time. Agent: Sorry about that, Shivam. Let me check what happened with the auto-debit. Shivam: I have sufficient balance. Your system is broken. Fix it or I am switching. Agent: I will raise a technical ticket immediately. In the meantime, here is a direct payment link.",,
INT000641,C0021,Call,Inbound,2025-01-09 17:09:00,,"Customer: Hi, I have a question about my motor insurance policy POL00433. Agent: Of course, Ravi. How can I help? Customer: Does my comprehensive plan cover windshield damage without affecting my NCB? Agent: Yes, windshield claims up to Rs. 5,000 are covered under the zero-depreciation add-on without impacting your No Claim Bonus. Customer: Perfect, good to know. Thanks.",,
INT000642,C0008,Call,Inbound,2025-05-05 09:47:00,,"Agent: Good morning, Prisha. This is Arun K. from SecureLife Motor Insurance. Your policy POL00318 for your Toyota Innova Crysta is due for renewal on 2026-06-25. Would you like to renew? Customer: Yes, I am happy with the coverage. Please send me the renewal documents. Agent: Wonderful. I will process this right away. Thank you for continuing with us.",,
INT000643,C0299,Email,Inbound,2025-08-13 11:51:00,,"Customer: I need to update the registration address on my policy POL00352. I moved from Delhi to Pune. Agent: Sure Kavita, I can help with that. I will need a copy of your new address proof. Customer: I will email it today. How long does the update take? Agent: Typically 2-3 working days after we receive the documents.",,
INT000644,C0422,Call,Inbound,2024-12-04 18:03:00,,"Agent: Good evening, Pradeep. This is Vikram D. from SecureLife Motor Insurance. Your policy POL00069 for your Maruti Suzuki Swift is due for renewal on 2025-10-02. Would you like to renew? Customer: Yes, I am happy with the coverage. Please send me the renewal documents. Agent: Wonderful. I will process this right away. Thank you for continuing with us.",,
INT000645,C0145,Email,Inbound,2025-04-27 15:00:00,,"Agent: Good morning, Vikram. This is Raj M. from SecureLife Motor Insurance. Your policy POL00394 for your Hero Splendor Plus is due for renewal on 2026-04-12. Would you like to renew? Customer: Yes, I am happy with the coverage. Please send me the renewal documents. Agent: Wonderful. I will process this right away. Thank you for continuing with us.",,
INT000646,C0077,Call,Inbound,2025-05-17 17:45:00,,"Customer: I received a quote from Bajaj Allianz for my Eicher Pro 2049 that is 20% cheaper than what I pay you. Agent: Ramesh, I understand price is important. Let me check if we have any loyalty discounts available for your policy POL00611. Your current premium is Rs. 7,896. Customer: Please do. If you cannot match it, I will have to switch. Agent: I will have our retention team call you back with the best possible offer within 48 hours.",,
INT000647,C0036,Email,Inbound,2024-12-23 15:05:00,,"Subject: Disappointed with Claim Service - Policy POL00084 Dear SecureLife Motor Insurance Team, This is regarding my pending claim CLM00158 for Third Party Liability. It has been several weeks since I filed the claim for Rs. 156,416 and I have received no proper update. My Maruti Suzuki Baleno is still at the garage and I am bearing daily commute expenses. I have been a loyal customer but this experience has been very poor. Please expedite the resolution. Regards, Pradeep Desai",,
INT000648,C0031,Call,Inbound,2025-07-06 18:05:00,,"Customer: I received a quote from Bajaj Allianz for my Maruti Suzuki Swift that is 20% cheaper than what I pay you. Agent: Anand, I understand price is important. Let me check if we have any loyalty discounts available for your policy POL00148. Your current premium is Rs. 16,240. Customer: Please do. If you cannot match it, I will have to switch. Agent: I will have our retention team call you back with the best possible offer within 48 hours.",,
INT000649,C0363,Call,Inbound,2024-12-16 09:10:00,,"Agent: Good evening, Ashok. This is Divya P. from SecureLife Motor Insurance. Your policy POL00496 for your Kia Sonet is due for renewal on 2025-09-03. Would you like to renew? Customer: Yes, I am happy with the coverage. Please send me the renewal documents. Agent: Wonderful. I will process this right away. Thank you for continuing with us.",,
INT000650,C0487,Call,Inbound,2025-04-27 14:10:00,,"Customer: I need to update the registration address on my policy POL00020. I moved from Delhi to Pune. Agent: Sure Saanvi, I can help with that. I will need a copy of your new address proof. Customer: I will email it today. How long does the update take? Agent: Typically 2-3 working days after we receive the documents.",,
INT000651,C0074,Call,Inbound,2024-12-15 12:06:00,,"Customer: Hello, I would like to cancel policy POL00772 for my Tata Nexon. Agent: Deepa, I am sorry to hear this. Can I understand what went wrong? Customer: I found much better rates with ICICI Lombard. Your premium of Rs. 22,410 is not competitive. Agent: We do have loyalty discounts and NCB benefits. Shall I check what we can offer? Customer: I already compared. Please just cancel it.",,
INT000652,C0078,Call,Inbound,2025-01-24 10:00:00,,"Customer: Hi, I have a question about my motor insurance policy POL00107. Agent: Of course, Komal. How can I help? Customer: Does my comprehensive plan cover windshield damage without affecting my NCB? Agent: Yes, windshield claims up to Rs. 5,000 are covered under the zero-depreciation add-on without impacting your No Claim Bonus. Customer: Perfect, good to know. Thanks.",,
INT000653,C0112,Call,Inbound,2025-08-02 12:46:00,,"Customer: Hi, I have a question about my motor insurance policy POL00510. Agent: Of course, Manisha. How can I help? Customer: Does my comprehensive plan cover windshield damage without affecting my NCB? Agent: Yes, windshield claims up to Rs. 5,000 are covered under the zero-depreciation add-on without impacting your No Claim Bonus. Customer: Perfect, good to know. Thanks.",,
INT000654,C0021,Call,Inbound,2025-02-20 09:31:00,,"Customer: I am comparing motor insurance and SecureLife Motor Insurance seems overpriced. ICICI Lombard and New India Assurance both quoted lower for the same coverage on my Suzuki Access 125. Agent: Ravi, our plans include benefits like 24x7 roadside assistance and cashless repairs at 5,000+ garages. But let me see what special rate I can offer for your renewal. Customer: OK, but the difference needs to be significant for me to stay.",,
INT000655,C0067,Call,Inbound,2025-07-13 12:04:00,,"Customer: I need to update the registration address on my policy POL00109. I moved from Delhi to Pune. Agent: Sure Vishal, I can help with that. I will need a copy of your new address proof. Customer: I will email it today. How long does the update take? Agent: Typically 2-3 working days after we receive the documents.",,
INT000656,C0388,Call,Inbound,2024-11-04 17:46:00,,"Customer: Hi, I renewed my policy POL00672 online and the process was very smooth. Just wanted to give positive feedback. Agent: Thank you, Ayaan! We are glad the digital renewal worked well for you. Customer: Yes, much better than last year. The app has improved a lot.",,
INT000657,C0084,WhatsApp,Inbound,2025-06-15 09:27:00,,"Vishal: My policy POL00157 payment failed again. This is the third time. Agent: Sorry about that, Vishal. Let me check what happened with the auto-debit. Vishal: I have sufficient balance. Your system is broken. Fix it or I am switching. Agent: I will raise a technical ticket immediately. In the meantime, here is a direct payment link.",,
INT000658,C0237,Call,Inbound,2025-03-09 18:15:00,,"Customer: Hi, I renewed my policy POL00392 online and the process was very smooth. Just wanted to give positive feedback. Agent: Thank you, Sanjay! We are glad the digital renewal worked well for you. Customer: Yes, much better than last year. The app has improved a lot.",,
INT000659,C0071,Call,Inbound,2025-01-04 09:50:00,,"Agent: Good morning, Divya. This is Vikram D. from SecureLife Motor Insurance. Your policy POL00534 for your Tata Punch is due for renewal on 2026-01-02. Would you like to renew? Customer: Yes, I am happy with the coverage. Please send me the renewal documents. Agent: Wonderful. I will process this right away. Thank you for continuing with us.",,
INT000660,C0064,Call,Inbound,2025-06-10 13:13:00,,"Agent: Good morning, this is Raj M. from SecureLife Motor Insurance. Am I speaking with Diya? Customer: Yes. I want to know why my claim CLM00200 was rejected. Agent: Let me check. The claim was filed on 2025-08-07 for Rs. 13,711 regarding Roadside Assistance. Customer: I submitted every document you asked for. The rejection reason makes no sense. Agent: The noted reason is: Claim filed after the stipulated 48-hour reporting window. I understand this is frustrating. Customer: Frustrating? This is unacceptable. I will escalate to IRDAI if this is not reversed within a week.",,
INT000661,C0410,Email,Inbound,2024-11-13 11:15:00,,"Customer: Hi, I have a question about my motor insurance policy POL00398. Agent: Of course, Avni. How can I help? Customer: Does my comprehensive plan cover windshield damage without affecting my NCB? Agent: Yes, windshield claims up to Rs. 5,000 are covered under the zero-depreciation add-on without impacting your No Claim Bonus. Customer: Perfect, good to know. Thanks.",,
INT000662,C0308,Email,Inbound,2024-10-12 14:35:00,,"Customer: Hi, my policy POL00363 is coming up for renewal on 2025-11-18. What is the renewal premium? Agent: Good evening, Arjun. Let me check. Your current premium is Rs. 46,690. With your NCB benefits, the renewal premium would be slightly lower. I will email you the exact quote. Customer: OK, and can I add zero-depreciation cover this time? Agent: Absolutely. I will include that in the quote. You should receive it within 24 hours.",,
INT000663,C0381,Call,Outbound,2025-09-16 12:58:00,,"Agent: Hello Vihaan, this is a courtesy call from SecureLife Motor Insurance. Your policy POL00741 has an upcoming payment. We wanted to ensure there are no issues with your auto-debit setup. Customer: Thanks for checking. I changed my bank account recently. Let me update the auto-debit mandate. Agent: I can help you with that right now if you have your new bank details handy.",,
INT000664,C0022,Call,Inbound,2025-07-16 12:34:00,,"Customer: Hi, I have a question about my motor insurance policy POL00219. Agent: Of course, Vihaan. How can I help? Customer: Does my comprehensive plan cover windshield damage without affecting my NCB? Agent: Yes, windshield claims up to Rs. 5,000 are covered under the zero-depreciation add-on without impacting your No Claim Bonus. Customer: Perfect, good to know. Thanks.",,
INT000665,C0034,Call,Inbound,2024-09-29 13:06:00,,"Customer: I need to update the registration address on my policy POL00264. I moved from Delhi to Pune. Agent: Sure Kiara, I can help with that. I will need a copy of your new address proof. Customer: I will email it today. How long does the update take? Agent: Typically 2-3 working days after we receive the documents.",,
INT000666,C0252,Email,Inbound,2025-07-04 18:28:00,,"Subject: Thank you - Claim CLM00130 Settled Dear SecureLife Motor Insurance Team, I am writing to thank you for the prompt settlement of my claim CLM00130. The amount of Rs. 94,783 was credited to my account within the promised timeline. Special thanks to the surveyor and claims team for the professional handling. I will definitely continue with SecureLife Motor Insurance. Warm regards, Vikram Pillai",,
INT000667,C0020,Email,Inbound,2025-05-14 13:51:00,,"Subject: Formal Complaint - Claim CLM00038 Wrongly Rejected Dear Sir/Madam, I am writing to formally complain about the rejection of my motor insurance claim CLM00038 dated 2023-09-12. The claim was for Rs. 39,300 due to Theft. The rejection reason given was: Policy was in lapsed state at the time of incident. I find this unacceptable as all required documents including the FIR copy, photographs, and repair estimate were submitted within the stipulated timeframe. I demand an immediate review. If not resolved within 7 working days, I will file a complaint with the Insurance Ombudsman and IRDAI. Policy: POL00333 Claim: CLM00038 Regards, Deepak Sharma",,
INT000668,C0057,Call,Inbound,2024-12-27 15:07:00,,"Customer: I need to update the registration address on my policy POL00435. I moved from Delhi to Pune. Agent: Sure Advait, I can help with that. I will need a copy of your new address proof. Customer: I will email it today. How long does the update take? Agent: Typically 2-3 working days after we receive the documents.",,
INT000669,C0050,Call,Inbound,2025-03-08 09:50:00,,"Customer: Hi, my policy POL00007 is coming up for renewal on 2026-09-27. What is the renewal premium? Agent: Good evening, Amit. Let me check. Your current premium is Rs. 25,170. With your NCB benefits, the renewal premium would be slightly lower. I will email you the exact quote. Customer: OK, and can I add zero-depreciation cover this time? Agent: Absolutely. I will include that in the quote. You should receive it within 24 hours.",,
INT000670,C0044,Call,Inbound,2025-01-15 12:24:00,,"Customer: I need to update the registration address on my policy POL00789. I moved from Delhi to Pune. Agent: Sure Sunita, I can help with that. I will need a copy of your new address proof. Customer: I will email it today. How long does the update take? Agent: Typically 2-3 working days after we receive the documents.",,
INT000671,C0131,Call,Outbound,2025-05-03 13:40:00,,"Agent: Good morning, Gaurav. This is Divya P. from SecureLife Motor Insurance. I am calling to remind you that your premium payment of Rs. 4,413 for policy POL00775 was due recently. Would you like to make the payment now? Customer: Oh yes, I forgot. Can I pay through UPI right now? Agent: Absolutely. I will send you a payment link on WhatsApp. The payment is Rs. 4,413. Customer: Got it. Let me pay now. Done. Agent: Payment received. Thank you, Gaurav. Your policy remains active.",,
INT000672,C0144,Call,Inbound,2025-09-25 10:05:00,,"Customer: Hi, I have a question about my motor insurance policy POL00667. Agent: Of course, Nikhil. How can I help? Customer: Does my comprehensive plan cover windshield damage without affecting my NCB? Agent: Yes, windshield claims up to Rs. 5,000 are covered under the zero-depreciation add-on without impacting your No Claim Bonus. Customer: Perfect, good to know. Thanks.",,
INT000673,C0212,WhatsApp,Inbound,2024-12-02 16:58:00,,"Varun: Hi, I renewed my policy POL00650 online. Got the documents instantly. Great experience! Agent: Thank you Varun! Happy to hear the digital process worked well. Drive safe!",,
INT000674,C0017,Call,Inbound,2024-12-29 14:42:00,,"Customer: Hi, my policy POL00553 is coming up for renewal on 2026-04-11. What is the renewal premium? Agent: Good evening, Dinesh. Let me check. Your current premium is Rs. 12,380. With your NCB benefits, the renewal premium would be slightly lower. I will email you the exact quote. Customer: OK, and can I add zero-depreciation cover this time? Agent: Absolutely. I will include that in the quote. You should receive it within 24 hours.",,
INT000675,C0029,Call,Inbound,2025-09-13 18:36:00,,"Agent: Good morning, Aadhya. This is Rohit B. from SecureLife Motor Insurance. Your policy POL00256 for your Tata Ace Gold is due for renewal on 2026-03-02. Would you like to renew? Customer: Yes, I am happy with the coverage. Please send me the renewal documents. Agent: Wonderful. I will process this right away. Thank you for continuing with us.",,
INT000676,C0088,Call,Inbound,2025-09-19 12:17:00,,"Agent: Hello, Anita G. from SecureLife Motor Insurance. Is this Manoj? Customer: Yes, and I am very upset. My claim CLM00019 for Rs. 402,178 was rejected. Agent: I see the claim dated 2024-10-14 for Accident. Let me review it. Customer: Your surveyor gave a wrong report. Claim amount exceeds the Insured Declared Value (IDV) - that is simply not true. Agent: I will escalate this to our senior claims officer for a re-evaluation. Customer: Do it fast. I am already talking to HDFC Ergo and Bajaj Allianz for quotes.",,
INT000677,C0322,Call,Inbound,2024-10-10 15:11:00,,"Customer: Hi, I have a question about my motor insurance policy POL00211. Agent: Of course, Ramesh. How can I help? Customer: Does my comprehensive plan cover windshield damage without affecting my NCB? Agent: Yes, windshield claims up to Rs. 5,000 are covered under the zero-depreciation add-on without impacting your No Claim Bonus. Customer: Perfect, good to know. Thanks.",,
INT000678,C0476,Call,Inbound,2025-05-21 13:39:00,,"Customer: I need to update the registration address on my policy POL00548. I moved from Delhi to Pune. Agent: Sure Aditya, I can help with that. I will need a copy of your new address proof. Customer: I will email it today. How long does the update take? Agent: Typically 2-3 working days after we receive the documents.",,
INT000679,C0220,Email,Inbound,2025-02-18 11:30:00,,"Customer: I need to update the registration address on my policy POL00723. I moved from Delhi to Pune. Agent: Sure Atharv, I can help with that. I will need a copy of your new address proof. Customer: I will email it today. How long does the update take? Agent: Typically 2-3 working days after we receive the documents.",,
INT000680,C0065,WhatsApp,Inbound,2025-06-16 13:19:00,,"Diya: My policy POL00230 payment failed again. This is the third time. Agent: Sorry about that, Diya. Let me check what happened with the auto-debit. Diya: I have sufficient balance. Your system is broken. Fix it or I am switching. Agent: I will raise a technical ticket immediately. In the meantime, here is a direct payment link.",,
INT000681,C0340,Call,Inbound,2025-03-03 12:35:00,,"Customer: Hi, my policy POL00709 is coming up for renewal on 2025-10-14. What is the renewal premium? Agent: Good evening, Smita. Let me check. Your current premium is Rs. 14,200. With your NCB benefits, the renewal premium would be slightly lower. I will email you the exact quote. Customer: OK, and can I add zero-depreciation cover this time? Agent: Absolutely. I will include that in the quote. You should receive it within 24 hours.",,
INT000682,C0021,WhatsApp,Inbound,2024-10-12 09:03:00,,"Ravi: Hi, I need help with claim N/A. It was rejected and I disagree with the reason. Agent: Hello Ravi, I am sorry about this. Let me pull up your details. Ravi: The reason given is 'N/A' but that is wrong. My documents were complete. Agent: I understand. Let me escalate this for review. You will receive a callback within 24 hours. Ravi: Please make sure someone actually calls this time.",,
INT000683,C0002,Call,Inbound,2025-02-11 15:04:00,,"Customer: I am comparing motor insurance and SecureLife Motor Insurance seems overpriced. ICICI Lombard and New India Assurance both quoted lower for the same coverage on my Honda City. Agent: Ashok, our plans include benefits like 24x7 roadside assistance and cashless repairs at 5,000+ garages. But let me see what special rate I can offer for your renewal. Customer: OK, but the difference needs to be significant for me to stay.",,
INT000684,C0123,Call,Inbound,2024-10-06 13:11:00,,"Customer: Hi, I have a question about my motor insurance policy POL00186. Agent: Of course, Tanvi. How can I help? Customer: Does my comprehensive plan cover windshield damage without affecting my NCB? Agent: Yes, windshield claims up to Rs. 5,000 are covered under the zero-depreciation add-on without impacting your No Claim Bonus. Customer: Perfect, good to know. Thanks.",,
INT000685,C0457,Call,Outbound,2025-01-24 11:43:00,,"Agent: Good morning, Pranav. This is Neha J. from SecureLife Motor Insurance. I am calling to remind you that your premium payment of Rs. 68,770 for policy POL00181 was due recently. Would you like to make the payment now? Customer: Oh yes, I forgot. Can I pay through UPI right now? Agent: Absolutely. I will send you a payment link on WhatsApp. The payment is Rs. 68,770. Customer: Got it. Let me pay now. Done. Agent: Payment received. Thank you, Pranav. Your policy remains active.",,
INT000686,C0242,Email,Inbound,2025-09-04 11:26:00,,"Customer: Hi, I have a question about my motor insurance policy POL00509. Agent: Of course, Priya. How can I help? Customer: Does my comprehensive plan cover windshield damage without affecting my NCB? Agent: Yes, windshield claims up to Rs. 5,000 are covered under the zero-depreciation add-on without impacting your No Claim Bonus. Customer: Perfect, good to know. Thanks.",,
INT000687,C0194,Call,Inbound,2025-08-26 17:55:00,,"Customer: Hi, my policy POL00319 is coming up for renewal on 2025-10-03. What is the renewal premium? Agent: Good evening, Ravi. Let me check. Your current premium is Rs. 21,090. With your NCB benefits, the renewal premium would be slightly lower. I will email you the exact quote. Customer: OK, and can I add zero-depreciation cover this time? Agent: Absolutely. I will include that in the quote. You should receive it within 24 hours.",,
INT000688,C0240,Email,Inbound,2025-07-31 15:07:00,,"Customer: Hi, my policy POL00295 is coming up for renewal on 2025-12-26. What is the renewal premium? Agent: Good afternoon, Rajesh. Let me check. Your current premium is Rs. 1,520. With your NCB benefits, the renewal premium would be slightly lower. I will email you the exact quote. Customer: OK, and can I add zero-depreciation cover this time? Agent: Absolutely. I will include that in the quote. You should receive it within 24 hours.",,
INT000689,C0052,Email,Inbound,2025-08-29 18:29:00,,"Subject: Formal Complaint - Claim CLM00055 Wrongly Rejected Dear Sir/Madam, I am writing to formally complain about the rejection of my motor insurance claim CLM00055 dated 2024-03-05. The claim was for Rs. 162,248 due to Accident. The rejection reason given was: Incident occurred while driving under influence of alcohol. I find this unacceptable as all required documents including the FIR copy, photographs, and repair estimate were submitted within the stipulated timeframe. I demand an immediate review. If not resolved within 7 working days, I will file a complaint with the Insurance Ombudsman and IRDAI. Policy: POL00288 Claim: CLM00055 Regards, Manoj Srivastava",,
INT000690,C0156,Email,Inbound,2024-09-30 11:15:00,,"Agent: Good evening, Shalini. This is Neha J. from SecureLife Motor Insurance. Your policy POL00524 for your Maruti Suzuki Swift is due for renewal on 2025-12-20. Would you like to renew? Customer: Yes, I am happy with the coverage. Please send me the renewal documents. Agent: Wonderful. I will process this right away. Thank you for continuing with us.",,
INT000691,C0370,Call,Inbound,2025-01-31 17:35:00,,"Customer: Hi, I have a question about my motor insurance policy POL00151. Agent: Of course, Aarav. How can I help? Customer: Does my comprehensive plan cover windshield damage without affecting my NCB? Agent: Yes, windshield claims up to Rs. 5,000 are covered under the zero-depreciation add-on without impacting your No Claim Bonus. Customer: Perfect, good to know. Thanks.",,
INT000692,C0324,Call,Inbound,2024-12-21 11:48:00,,"Customer: Hi, my policy POL00419 is coming up for renewal on 2025-12-10. What is the renewal premium? Agent: Good evening, Ritvik. Let me check. Your current premium is Rs. 1,920. With your NCB benefits, the renewal premium would be slightly lower. I will email you the exact quote. Customer: OK, and can I add zero-depreciation cover this time? Agent: Absolutely. I will include that in the quote. You should receive it within 24 hours.",,
INT000693,C0062,Call,Inbound,2025-07-15 17:27:00,,"Customer: I want to cancel my policy POL00673 immediately. Agent: I am sorry to hear that, Priya. May I ask the reason? Customer: Your claim service is terrible. My claim CLM00252 was rejected unfairly, I have overdue payment issues, and nobody follows up. I am done with SecureLife Motor Insurance. Agent: I understand your frustration. Let me connect you with our retention team who can review your concerns and possibly offer a resolution. Customer: I have given enough chances. Just process the cancellation.",,
INT000694,C0369,Call,Inbound,2025-03-06 17:08:00,,"Customer: I need to update the registration address on my policy POL00129. I moved from Delhi to Pune. Agent: Sure Ishaan, I can help with that. I will need a copy of your new address proof. Customer: I will email it today. How long does the update take? Agent: Typically 2-3 working days after we receive the documents.",,
INT000695,C0394,Call,Inbound,2025-02-12 09:51:00,,"Customer: Hi, I have a question about my motor insurance policy POL00555. Agent: Of course, Smita. How can I help? Customer: Does my comprehensive plan cover windshield damage without affecting my NCB? Agent: Yes, windshield claims up to Rs. 5,000 are covered under the zero-depreciation add-on without impacting your No Claim Bonus. Customer: Perfect, good to know. Thanks.",,
INT000696,C0067,Call,Inbound,2025-09-10 16:51:00,,"Customer: Hi, I have a question about my motor insurance policy POL00109. Agent: Of course, Vishal. How can I help? Customer: Does my comprehensive plan cover windshield damage without affecting my NCB? Agent: Yes, windshield claims up to Rs. 5,000 are covered under the zero-depreciation add-on without impacting your No Claim Bonus. Customer: Perfect, good to know. Thanks.",,
INT000697,C0386,Call,Inbound,2024-11-28 11:43:00,,"Customer: I need to update the registration address on my policy POL00177. I moved from Delhi to Pune. Agent: Sure Aarav, I can help with that. I will need a copy of your new address proof. Customer: I will email it today. How long does the update take? Agent: Typically 2-3 working days after we receive the documents.",,
INT000698,C0223,Email,Inbound,2025-04-04 09:54:00,,"Customer: I need to update the registration address on my policy POL00600. I moved from Delhi to Pune. Agent: Sure Naveen, I can help with that. I will need a copy of your new address proof. Customer: I will email it today. How long does the update take? Agent: Typically 2-3 working days after we receive the documents.",,
INT000699,C0147,Call,Inbound,2025-03-28 13:05:00,,"Customer: I need to update the registration address on my policy POL00184. I moved from Delhi to Pune. Agent: Sure Krishna, I can help with that. I will need a copy of your new address proof. Customer: I will email it today. How long does the update take? Agent: Typically 2-3 working days after we receive the documents.",,
INT000700,C0262,Call,Inbound,2025-09-27 09:12:00,,"Customer: I need to update the registration address on my policy POL00682. I moved from Delhi to Pune. Agent: Sure Reyansh, I can help with that. I will need a copy of your new address proof. Customer: I will email it today. How long does the update take? Agent: Typically 2-3 working days after we receive the documents.",,
INT000701,C0098,Call,Inbound,2025-08-30 12:08:00,,"Agent: Good afternoon, this is Meera R. from SecureLife Motor Insurance. Am I speaking with Vikram? Customer: Yes. What is it? Agent: I am calling regarding your policy POL00025. We notice 1 overdue payment(s) totalling Rs. 1,291. Customer: I know, I have been having some financial difficulties. The premium of Rs. 2,890 is too high. Agent: I understand. We can discuss flexible payment options. Would you like to switch to quarterly payments? Customer: Maybe. But honestly I am thinking of not renewing at all. It is too expensive.",,
INT000702,C0200,Call,Inbound,2025-09-23 18:58:00,,"Customer: Hi, my policy POL00495 is coming up for renewal on 2026-08-24. What is the renewal premium? Agent: Good morning, Sara. Let me check. Your current premium is Rs. 14,980. With your NCB benefits, the renewal premium would be slightly lower. I will email you the exact quote. Customer: OK, and can I add zero-depreciation cover this time? Agent: Absolutely. I will include that in the quote. You should receive it within 24 hours.",,
INT000703,C0017,Call,Inbound,2025-08-15 15:32:00,,"Agent: Good morning, Dinesh. This is Anita G. from SecureLife Motor Insurance. Your policy POL00553 for your Hyundai i20 is due for renewal on 2026-04-11. Would you like to renew? Customer: Yes, I am happy with the coverage. Please send me the renewal documents. Agent: Wonderful. I will process this right away. Thank you for continuing with us.",,
INT000704,C0083,Call,Inbound,2025-04-06 17:12:00,,"Agent: Good morning, this is Sameer T. from SecureLife Motor Insurance. Am I speaking with Shruti? Customer: Yes. I want to know why my claim CLM00144 was rejected. Agent: Let me check. The claim was filed on 2024-07-07 for Rs. 20,326 regarding Third Party Liability. Customer: I submitted every document you asked for. The rejection reason makes no sense. Agent: The noted reason is: Incomplete documentation: FIR copy missing. I understand this is frustrating. Customer: Frustrating? This is unacceptable. I will escalate to IRDAI if this is not reversed within a week.",,
INT000705,C0325,Call,Outbound,2025-03-04 18:59:00,,"Agent: Hello Anil, this is a courtesy call from SecureLife Motor Insurance. Your policy POL00615 has an upcoming payment. We wanted to ensure there are no issues with your auto-debit setup. Customer: Thanks for checking. I changed my bank account recently. Let me update the auto-debit mandate. Agent: I can help you with that right now if you have your new bank details handy.",,
INT000706,C0018,Call,Inbound,2024-10-07 15:10:00,,"Customer: I keep getting SMS reminders about overdue payments for policy POL00569. Agent: Yes Advait, there are 5 pending payments of Rs. 4,214 total. Customer: Your auto-debit failed twice and now you are charging me late fees. This is your system error. Agent: Let me check the transaction logs. I can see the auto-debit attempts were declined by your bank. Customer: Fine, but waive the late fees at least. Otherwise I will let the policy lapse.",,
INT000707,C0395,Call,Inbound,2024-12-06 12:06:00,,"Agent: Good morning, Myra. This is Meera R. from SecureLife Motor Insurance. Your policy POL00390 for your Kia Sonet is due for renewal on 2025-12-08. Would you like to renew? Customer: Yes, I am happy with the coverage. Please send me the renewal documents. Agent: Wonderful. I will process this right away. Thank you for continuing with us.",,
INT000708,C0030,Call,Inbound,2025-07-18 12:16:00,,"Agent: Good evening, Shaurya. This is Priya S. from SecureLife Motor Insurance. Your policy POL00289 for your Kia Seltos is due for renewal on 2026-07-28. Would you like to renew? Customer: Yes, I am happy with the coverage. Please send me the renewal documents. Agent: Wonderful. I will process this right away. Thank you for continuing with us.",,
INT000709,C0018,Call,Inbound,2024-11-09 17:56:00,,"Agent: Good morning, this is Raj M. from SecureLife Motor Insurance. Am I speaking with Advait? Customer: Yes. What is it? Agent: I am calling regarding your policy POL00001. We notice 5 overdue payment(s) totalling Rs. 4,214. Customer: I know, I have been having some financial difficulties. The premium of Rs. 1,760 is too high. Agent: I understand. We can discuss flexible payment options. Would you like to switch to quarterly payments? Customer: Maybe. But honestly I am thinking of not renewing at all. It is too expensive.",,
INT000710,C0108,Call,Inbound,2024-12-22 09:17:00,,"Agent: Good evening, Aarush. This is Sameer T. from SecureLife Motor Insurance. Your policy POL00686 for your Hyundai i20 is due for renewal on 2025-10-08. Would you like to renew? Customer: Yes, I am happy with the coverage. Please send me the renewal documents. Agent: Wonderful. I will process this right away. Thank you for continuing with us.",,
INT000711,C0226,Email,Inbound,2025-01-27 15:36:00,,"Customer: Hi, I have a question about my motor insurance policy POL00082. Agent: Of course, Vishal. How can I help? Customer: Does my comprehensive plan cover windshield damage without affecting my NCB? Agent: Yes, windshield claims up to Rs. 5,000 are covered under the zero-depreciation add-on without impacting your No Claim Bonus. Customer: Perfect, good to know. Thanks.",,
INT000712,C0277,Call,Inbound,2025-04-24 13:46:00,,"Customer: I need to update the registration address on my policy POL00718. I moved from Delhi to Pune. Agent: Sure Reyansh, I can help with that. I will need a copy of your new address proof. Customer: I will email it today. How long does the update take? Agent: Typically 2-3 working days after we receive the documents.",,
INT000713,C0074,Email,Inbound,2025-02-18 13:01:00,,"Subject: Formal Complaint - Claim CLM00238 Wrongly Rejected Dear Sir/Madam, I am writing to formally complain about the rejection of my motor insurance claim CLM00238 dated 2025-07-12. The claim was for Rs. 138,114 due to Accident. The rejection reason given was: Incident occurred while driving under influence of alcohol. I find this unacceptable as all required documents including the FIR copy, photographs, and repair estimate were submitted within the stipulated timeframe. I demand an immediate review. If not resolved within 7 working days, I will file a complaint with the Insurance Ombudsman and IRDAI. Policy: POL00772 Claim: CLM00238 Regards, Deepa Bose",,
INT000714,C0092,Call,Inbound,2024-11-17 12:16:00,,"Customer: I need to update the registration address on my policy POL00103. I moved from Delhi to Pune. Agent: Sure Komal, I can help with that. I will need a copy of your new address proof. Customer: I will email it today. How long does the update take? Agent: Typically 2-3 working days after we receive the documents.",,
INT000715,C0068,Call,Inbound,2025-08-18 14:01:00,,"Customer: Hi, I have a question about my motor insurance policy POL00202. Agent: Of course, Sachin. How can I help? Customer: Does my comprehensive plan cover windshield damage without affecting my NCB? Agent: Yes, windshield claims up to Rs. 5,000 are covered under the zero-depreciation add-on without impacting your No Claim Bonus. Customer: Perfect, good to know. Thanks.",,
INT000716,C0013,Call,Inbound,2025-07-25 14:00:00,,"Customer: Hi, I have a question about my motor insurance policy POL00530. Agent: Of course, Ramesh. How can I help? Customer: Does my comprehensive plan cover windshield damage without affecting my NCB? Agent: Yes, windshield claims up to Rs. 5,000 are covered under the zero-depreciation add-on without impacting your No Claim Bonus. Customer: Perfect, good to know. Thanks.",,
INT000717,C0223,Email,Inbound,2025-01-18 15:30:00,,"Customer: I need to update the registration address on my policy POL00600. I moved from Delhi to Pune. Agent: Sure Naveen, I can help with that. I will need a copy of your new address proof. Customer: I will email it today. How long does the update take? Agent: Typically 2-3 working days after we receive the documents.",,
INT000718,C0039,Call,Inbound,2025-09-28 12:33:00,,"Agent: Good evening, this is Sameer T. from SecureLife Motor Insurance. Am I speaking with Preeti? Customer: Yes. What is it? Agent: I am calling regarding your policy POL00605. We notice 1 overdue payment(s) totalling Rs. 5,410. Customer: I know, I have been having some financial difficulties. The premium of Rs. 5,410 is too high. Agent: I understand. We can discuss flexible payment options. Would you like to switch to quarterly payments? Customer: Maybe. But honestly I am thinking of not renewing at all. It is too expensive.",,
INT000719,C0040,Call,Inbound,2025-05-28 16:18:00,,"Customer: I am comparing motor insurance and SecureLife Motor Insurance seems overpriced. ICICI Lombard and New India Assurance both quoted lower for the same coverage on my Mahindra XUV700. Agent: Riya, our plans include benefits like 24x7 roadside assistance and cashless repairs at 5,000+ garages. But let me see what special rate I can offer for your renewal. Customer: OK, but the difference needs to be significant for me to stay.",,
INT000720,C0087,Call,Inbound,2025-09-25 12:35:00,,"Customer: I keep getting SMS reminders about overdue payments for policy POL00554. Agent: Yes Nisha, there are 4 pending payments of Rs. 3,530 total. Customer: Your auto-debit failed twice and now you are charging me late fees. This is your system error. Agent: Let me check the transaction logs. I can see the auto-debit attempts were declined by your bank. Customer: Fine, but waive the late fees at least. Otherwise I will let the policy lapse.",,
INT000721,C0165,Email,Inbound,2025-01-31 09:32:00,,"Customer: Hi, I have a question about my motor insurance policy POL00489. Agent: Of course, Aarush. How can I help? Customer: Does my comprehensive plan cover windshield damage without affecting my NCB? Agent: Yes, windshield claims up to Rs. 5,000 are covered under the zero-depreciation add-on without impacting your No Claim Bonus. Customer: Perfect, good to know. Thanks.",,
INT000722,C0017,WhatsApp,Inbound,2025-02-01 12:24:00,,"Dinesh: Hi, I need help with claim N/A. It was rejected and I disagree with the reason. Agent: Hello Dinesh, I am sorry about this. Let me pull up your details. Dinesh: The reason given is 'N/A' but that is wrong. My documents were complete. Agent: I understand. Let me escalate this for review. You will receive a callback within 24 hours. Dinesh: Please make sure someone actually calls this time.",,
INT000723,C0114,Email,Inbound,2025-05-06 17:28:00,,"Customer: Hi, my policy POL00090 is coming up for renewal on 2025-12-17. What is the renewal premium? Agent: Good morning, Karan. Let me check. Your current premium is Rs. 27,680. With your NCB benefits, the renewal premium would be slightly lower. I will email you the exact quote. Customer: OK, and can I add zero-depreciation cover this time? Agent: Absolutely. I will include that in the quote. You should receive it within 24 hours.",,
INT000724,C0028,Call,Inbound,2024-12-22 17:27:00,,"Agent: Good morning, Ayaan. This is Rohit B. from SecureLife Motor Insurance. Your policy POL00336 for your Hero Glamour is due for renewal on 2025-06-06. Would you like to renew? Customer: Yes, I am happy with the coverage. Please send me the renewal documents. Agent: Wonderful. I will process this right away. Thank you for continuing with us.",,
INT000725,C0497,Call,Inbound,2024-12-17 18:40:00,,"Agent: Good afternoon, Kavita. This is Divya P. from SecureLife Motor Insurance. Your policy POL00485 for your Hero Splendor Plus is due for renewal on 2026-03-22. Would you like to renew? Customer: Yes, I am happy with the coverage. Please send me the renewal documents. Agent: Wonderful. I will process this right away. Thank you for continuing with us.",,
INT000726,C0341,Call,Inbound,2025-08-30 18:42:00,,"Customer: I need to update the registration address on my policy POL00132. I moved from Delhi to Pune. Agent: Sure Manisha, I can help with that. I will need a copy of your new address proof. Customer: I will email it today. How long does the update take? Agent: Typically 2-3 working days after we receive the documents.",,
INT000727,C0026,Call,Inbound,2025-05-05 14:48:00,,"Agent: Good morning, this is Neha J. from SecureLife Motor Insurance. Am I speaking with Reyansh? Customer: Yes. I want to know why my claim CLM00080 was rejected. Agent: Let me check. The claim was filed on 2024-02-08 for Rs. 19,083 regarding Accident. Customer: I submitted every document you asked for. The rejection reason makes no sense. Agent: The noted reason is: Damage not covered under Third Party Only plan. I understand this is frustrating. Customer: Frustrating? This is unacceptable. I will escalate to IRDAI if this is not reversed within a week.",,
INT000728,C0127,Call,Inbound,2024-12-26 16:49:00,,"Customer: Hi, I have a question about my motor insurance policy POL00671. Agent: Of course, Pooja. How can I help? Customer: Does my comprehensive plan cover windshield damage without affecting my NCB? Agent: Yes, windshield claims up to Rs. 5,000 are covered under the zero-depreciation add-on without impacting your No Claim Bonus. Customer: Perfect, good to know. Thanks.",,
INT000729,C0030,WhatsApp,Inbound,2025-04-05 10:35:00,,"Shaurya: My policy POL00289 payment failed again. This is the third time. Agent: Sorry about that, Shaurya. Let me check what happened with the auto-debit. Shaurya: I have sufficient balance. Your system is broken. Fix it or I am switching. Agent: I will raise a technical ticket immediately. In the meantime, here is a direct payment link.",,
INT000730,C0070,Call,Inbound,2025-05-16 14:02:00,,"Customer: Hi, my policy POL00431 is coming up for renewal on 2026-06-04. What is the renewal premium? Agent: Good afternoon, Nisha. Let me check. Your current premium is Rs. 1,720. With your NCB benefits, the renewal premium would be slightly lower. I will email you the exact quote. Customer: OK, and can I add zero-depreciation cover this time? Agent: Absolutely. I will include that in the quote. You should receive it within 24 hours.",,
INT000731,C0207,Call,Inbound,2025-05-29 09:32:00,,"Customer: Hi, I have a question about my motor insurance policy POL00557. Agent: Of course, Vikram. How can I help? Customer: Does my comprehensive plan cover windshield damage without affecting my NCB? Agent: Yes, windshield claims up to Rs. 5,000 are covered under the zero-depreciation add-on without impacting your No Claim Bonus. Customer: Perfect, good to know. Thanks.",,
INT000732,C0331,Call,Inbound,2025-06-02 14:16:00,,"Customer: I need to update the registration address on my policy POL00059. I moved from Delhi to Pune. Agent: Sure Deepak, I can help with that. I will need a copy of your new address proof. Customer: I will email it today. How long does the update take? Agent: Typically 2-3 working days after we receive the documents.",,
INT000733,C0305,Call,Inbound,2025-03-13 09:52:00,,"Customer: Hi, I renewed my policy POL00191 online and the process was very smooth. Just wanted to give positive feedback. Agent: Thank you, Ishaan! We are glad the digital renewal worked well for you. Customer: Yes, much better than last year. The app has improved a lot.",,
INT000734,C0058,Email,Inbound,2024-11-14 13:24:00,,"Subject: Disappointed with Claim Service - Policy POL00079 Dear SecureLife Motor Insurance Team, This is regarding my pending claim CLM00228 for Roadside Assistance. It has been several weeks since I filed the claim for Rs. 11,574 and I have received no proper update. My Hero Splendor Plus is still at the garage and I am bearing daily commute expenses. I have been a loyal customer but this experience has been very poor. Please expedite the resolution. Regards, Manisha Nambiar",,
INT000735,C0464,Call,Inbound,2025-02-05 15:47:00,,"Customer: Hi, I renewed my policy POL00101 online and the process was very smooth. Just wanted to give positive feedback. Agent: Thank you, Pankaj! We are glad the digital renewal worked well for you. Customer: Yes, much better than last year. The app has improved a lot.",,
INT000736,C0063,Call,Inbound,2024-12-08 15:44:00,,"Customer: I want to cancel my policy POL00330 immediately. Agent: I am sorry to hear that, Mohit. May I ask the reason? Customer: Your claim service is terrible. My claim N/A was rejected unfairly, I have overdue payment issues, and nobody follows up. I am done with SecureLife Motor Insurance. Agent: I understand your frustration. Let me connect you with our retention team who can review your concerns and possibly offer a resolution. Customer: I have given enough chances. Just process the cancellation.",,
INT000737,C0045,Call,Inbound,2025-04-21 17:38:00,,"Customer: Hi, my policy POL00609 is coming up for renewal on 2025-12-16. What is the renewal premium? Agent: Good afternoon, Komal. Let me check. Your current premium is Rs. 10,979. With your NCB benefits, the renewal premium would be slightly lower. I will email you the exact quote. Customer: OK, and can I add zero-depreciation cover this time? Agent: Absolutely. I will include that in the quote. You should receive it within 24 hours.",,
INT000738,C0028,Email,Inbound,2025-01-08 14:20:00,,"Subject: Formal Complaint - Claim CLM00024 Wrongly Rejected Dear Sir/Madam, I am writing to formally complain about the rejection of my motor insurance claim CLM00024 dated 2024-04-19. The claim was for Rs. 22,695 due to Third Party Liability. The rejection reason given was: Incident occurred while driving under influence of alcohol. I find this unacceptable as all required documents including the FIR copy, photographs, and repair estimate were submitted within the stipulated timeframe. I demand an immediate review. If not resolved within 7 working days, I will file a complaint with the Insurance Ombudsman and IRDAI. Policy: POL00480 Claim: CLM00024 Regards, Ayaan Kumar",,
INT000739,C0393,Call,Inbound,2025-08-05 09:04:00,,"Customer: I just wanted to call and say thank you. Vikram D. helped me with my claim last week and the experience was excellent. Very professional. Agent: Thank you so much, Pankaj. We really appreciate your kind words. Is there anything else? Customer: No, keep up the good work. I have already recommended SecureLife Motor Insurance to my colleagues.",,
INT000740,C0038,Call,Inbound,2024-10-29 10:38:00,,"Customer: Hello, I would like to cancel policy POL00268 for my Hyundai Creta. Agent: Shivam, I am sorry to hear this. Can I understand what went wrong? Customer: I found much better rates with ICICI Lombard. Your premium of Rs. 24,140 is not competitive. Agent: We do have loyalty discounts and NCB benefits. Shall I check what we can offer? Customer: I already compared. Please just cancel it.",,
INT000741,C0073,WhatsApp,Inbound,2025-07-29 18:06:00,,"Ishaan: My policy POL00755 payment failed again. This is the third time. Agent: Sorry about that, Ishaan. Let me check what happened with the auto-debit. Ishaan: I have sufficient balance. Your system is broken. Fix it or I am switching. Agent: I will raise a technical ticket immediately. In the meantime, here is a direct payment link.",,
INT000742,C0379,Email,Inbound,2024-10-25 16:04:00,,"Customer: I need to update the registration address on my policy POL00796. I moved from Delhi to Pune. Agent: Sure Myra, I can help with that. I will need a copy of your new address proof. Customer: I will email it today. How long does the update take? Agent: Typically 2-3 working days after we receive the documents.",,
INT000743,C0275,Email,Inbound,2024-12-17 14:01:00,,"Customer: Hi, my policy POL00488 is coming up for renewal on 2025-12-17. What is the renewal premium? Agent: Good evening, Rekha. Let me check. Your current premium is Rs. 5,304. With your NCB benefits, the renewal premium would be slightly lower. I will email you the exact quote. Customer: OK, and can I add zero-depreciation cover this time? Agent: Absolutely. I will include that in the quote. You should receive it within 24 hours.",,
INT000744,C0467,Call,Outbound,2025-07-19 10:48:00,,"Agent: Good morning, Komal. This is Rohit B. from SecureLife Motor Insurance. I am calling to remind you that your premium payment of Rs. 3,931 for policy POL00190 was due recently. Would you like to make the payment now? Customer: Oh yes, I forgot. Can I pay through UPI right now? Agent: Absolutely. I will send you a payment link on WhatsApp. The payment is Rs. 3,931. Customer: Got it. Let me pay now. Done. Agent: Payment received. Thank you, Komal. Your policy remains active.",,
INT000745,C0074,Call,Inbound,2025-06-11 16:55:00,,"Agent: Good evening, this is Priya S. from SecureLife Motor Insurance. Am I speaking with Deepa? Customer: Yes. I want to know why my claim CLM00238 was rejected. Agent: Let me check. The claim was filed on 2025-07-12 for Rs. 138,114 regarding Accident. Customer: I submitted every document you asked for. The rejection reason makes no sense. Agent: The noted reason is: Incident occurred while driving under influence of alcohol. I understand this is frustrating. Customer: Frustrating? This is unacceptable. I will escalate to IRDAI if this is not reversed within a week.",,
INT000746,C0480,Call,Inbound,2025-05-21 17:00:00,,"Customer: I need to update the registration address on my policy POL00698. I moved from Delhi to Pune. Agent: Sure Shaurya, I can help with that. I will need a copy of your new address proof. Customer: I will email it today. How long does the update take? Agent: Typically 2-3 working days after we receive the documents.",,
INT000747,C0055,Call,Inbound,2025-08-29 15:37:00,,"Customer: Hi, my policy POL00547 is coming up for renewal on 2025-05-30. What is the renewal premium? Agent: Good evening, Mohit. Let me check. Your current premium is Rs. 27,230. With your NCB benefits, the renewal premium would be slightly lower. I will email you the exact quote. Customer: OK, and can I add zero-depreciation cover this time? Agent: Absolutely. I will include that in the quote. You should receive it within 24 hours.",,
INT000748,C0190,Call,Inbound,2025-09-04 10:34:00,,"Agent: Good morning, Ritvik. This is Arun K. from SecureLife Motor Insurance. Your policy POL00593 for your Hero Glamour is due for renewal on 2026-05-28. Would you like to renew? Customer: Yes, I am happy with the coverage. Please send me the renewal documents. Agent: Wonderful. I will process this right away. Thank you for continuing with us.",,
INT000749,C0016,Call,Inbound,2025-04-15 14:37:00,,"Customer: Hi, my policy POL00473 is coming up for renewal on 2026-02-07. What is the renewal premium? Agent: Good morning, Ritvik. Let me check. Your current premium is Rs. 990. With your NCB benefits, the renewal premium would be slightly lower. I will email you the exact quote. Customer: OK, and can I add zero-depreciation cover this time? Agent: Absolutely. I will include that in the quote. You should receive it within 24 hours.",,
INT000750,C0261,Call,Inbound,2025-05-06 14:38:00,,"Customer: Hi, my policy POL00743 is coming up for renewal on 2026-04-18. What is the renewal premium? Agent: Good morning, Neha. Let me check. Your current premium is Rs. 4,827. With your NCB benefits, the renewal premium would be slightly lower. I will email you the exact quote. Customer: OK, and can I add zero-depreciation cover this time? Agent: Absolutely. I will include that in the quote. You should receive it within 24 hours.",,
INT000751,C0337,Call,Inbound,2024-12-22 09:18:00,,"Customer: I need to update the registration address on my policy POL00253. I moved from Delhi to Pune. Agent: Sure Sneha, I can help with that. I will need a copy of your new address proof. Customer: I will email it today. How long does the update take? Agent: Typically 2-3 working days after we receive the documents.",,
INT000752,C0177,Call,Inbound,2025-09-25 17:07:00,,"Customer: Hi, I renewed my policy POL00677 online and the process was very smooth. Just wanted to give positive feedback. Agent: Thank you, Divya! We are glad the digital renewal worked well for you. Customer: Yes, much better than last year. The app has improved a lot.",,
INT000753,C0141,Call,Inbound,2024-10-09 18:31:00,,"Customer: Hi, I have a question about my motor insurance policy POL00458. Agent: Of course, Ira. How can I help? Customer: Does my comprehensive plan cover windshield damage without affecting my NCB? Agent: Yes, windshield claims up to Rs. 5,000 are covered under the zero-depreciation add-on without impacting your No Claim Bonus. Customer: Perfect, good to know. Thanks.",,
INT000754,C0132,Call,Inbound,2025-05-17 13:36:00,,"Agent: Good evening, Dinesh. This is Anita G. from SecureLife Motor Insurance. Your policy POL00016 for your Toyota Innova Crysta is due for renewal on 2025-05-31. Would you like to renew? Customer: Yes, I am happy with the coverage. Please send me the renewal documents. Agent: Wonderful. I will process this right away. Thank you for continuing with us.",,
INT000755,C0016,Email,Inbound,2025-07-23 16:16:00,,"Subject: Disappointed with Claim Service - Policy POL00704 Dear SecureLife Motor Insurance Team, This is regarding my pending claim CLM00093 for Third Party Liability. It has been several weeks since I filed the claim for Rs. 49,451 and I have received no proper update. My Maruti Suzuki Brezza is still at the garage and I am bearing daily commute expenses. I have been a loyal customer but this experience has been very poor. Please expedite the resolution. Regards, Ritvik Bose",,
INT000756,C0056,Call,Inbound,2024-11-21 13:05:00,,"Customer: Hi, my policy POL00327 is coming up for renewal on 2026-08-03. What is the renewal premium? Agent: Good afternoon, Ajay. Let me check. Your current premium is Rs. 36,270. With your NCB benefits, the renewal premium would be slightly lower. I will email you the exact quote. Customer: OK, and can I add zero-depreciation cover this time? Agent: Absolutely. I will include that in the quote. You should receive it within 24 hours.",,
INT000757,C0086,Call,Inbound,2025-04-20 12:43:00,,"Agent: Good afternoon, this is Vikram D. from SecureLife Motor Insurance. Am I speaking with Krishna? Customer: Yes. I want to know why my claim CLM00240 was rejected. Agent: Let me check. The claim was filed on 2025-02-10 for Rs. 96,399 regarding Accident. Customer: I submitted every document you asked for. The rejection reason makes no sense. Agent: The noted reason is: Damage not covered under Third Party Only plan. I understand this is frustrating. Customer: Frustrating? This is unacceptable. I will escalate to IRDAI if this is not reversed within a week.",,
INT000758,C0274,Call,Inbound,2025-09-06 10:25:00,,"Customer: Hi, I have a question about my motor insurance policy POL00172. Agent: Of course, Tanvi. How can I help? Customer: Does my comprehensive plan cover windshield damage without affecting my NCB? Agent: Yes, windshield claims up to Rs. 5,000 are covered under the zero-depreciation add-on without impacting your No Claim Bonus. Customer: Perfect, good to know. Thanks.",,
INT000759,C0496,Call,Inbound,2025-01-06 14:37:00,,"Agent: Good evening, Zara. This is Divya P. from SecureLife Motor Insurance. Your policy POL00537 for your Maruti Suzuki Swift is due for renewal on 2026-05-17. Would you like to renew? Customer: Yes, I am happy with the coverage. Please send me the renewal documents. Agent: Wonderful. I will process this right away. Thank you for continuing with us.",,
INT000760,C0069,Email,Inbound,2025-03-13 15:08:00,,"Subject: Request to Cancel Policy POL00387 Dear Sir/Madam, I wish to cancel my motor insurance policy POL00387 for my Maruti Suzuki Brezza. My reasons are: 1. Premium of Rs. 3,734 is not competitive compared to other insurers. 2. Poor claim settlement experience. 3. Unresponsive customer service. Please process the cancellation and refund any applicable pro-rata premium. Regards, Sanjay Deshpande",,
INT000761,C0277,Email,Inbound,2025-03-08 17:38:00,,"Customer: I need to update the registration address on my policy POL00787. I moved from Delhi to Pune. Agent: Sure Reyansh, I can help with that. I will need a copy of your new address proof. Customer: I will email it today. How long does the update take? Agent: Typically 2-3 working days after we receive the documents.",,
INT000762,C0403,Call,Outbound,2025-07-10 16:47:00,,"Agent: Hello Rahul, this is a courtesy call from SecureLife Motor Insurance. Your policy POL00173 has an upcoming payment. We wanted to ensure there are no issues with your auto-debit setup. Customer: Thanks for checking. I changed my bank account recently. Let me update the auto-debit mandate. Agent: I can help you with that right now if you have your new bank details handy.",,
INT000763,C0351,Call,Inbound,2025-06-15 10:45:00,,"Customer: I just wanted to call and say thank you. Sameer T. helped me with my claim last week and the experience was excellent. Very professional. Agent: Thank you so much, Sai. We really appreciate your kind words. Is there anything else? Customer: No, keep up the good work. I have already recommended SecureLife Motor Insurance to my colleagues.",,
INT000764,C0166,Email,Inbound,2025-01-05 14:47:00,,"Customer: Hi, I have a question about my motor insurance policy POL00136. Agent: Of course, Dinesh. How can I help? Customer: Does my comprehensive plan cover windshield damage without affecting my NCB? Agent: Yes, windshield claims up to Rs. 5,000 are covered under the zero-depreciation add-on without impacting your No Claim Bonus. Customer: Perfect, good to know. Thanks.",,
INT000765,C0429,Call,Inbound,2025-09-24 14:58:00,,"Customer: Hi, my policy POL00658 is coming up for renewal on 2025-08-22. What is the renewal premium? Agent: Good afternoon, Anjali. Let me check. Your current premium is Rs. 22,450. With your NCB benefits, the renewal premium would be slightly lower. I will email you the exact quote. Customer: OK, and can I add zero-depreciation cover this time? Agent: Absolutely. I will include that in the quote. You should receive it within 24 hours.",,
INT000766,C0117,Call,Inbound,2025-03-01 09:21:00,,"Customer: Hi, I just received the settlement for claim CLM00011. Rs. 8,326 credited. Agent: Yes Karan, glad to confirm. Your Accident claim has been fully processed. Customer: Excellent. I appreciate the quick turnaround. Will definitely renew my policy.",,
INT000767,C0425,Call,Inbound,2025-09-25 18:05:00,,"Customer: Hi, my policy POL00638 is coming up for renewal on 2025-10-26. What is the renewal premium? Agent: Good evening, Smita. Let me check. Your current premium is Rs. 745. With your NCB benefits, the renewal premium would be slightly lower. I will email you the exact quote. Customer: OK, and can I add zero-depreciation cover this time? Agent: Absolutely. I will include that in the quote. You should receive it within 24 hours.",,
INT000768,C0472,Email,Inbound,2025-05-08 09:51:00,,"Customer: Hi, my policy POL00006 is coming up for renewal on 2026-01-07. What is the renewal premium? Agent: Good afternoon, Anika. Let me check. Your current premium is Rs. 6,714. With your NCB benefits, the renewal premium would be slightly lower. I will email you the exact quote. Customer: OK, and can I add zero-depreciation cover this time? Agent: Absolutely. I will include that in the quote. You should receive it within 24 hours.",,
INT000769,C0475,Email,Inbound,2024-10-11 13:02:00,,"Customer: Hi, my policy POL00773 is coming up for renewal on 2026-04-20. What is the renewal premium? Agent: Good afternoon, Rajesh. Let me check. Your current premium is Rs. 31,120. With your NCB benefits, the renewal premium would be slightly lower. I will email you the exact quote. Customer: OK, and can I add zero-depreciation cover this time? Agent: Absolutely. I will include that in the quote. You should receive it within 24 hours.",,
INT000770,C0050,Call,Inbound,2024-11-14 18:55:00,,"Agent: Good morning, Amit. This is Arun K. from SecureLife Motor Insurance. Your policy POL00007 for your Honda City is due for renewal on 2026-09-27. Would you like to renew? Customer: Yes, I am happy with the coverage. Please send me the renewal documents. Agent: Wonderful. I will process this right away. Thank you for continuing with us.",,
INT000771,C0382,Email,Inbound,2025-07-07 15:22:00,,"Customer: I need to update the registration address on my policy POL00117. I moved from Delhi to Pune. Agent: Sure Pooja, I can help with that. I will need a copy of your new address proof. Customer: I will email it today. How long does the update take? Agent: Typically 2-3 working days after we receive the documents.",,
INT000772,C0266,Email,Inbound,2025-04-04 11:26:00,,"Customer: I need to update the registration address on my policy POL00213. I moved from Delhi to Pune. Agent: Sure Sai, I can help with that. I will need a copy of your new address proof. Customer: I will email it today. How long does the update take? Agent: Typically 2-3 working days after we receive the documents.",,
INT000773,C0090,Email,Inbound,2025-04-30 11:08:00,,"Subject: Request to Cancel Policy POL00293 Dear Sir/Madam, I wish to cancel my motor insurance policy POL00293 for my Kia Seltos. My reasons are: 1. Premium of Rs. 39,160 is not competitive compared to other insurers. 2. Poor claim settlement experience. 3. Unresponsive customer service. Please process the cancellation and refund any applicable pro-rata premium. Regards, Ira Reddy",,
INT000774,C0104,WhatsApp,Inbound,2025-09-05 12:16:00,,"Aarav: Hi, I renewed my policy POL00735 online. Got the documents instantly. Great experience! Agent: Thank you Aarav! Happy to hear the digital process worked well. Drive safe!",,
INT000775,C0030,Call,Inbound,2025-01-29 15:24:00,,"Customer: I am comparing motor insurance and SecureLife Motor Insurance seems overpriced. ICICI Lombard and New India Assurance both quoted lower for the same coverage on my Kia Seltos. Agent: Shaurya, our plans include benefits like 24x7 roadside assistance and cashless repairs at 5,000+ garages. But let me see what special rate I can offer for your renewal. Customer: OK, but the difference needs to be significant for me to stay.",,
INT000776,C0363,Call,Inbound,2025-08-19 11:03:00,,"Customer: I need to update the registration address on my policy POL00496. I moved from Delhi to Pune. Agent: Sure Ashok, I can help with that. I will need a copy of your new address proof. Customer: I will email it today. How long does the update take? Agent: Typically 2-3 working days after we receive the documents.",,
INT000777,C0161,WhatsApp,Inbound,2024-11-23 12:06:00,,"Dhruv: Hi, I renewed my policy POL00501 online. Got the documents instantly. Great experience! Agent: Thank you Dhruv! Happy to hear the digital process worked well. Drive safe!",,
INT000778,C0385,Call,Outbound,2024-09-29 10:16:00,,"Agent: Hello Avni, this is a courtesy call from SecureLife Motor Insurance. Your policy POL00176 has an upcoming payment. We wanted to ensure there are no issues with your auto-debit setup. Customer: Thanks for checking. I changed my bank account recently. Let me update the auto-debit mandate. Agent: I can help you with that right now if you have your new bank details handy.",,
INT000779,C0135,WhatsApp,Inbound,2025-05-09 13:22:00,,"Meera: Just received the claim settlement. Thank you! Very quick service this time. Agent: Glad to hear it, Meera! Is there anything else you need help with? Meera: No, all good. Will renew my policy next month.",,
INT000780,C0077,Call,Inbound,2024-11-28 18:54:00,,"Customer: Hi, I have a question about my motor insurance policy POL00611. Agent: Of course, Ramesh. How can I help? Customer: Does my comprehensive plan cover windshield damage without affecting my NCB? Agent: Yes, windshield claims up to Rs. 5,000 are covered under the zero-depreciation add-on without impacting your No Claim Bonus. Customer: Perfect, good to know. Thanks.",,
INT000781,C0416,Call,Inbound,2025-07-06 18:27:00,,"Agent: Good evening, Manoj. This is Divya P. from SecureLife Motor Insurance. Your policy POL00291 for your Tata Nexon is due for renewal on 2026-03-13. Would you like to renew? Customer: Yes, I am happy with the coverage. Please send me the renewal documents. Agent: Wonderful. I will process this right away. Thank you for continuing with us.",,
INT000782,C0240,WhatsApp,Inbound,2025-04-27 18:38:00,,"Rajesh: Hi, I renewed my policy POL00295 online. Got the documents instantly. Great experience! Agent: Thank you Rajesh! Happy to hear the digital process worked well. Drive safe!",,
INT000783,C0379,Email,Inbound,2024-12-31 17:32:00,,"Customer: Hi, I have a question about my motor insurance policy POL00796. Agent: Of course, Myra. How can I help? Customer: Does my comprehensive plan cover windshield damage without affecting my NCB? Agent: Yes, windshield claims up to Rs. 5,000 are covered under the zero-depreciation add-on without impacting your No Claim Bonus. Customer: Perfect, good to know. Thanks.",,
INT000784,C0061,Call,Inbound,2025-01-16 18:16:00,,"Customer: Hi, my policy POL00782 is coming up for renewal on 2026-06-27. What is the renewal premium? Agent: Good afternoon, Ritvik. Let me check. Your current premium is Rs. 6,134. With your NCB benefits, the renewal premium would be slightly lower. I will email you the exact quote. Customer: OK, and can I add zero-depreciation cover this time? Agent: Absolutely. I will include that in the quote. You should receive it within 24 hours.",,
INT000785,C0056,Call,Inbound,2025-07-05 11:14:00,,"Customer: Hi, my policy POL00327 is coming up for renewal on 2026-08-03. What is the renewal premium? Agent: Good morning, Ajay. Let me check. Your current premium is Rs. 36,270. With your NCB benefits, the renewal premium would be slightly lower. I will email you the exact quote. Customer: OK, and can I add zero-depreciation cover this time? Agent: Absolutely. I will include that in the quote. You should receive it within 24 hours.",,
INT000786,C0165,Call,Inbound,2024-10-12 10:19:00,,"Customer: Hi, I have a question about my motor insurance policy POL00489. Agent: Of course, Aarush. How can I help? Customer: Does my comprehensive plan cover windshield damage without affecting my NCB? Agent: Yes, windshield claims up to Rs. 5,000 are covered under the zero-depreciation add-on without impacting your No Claim Bonus. Customer: Perfect, good to know. Thanks.",,
INT000787,C0450,Call,Inbound,2025-05-21 09:29:00,,"Customer: I need to update the registration address on my policy POL00051. I moved from Delhi to Pune. Agent: Sure Ravi, I can help with that. I will need a copy of your new address proof. Customer: I will email it today. How long does the update take? Agent: Typically 2-3 working days after we receive the documents.",,
INT000788,C0052,Call,Inbound,2025-07-08 17:54:00,,"Customer: Hi, my policy POL00288 is coming up for renewal on 2025-10-27. What is the renewal premium? Agent: Good afternoon, Manoj. Let me check. Your current premium is Rs. 13,550. With your NCB benefits, the renewal premium would be slightly lower. I will email you the exact quote. Customer: OK, and can I add zero-depreciation cover this time? Agent: Absolutely. I will include that in the quote. You should receive it within 24 hours.",,
INT000789,C0024,WhatsApp,Inbound,2024-12-27 11:30:00,,"Varun: My policy POL00407 payment failed again. This is the third time. Agent: Sorry about that, Varun. Let me check what happened with the auto-debit. Varun: I have sufficient balance. Your system is broken. Fix it or I am switching. Agent: I will raise a technical ticket immediately. In the meantime, here is a direct payment link.",,
INT000790,C0134,Call,Inbound,2025-06-19 09:58:00,,"Customer: I just wanted to call and say thank you. Raj M. helped me with my claim last week and the experience was excellent. Very professional. Agent: Thank you so much, Amit. We really appreciate your kind words. Is there anything else? Customer: No, keep up the good work. I have already recommended SecureLife Motor Insurance to my colleagues.",,
INT000791,C0100,Call,Inbound,2024-10-26 15:02:00,,"Customer: I am comparing motor insurance and SecureLife Motor Insurance seems overpriced. ICICI Lombard and New India Assurance both quoted lower for the same coverage on my Maruti Suzuki Swift. Agent: Ishaan, our plans include benefits like 24x7 roadside assistance and cashless repairs at 5,000+ garages. But let me see what special rate I can offer for your renewal. Customer: OK, but the difference needs to be significant for me to stay.",,
INT000792,C0279,Call,Outbound,2025-06-15 14:33:00,,"Agent: Hello Deepak, this is a courtesy call from SecureLife Motor Insurance. Your policy POL00654 has an upcoming payment. We wanted to ensure there are no issues with your auto-debit setup. Customer: Thanks for checking. I changed my bank account recently. Let me update the auto-debit mandate. Agent: I can help you with that right now if you have your new bank details handy.",,
INT000793,C0142,Call,Inbound,2025-08-09 11:16:00,,"Customer: Hi, I renewed my policy POL00314 online and the process was very smooth. Just wanted to give positive feedback. Agent: Thank you, Vijay! We are glad the digital renewal worked well for you. Customer: Yes, much better than last year. The app has improved a lot.",,
INT000794,C0004,Call,Inbound,2025-03-20 13:40:00,,"Customer: Hi, I have a question about my motor insurance policy POL00145. Agent: Of course, Vivaan. How can I help? Customer: Does my comprehensive plan cover windshield damage without affecting my NCB? Agent: Yes, windshield claims up to Rs. 5,000 are covered under the zero-depreciation add-on without impacting your No Claim Bonus. Customer: Perfect, good to know. Thanks.",,
INT000795,C0049,Call,Inbound,2025-08-22 18:15:00,,"Customer: Hi, I have a question about my motor insurance policy POL00010. Agent: Of course, Dinesh. How can I help? Customer: Does my comprehensive plan cover windshield damage without affecting my NCB? Agent: Yes, windshield claims up to Rs. 5,000 are covered under the zero-depreciation add-on without impacting your No Claim Bonus. Customer: Perfect, good to know. Thanks.",,
INT000796,C0387,Call,Inbound,2025-06-30 16:25:00,,"Customer: I need to update the registration address on my policy POL00657. I moved from Delhi to Pune. Agent: Sure Kabir, I can help with that. I will need a copy of your new address proof. Customer: I will email it today. How long does the update take? Agent: Typically 2-3 working days after we receive the documents.",,
INT000797,C0267,Call,Inbound,2025-08-14 16:16:00,,"Customer: I need to update the registration address on my policy POL00188. I moved from Delhi to Pune. Agent: Sure Pranav, I can help with that. I will need a copy of your new address proof. Customer: I will email it today. How long does the update take? Agent: Typically 2-3 working days after we receive the documents.",,
INT000798,C0038,WhatsApp,Inbound,2025-06-29 15:50:00,,"Shivam: My policy POL00268 payment failed again. This is the third time. Agent: Sorry about that, Shivam. Let me check what happened with the auto-debit. Shivam: I have sufficient balance. Your system is broken. Fix it or I am switching. Agent: I will raise a technical ticket immediately. In the meantime, here is a direct payment link.",,
INT000799,C0067,Email,Inbound,2025-09-14 09:06:00,,"Subject: Disappointed with Claim Service - Policy POL00109 Dear SecureLife Motor Insurance Team, This is regarding my pending claim CLM00247 for Third Party Liability. It has been several weeks since I filed the claim for Rs. 29,392 and I have received no proper update. My TVS Apache RTR 160 is still at the garage and I am bearing daily commute expenses. I have been a loyal customer but this experience has been very poor. Please expedite the resolution. Regards, Vishal Hegde",,
INT000800,C0029,Call,Inbound,2025-06-19 15:16:00,,"Customer: Hi, my policy POL00256 is coming up for renewal on 2026-03-02. What is the renewal premium? Agent: Good afternoon, Aadhya. Let me check. Your current premium is Rs. 9,512. With your NCB benefits, the renewal premium would be slightly lower. I will email you the exact quote. Customer: OK, and can I add zero-depreciation cover this time? Agent: Absolutely. I will include that in the quote. You should receive it within 24 hours.",,
INT000801,C0081,Call,Inbound,2025-01-03 15:06:00,,"Agent: Good morning, this is Priya S. from SecureLife Motor Insurance. Am I speaking with Anvi? Customer: Yes. What is it? Agent: I am calling regarding your policy POL00608. We notice 2 overdue payment(s) totalling Rs. 17,020. Customer: I know, I have been having some financial difficulties. The premium of Rs. 8,510 is too high. Agent: I understand. We can discuss flexible payment options. Would you like to switch to quarterly payments? Customer: Maybe. But honestly I am thinking of not renewing at all. It is too expensive.",,
INT000802,C0197,Call,Inbound,2025-04-06 16:14:00,,"Customer: Hi, my policy POL00378 is coming up for renewal on 2026-08-08. What is the renewal premium? Agent: Good evening, Anjali. Let me check. Your current premium is Rs. 25,710. With your NCB benefits, the renewal premium would be slightly lower. I will email you the exact quote. Customer: OK, and can I add zero-depreciation cover this time? Agent: Absolutely. I will include that in the quote. You should receive it within 24 hours.",,
INT000803,C0473,Call,Inbound,2025-03-14 16:11:00,,"Customer: Hi, I have a question about my motor insurance policy POL00472. Agent: Of course, Pooja. How can I help? Customer: Does my comprehensive plan cover windshield damage without affecting my NCB? Agent: Yes, windshield claims up to Rs. 5,000 are covered under the zero-depreciation add-on without impacting your No Claim Bonus. Customer: Perfect, good to know. Thanks.",,
INT000804,C0300,WhatsApp,Inbound,2025-04-25 12:43:00,,"Rakesh: Hi, I renewed my policy POL00301 online. Got the documents instantly. Great experience! Agent: Thank you Rakesh! Happy to hear the digital process worked well. Drive safe!",,
INT000805,C0047,Call,Inbound,2025-08-06 14:23:00,,"Customer: I am comparing motor insurance and SecureLife Motor Insurance seems overpriced. ICICI Lombard and New India Assurance both quoted lower for the same coverage on my Yamaha FZ-S V3. Agent: Aarush, our plans include benefits like 24x7 roadside assistance and cashless repairs at 5,000+ garages. But let me see what special rate I can offer for your renewal. Customer: OK, but the difference needs to be significant for me to stay.",,
INT000806,C0228,WhatsApp,Inbound,2024-10-15 14:19:00,,"Shivam: Just received the claim settlement. Thank you! Very quick service this time. Agent: Glad to hear it, Shivam! Is there anything else you need help with? Shivam: No, all good. Will renew my policy next month.",,
INT000807,C0050,Call,Inbound,2025-09-26 18:27:00,,"Customer: I am comparing motor insurance and SecureLife Motor Insurance seems overpriced. ICICI Lombard and New India Assurance both quoted lower for the same coverage on my Honda City. Agent: Amit, our plans include benefits like 24x7 roadside assistance and cashless repairs at 5,000+ garages. But let me see what special rate I can offer for your renewal. Customer: OK, but the difference needs to be significant for me to stay.",,
INT000808,C0209,Call,Outbound,2025-06-18 14:32:00,,"Agent: Hello Pankaj, this is a courtesy call from SecureLife Motor Insurance. Your policy POL00450 has an upcoming payment. We wanted to ensure there are no issues with your auto-debit setup. Customer: Thanks for checking. I changed my bank account recently. Let me update the auto-debit mandate. Agent: I can help you with that right now if you have your new bank details handy.",,
INT000809,C0496,Call,Inbound,2025-05-12 16:03:00,,"Customer: I need to update the registration address on my policy POL00537. I moved from Delhi to Pune. Agent: Sure Zara, I can help with that. I will need a copy of your new address proof. Customer: I will email it today. How long does the update take? Agent: Typically 2-3 working days after we receive the documents.",,
INT000810,C0026,Call,Inbound,2025-04-10 17:28:00,,"Customer: I need to update the registration address on my policy POL00120. I moved from Delhi to Pune. Agent: Sure Reyansh, I can help with that. I will need a copy of your new address proof. Customer: I will email it today. How long does the update take? Agent: Typically 2-3 working days after we receive the documents.",,
INT000811,C0199,Call,Inbound,2025-04-03 14:53:00,,"Customer: Hi, I have a question about my motor insurance policy POL00299. Agent: Of course, Deepak. How can I help? Customer: Does my comprehensive plan cover windshield damage without affecting my NCB? Agent: Yes, windshield claims up to Rs. 5,000 are covered under the zero-depreciation add-on without impacting your No Claim Bonus. Customer: Perfect, good to know. Thanks.",,
INT000812,C0378,Call,Inbound,2025-05-22 09:49:00,,"Customer: Hi, I have a question about my motor insurance policy POL00368. Agent: Of course, Manisha. How can I help? Customer: Does my comprehensive plan cover windshield damage without affecting my NCB? Agent: Yes, windshield claims up to Rs. 5,000 are covered under the zero-depreciation add-on without impacting your No Claim Bonus. Customer: Perfect, good to know. Thanks.",,
INT000813,C0227,WhatsApp,Inbound,2024-10-16 17:39:00,,"Rahul: Hi, I renewed my policy POL00617 online. Got the documents instantly. Great experience! Agent: Thank you Rahul! Happy to hear the digital process worked well. Drive safe!",,
INT000814,C0450,Call,Inbound,2024-12-19 09:49:00,,"Agent: Good afternoon, Ravi. This is Vikram D. from SecureLife Motor Insurance. Your policy POL00051 for your Suzuki Access 125 is due for renewal on 2025-10-28. Would you like to renew? Customer: Yes, I am happy with the coverage. Please send me the renewal documents. Agent: Wonderful. I will process this right away. Thank you for continuing with us.",,
INT000815,C0269,Call,Inbound,2025-06-25 18:07:00,,"Customer: Hi, I have a question about my motor insurance policy POL00164. Agent: Of course, Ananya. How can I help? Customer: Does my comprehensive plan cover windshield damage without affecting my NCB? Agent: Yes, windshield claims up to Rs. 5,000 are covered under the zero-depreciation add-on without impacting your No Claim Bonus. Customer: Perfect, good to know. Thanks.",,
INT000816,C0077,Call,Inbound,2025-06-07 16:13:00,,"Customer: I am comparing motor insurance and SecureLife Motor Insurance seems overpriced. ICICI Lombard and New India Assurance both quoted lower for the same coverage on my Eicher Pro 2049. Agent: Ramesh, our plans include benefits like 24x7 roadside assistance and cashless repairs at 5,000+ garages. But let me see what special rate I can offer for your renewal. Customer: OK, but the difference needs to be significant for me to stay.",,
INT000817,C0036,Email,Inbound,2025-09-13 14:06:00,,"Subject: Disappointed with Claim Service - Policy POL00083 Dear SecureLife Motor Insurance Team, This is regarding my pending claim CLM00158 for Third Party Liability. It has been several weeks since I filed the claim for Rs. 156,416 and I have received no proper update. My Hero Glamour is still at the garage and I am bearing daily commute expenses. I have been a loyal customer but this experience has been very poor. Please expedite the resolution. Regards, Pradeep Desai",,
INT000818,C0095,Call,Inbound,2025-03-10 16:17:00,,"Customer: I need to update the registration address on my policy POL00304. I moved from Delhi to Pune. Agent: Sure Ritvik, I can help with that. I will need a copy of your new address proof. Customer: I will email it today. How long does the update take? Agent: Typically 2-3 working days after we receive the documents.",,
INT000819,C0137,Call,Inbound,2025-05-16 10:21:00,,"Agent: Good evening, Ashok. This is Raj M. from SecureLife Motor Insurance. Your policy POL00156 for your Mahindra XUV700 is due for renewal on 2026-06-03. Would you like to renew? Customer: Yes, I am happy with the coverage. Please send me the renewal documents. Agent: Wonderful. I will process this right away. Thank you for continuing with us.",,
INT000820,C0401,Call,Inbound,2025-06-29 16:27:00,,"Customer: Hi, I have a question about my motor insurance policy POL00351. Agent: Of course, Krishna. How can I help? Customer: Does my comprehensive plan cover windshield damage without affecting my NCB? Agent: Yes, windshield claims up to Rs. 5,000 are covered under the zero-depreciation add-on without impacting your No Claim Bonus. Customer: Perfect, good to know. Thanks.",,
INT000821,C0069,Call,Inbound,2024-11-29 16:30:00,,"Agent: Good afternoon, Sanjay. This is Anita G. from SecureLife Motor Insurance. Your policy POL00278 for your Tata Nexon is due for renewal on 2026-04-01. Would you like to renew? Customer: Yes, I am happy with the coverage. Please send me the renewal documents. Agent: Wonderful. I will process this right away. Thank you for continuing with us.",,
INT000822,C0241,Call,Inbound,2025-06-10 14:28:00,,"Agent: Good afternoon, Rohit. This is Arun K. from SecureLife Motor Insurance. Your policy POL00647 for your Bajaj Pulsar 150 is due for renewal on 2026-02-12. Would you like to renew? Customer: Yes, I am happy with the coverage. Please send me the renewal documents. Agent: Wonderful. I will process this right away. Thank you for continuing with us.",,
INT000823,C0191,Call,Inbound,2025-03-03 09:11:00,,"Customer: Hi, I have a question about my motor insurance policy POL00357. Agent: Of course, Pranav. How can I help? Customer: Does my comprehensive plan cover windshield damage without affecting my NCB? Agent: Yes, windshield claims up to Rs. 5,000 are covered under the zero-depreciation add-on without impacting your No Claim Bonus. Customer: Perfect, good to know. Thanks.",,
INT000824,C0015,Call,Inbound,2024-11-07 17:43:00,,"Customer: Hi, I have a question about my motor insurance policy POL00420. Agent: Of course, Suresh. How can I help? Customer: Does my comprehensive plan cover windshield damage without affecting my NCB? Agent: Yes, windshield claims up to Rs. 5,000 are covered under the zero-depreciation add-on without impacting your No Claim Bonus. Customer: Perfect, good to know. Thanks.",,
INT000825,C0483,Call,Inbound,2025-07-25 12:31:00,,"Customer: Hi, I have a question about my motor insurance policy POL00340. Agent: Of course, Ashok. How can I help? Customer: Does my comprehensive plan cover windshield damage without affecting my NCB? Agent: Yes, windshield claims up to Rs. 5,000 are covered under the zero-depreciation add-on without impacting your No Claim Bonus. Customer: Perfect, good to know. Thanks.",,
INT000826,C0187,Call,Outbound,2025-03-02 17:28:00,,"Agent: Hello Ananya, this is a courtesy call from SecureLife Motor Insurance. Your policy POL00613 has an upcoming payment. We wanted to ensure there are no issues with your auto-debit setup. Customer: Thanks for checking. I changed my bank account recently. Let me update the auto-debit mandate. Agent: I can help you with that right now if you have your new bank details handy.",,
INT000827,C0089,Call,Inbound,2024-11-04 14:07:00,,"Customer: I keep getting SMS reminders about overdue payments for policy POL00349. Agent: Yes Naveen, there are 1 pending payments of Rs. 2,330 total. Customer: Your auto-debit failed twice and now you are charging me late fees. This is your system error. Agent: Let me check the transaction logs. I can see the auto-debit attempts were declined by your bank. Customer: Fine, but waive the late fees at least. Otherwise I will let the policy lapse.",,
INT000828,C0420,Email,Inbound,2025-02-15 17:46:00,,"Customer: I need to update the registration address on my policy POL00469. I moved from Delhi to Pune. Agent: Sure Pankaj, I can help with that. I will need a copy of your new address proof. Customer: I will email it today. How long does the update take? Agent: Typically 2-3 working days after we receive the documents.",,
INT000829,C0026,Email,Inbound,2025-04-13 13:44:00,,"Subject: Disappointed with Claim Service - Policy POL00120 Dear SecureLife Motor Insurance Team, This is regarding my pending claim CLM00080 for Accident. It has been several weeks since I filed the claim for Rs. 19,083 and I have received no proper update. My Toyota Innova Crysta is still at the garage and I am bearing daily commute expenses. I have been a loyal customer but this experience has been very poor. Please expedite the resolution. Regards, Reyansh Deshpande",,
INT000830,C0445,Call,Inbound,2025-06-24 10:55:00,,"Customer: Hi, I have a question about my motor insurance policy POL00675. Agent: Of course, Vikram. How can I help? Customer: Does my comprehensive plan cover windshield damage without affecting my NCB? Agent: Yes, windshield claims up to Rs. 5,000 are covered under the zero-depreciation add-on without impacting your No Claim Bonus. Customer: Perfect, good to know. Thanks.",,
INT000831,C0445,Call,Inbound,2025-01-06 14:47:00,,"Customer: I need to update the registration address on my policy POL00675. I moved from Delhi to Pune. Agent: Sure Vikram, I can help with that. I will need a copy of your new address proof. Customer: I will email it today. How long does the update take? Agent: Typically 2-3 working days after we receive the documents.",,
INT000832,C0425,Email,Inbound,2024-12-02 12:01:00,,"Agent: Good evening, Smita. This is Neha J. from SecureLife Motor Insurance. Your policy POL00154 for your Hero Glamour is due for renewal on 2026-07-20. Would you like to renew? Customer: Yes, I am happy with the coverage. Please send me the renewal documents. Agent: Wonderful. I will process this right away. Thank you for continuing with us.",,
INT000833,C0024,Call,Inbound,2025-07-27 14:10:00,,"Customer: Hi, I have a question about my motor insurance policy POL00165. Agent: Of course, Varun. How can I help? Customer: Does my comprehensive plan cover windshield damage without affecting my NCB? Agent: Yes, windshield claims up to Rs. 5,000 are covered under the zero-depreciation add-on without impacting your No Claim Bonus. Customer: Perfect, good to know. Thanks.",,
INT000834,C0084,Call,Inbound,2024-11-25 11:58:00,,"Customer: Hi, I have a question about my motor insurance policy POL00157. Agent: Of course, Vishal. How can I help? Customer: Does my comprehensive plan cover windshield damage without affecting my NCB? Agent: Yes, windshield claims up to Rs. 5,000 are covered under the zero-depreciation add-on without impacting your No Claim Bonus. Customer: Perfect, good to know. Thanks.",,
INT000835,C0052,Call,Inbound,2024-11-03 18:07:00,,"Agent: Good afternoon, this is Priya S. calling from SecureLife Motor Insurance. May I speak with Manoj? Customer: Speaking. Look, I have called three times about claim CLM00055. Nobody helps me. Agent: I sincerely apologise for the experience. Your claim for Rs. 162,248 shows: Incident occurred while driving under influence of alcohol. Customer: My Hyundai i20 is sitting in the garage for weeks. I need this resolved now or I am cancelling everything.",,
INT000836,C0141,Call,Inbound,2025-06-10 10:35:00,,"Agent: Good morning, Ira. This is Arun K. from SecureLife Motor Insurance. Your policy POL00458 for your Honda City is due for renewal on 2025-05-07. Would you like to renew? Customer: Yes, I am happy with the coverage. Please send me the renewal documents. Agent: Wonderful. I will process this right away. Thank you for continuing with us.",,
INT000837,C0168,Call,Inbound,2024-10-05 09:48:00,,"Customer: I just wanted to call and say thank you. Arun K. helped me with my claim last week and the experience was excellent. Very professional. Agent: Thank you so much, Ravi. We really appreciate your kind words. Is there anything else? Customer: No, keep up the good work. I have already recommended SecureLife Motor Insurance to my colleagues.",,
INT000838,C0438,Call,Outbound,2024-10-09 09:36:00,,"Agent: Good afternoon, Rakesh. This is Priya S. from SecureLife Motor Insurance. I am calling to remind you that your premium payment of Rs. 29,630 for policy POL00731 was due recently. Would you like to make the payment now? Customer: Oh yes, I forgot. Can I pay through UPI right now? Agent: Absolutely. I will send you a payment link on WhatsApp. The payment is Rs. 29,630. Customer: Got it. Let me pay now. Done. Agent: Payment received. Thank you, Rakesh. Your policy remains active.",,
INT000839,C0008,Call,Inbound,2025-02-13 16:38:00,,"Customer: I keep getting SMS reminders about overdue payments for policy POL00366. Agent: Yes Prisha, there are 7 pending payments of Rs. 34,265 total. Customer: Your auto-debit failed twice and now you are charging me late fees. This is your system error. Agent: Let me check the transaction logs. I can see the auto-debit attempts were declined by your bank. Customer: Fine, but waive the late fees at least. Otherwise I will let the policy lapse.",,
INT000840,C0105,Email,Inbound,2025-03-21 10:34:00,,"Customer: Hi, I have a question about my motor insurance policy POL00259. Agent: Of course, Shaurya. How can I help? Customer: Does my comprehensive plan cover windshield damage without affecting my NCB? Agent: Yes, windshield claims up to Rs. 5,000 are covered under the zero-depreciation add-on without impacting your No Claim Bonus. Customer: Perfect, good to know. Thanks.",,
INT000841,C0019,Call,Inbound,2025-08-09 17:21:00,,"Customer: I need to update the registration address on my policy POL00733. I moved from Delhi to Pune. Agent: Sure Sara, I can help with that. I will need a copy of your new address proof. Customer: I will email it today. How long does the update take? Agent: Typically 2-3 working days after we receive the documents.",,
INT000842,C0047,Call,Inbound,2025-05-27 09:59:00,,"Customer: Hi, my policy POL00736 is coming up for renewal on 2025-11-15. What is the renewal premium? Agent: Good afternoon, Aarush. Let me check. Your current premium is Rs. 2,810. With your NCB benefits, the renewal premium would be slightly lower. I will email you the exact quote. Customer: OK, and can I add zero-depreciation cover this time? Agent: Absolutely. I will include that in the quote. You should receive it within 24 hours.",,
INT000843,C0295,Call,Inbound,2025-08-07 14:00:00,,"Customer: I need to update the registration address on my policy POL00415. I moved from Delhi to Pune. Agent: Sure Shruti, I can help with that. I will need a copy of your new address proof. Customer: I will email it today. How long does the update take? Agent: Typically 2-3 working days after we receive the documents.",,
INT000844,C0391,Call,Inbound,2025-01-10 18:08:00,,"Customer: Hi, I have a question about my motor insurance policy POL00143. Agent: Of course, Deepak. How can I help? Customer: Does my comprehensive plan cover windshield damage without affecting my NCB? Agent: Yes, windshield claims up to Rs. 5,000 are covered under the zero-depreciation add-on without impacting your No Claim Bonus. Customer: Perfect, good to know. Thanks.",,
INT000845,C0148,WhatsApp,Inbound,2024-11-28 14:22:00,,"Varun: Hi, I renewed my policy POL00481 online. Got the documents instantly. Great experience! Agent: Thank you Varun! Happy to hear the digital process worked well. Drive safe!",,
INT000846,C0308,Call,Inbound,2024-10-24 11:28:00,,"Customer: Hi, I have a question about my motor insurance policy POL00363. Agent: Of course, Arjun. How can I help? Customer: Does my comprehensive plan cover windshield damage without affecting my NCB? Agent: Yes, windshield claims up to Rs. 5,000 are covered under the zero-depreciation add-on without impacting your No Claim Bonus. Customer: Perfect, good to know. Thanks.",,
INT000847,C0169,Call,Inbound,2025-03-23 13:56:00,,"Customer: Hi, I have a question about my motor insurance policy POL00261. Agent: Of course, Aarohi. How can I help? Customer: Does my comprehensive plan cover windshield damage without affecting my NCB? Agent: Yes, windshield claims up to Rs. 5,000 are covered under the zero-depreciation add-on without impacting your No Claim Bonus. Customer: Perfect, good to know. Thanks.",,
INT000848,C0065,Call,Inbound,2024-11-27 16:39:00,,"Customer: I keep getting SMS reminders about overdue payments for policy POL00258. Agent: Yes Diya, there are 12 pending payments of Rs. 65,636 total. Customer: Your auto-debit failed twice and now you are charging me late fees. This is your system error. Agent: Let me check the transaction logs. I can see the auto-debit attempts were declined by your bank. Customer: Fine, but waive the late fees at least. Otherwise I will let the policy lapse.",,
INT000849,C0064,Call,Inbound,2025-02-04 13:59:00,,"Customer: I need to update the registration address on my policy POL00175. I moved from Delhi to Pune. Agent: Sure Diya, I can help with that. I will need a copy of your new address proof. Customer: I will email it today. How long does the update take? Agent: Typically 2-3 working days after we receive the documents.",,
INT000850,C0458,Call,Outbound,2024-10-26 16:07:00,,"Agent: Hello Mohit, this is a courtesy call from SecureLife Motor Insurance. Your policy POL00497 has an upcoming payment. We wanted to ensure there are no issues with your auto-debit setup. Customer: Thanks for checking. I changed my bank account recently. Let me update the auto-debit mandate. Agent: I can help you with that right now if you have your new bank details handy.",,
INT000851,C0047,Call,Inbound,2024-11-13 09:24:00,,"Customer: Hello, I would like to cancel policy POL00539 for my Tata Punch. Agent: Aarush, I am sorry to hear this. Can I understand what went wrong? Customer: I found much better rates with ICICI Lombard. Your premium of Rs. 10,530 is not competitive. Agent: We do have loyalty discounts and NCB benefits. Shall I check what we can offer? Customer: I already compared. Please just cancel it.",,
INT000852,C0020,Call,Inbound,2025-08-02 12:17:00,,"Customer: I am comparing motor insurance and SecureLife Motor Insurance seems overpriced. ICICI Lombard and New India Assurance both quoted lower for the same coverage on my TVS Apache RTR 160. Agent: Deepak, our plans include benefits like 24x7 roadside assistance and cashless repairs at 5,000+ garages. But let me see what special rate I can offer for your renewal. Customer: OK, but the difference needs to be significant for me to stay.",,
INT000853,C0082,Call,Inbound,2025-05-03 14:22:00,,"Agent: Good evening, this is Sameer T. from SecureLife Motor Insurance. Am I speaking with Ravi? Customer: Yes. I want to know why my claim CLM00157 was rejected. Agent: Let me check. The claim was filed on 2025-01-28 for Rs. 10,134 regarding Roadside Assistance. Customer: I submitted every document you asked for. The rejection reason makes no sense. Agent: The noted reason is: Pre-existing damage detected during surveyor inspection. I understand this is frustrating. Customer: Frustrating? This is unacceptable. I will escalate to IRDAI if this is not reversed within a week.",,
INT000854,C0173,Email,Inbound,2024-10-27 16:44:00,,"Customer: I need to update the registration address on my policy POL00761. I moved from Delhi to Pune. Agent: Sure Anvi, I can help with that. I will need a copy of your new address proof. Customer: I will email it today. How long does the update take? Agent: Typically 2-3 working days after we receive the documents.",,
INT000855,C0392,Call,Outbound,2025-04-27 18:05:00,,"Agent: Good afternoon, Ramesh. This is Rohit B. from SecureLife Motor Insurance. I am calling to remind you that your premium payment of Rs. 2,010 for policy POL00753 was due recently. Would you like to make the payment now? Customer: Oh yes, I forgot. Can I pay through UPI right now? Agent: Absolutely. I will send you a payment link on WhatsApp. The payment is Rs. 2,010. Customer: Got it. Let me pay now. Done. Agent: Payment received. Thank you, Ramesh. Your policy remains active.",,
INT000856,C0054,Call,Inbound,2024-10-15 16:35:00,,"Customer: I keep getting SMS reminders about overdue payments for policy POL00424. Agent: Yes Rajesh, there are 1 pending payments of Rs. 1,330 total. Customer: Your auto-debit failed twice and now you are charging me late fees. This is your system error. Agent: Let me check the transaction logs. I can see the auto-debit attempts were declined by your bank. Customer: Fine, but waive the late fees at least. Otherwise I will let the policy lapse.",,
INT000857,C0021,Call,Inbound,2025-09-05 18:43:00,,"Agent: Good evening, Ravi. This is Anita G. from SecureLife Motor Insurance. Your policy POL00433 for your Suzuki Access 125 is due for renewal on 2025-05-03. Would you like to renew? Customer: Yes, I am happy with the coverage. Please send me the renewal documents. Agent: Wonderful. I will process this right away. Thank you for continuing with us.",,
INT000858,C0446,Email,Inbound,2025-08-14 09:23:00,,"Customer: Hi, I have a question about my motor insurance policy POL00088. Agent: Of course, Naveen. How can I help? Customer: Does my comprehensive plan cover windshield damage without affecting my NCB? Agent: Yes, windshield claims up to Rs. 5,000 are covered under the zero-depreciation add-on without impacting your No Claim Bonus. Customer: Perfect, good to know. Thanks.",,
INT000859,C0391,Call,Outbound,2025-09-06 11:25:00,,"Agent: Good morning, Deepak. This is Sameer T. from SecureLife Motor Insurance. I am calling to remind you that your premium payment of Rs. 2,500 for policy POL00073 was due recently. Would you like to make the payment now? Customer: Oh yes, I forgot. Can I pay through UPI right now? Agent: Absolutely. I will send you a payment link on WhatsApp. The payment is Rs. 2,500. Customer: Got it. Let me pay now. Done. Agent: Payment received. Thank you, Deepak. Your policy remains active.",,
INT000860,C0005,Call,Inbound,2025-06-26 09:42:00,,"Customer: Hi, I have a question about my motor insurance policy POL00391. Agent: Of course, Rahul. How can I help? Customer: Does my comprehensive plan cover windshield damage without affecting my NCB? Agent: Yes, windshield claims up to Rs. 5,000 are covered under the zero-depreciation add-on without impacting your No Claim Bonus. Customer: Perfect, good to know. Thanks.",,
INT000861,C0121,Email,Inbound,2025-01-01 13:18:00,,"Customer: Hi, my policy POL00280 is coming up for renewal on 2025-06-08. What is the renewal premium? Agent: Good evening, Prisha. Let me check. Your current premium is Rs. 20,990. With your NCB benefits, the renewal premium would be slightly lower. I will email you the exact quote. Customer: OK, and can I add zero-depreciation cover this time? Agent: Absolutely. I will include that in the quote. You should receive it within 24 hours.",,
INT000862,C0231,Call,Inbound,2025-07-21 09:34:00,,"Customer: I need to update the registration address on my policy POL00226. I moved from Delhi to Pune. Agent: Sure Gaurav, I can help with that. I will need a copy of your new address proof. Customer: I will email it today. How long does the update take? Agent: Typically 2-3 working days after we receive the documents.",,
INT000863,C0066,Call,Inbound,2025-01-25 13:09:00,,"Customer: I keep getting SMS reminders about overdue payments for policy POL00764. Agent: Yes Kian, there are 6 pending payments of Rs. 11,185 total. Customer: Your auto-debit failed twice and now you are charging me late fees. This is your system error. Agent: Let me check the transaction logs. I can see the auto-debit attempts were declined by your bank. Customer: Fine, but waive the late fees at least. Otherwise I will let the policy lapse.",,
INT000864,C0212,Call,Outbound,2024-10-13 11:48:00,,"Agent: Good evening, Varun. This is Vikram D. from SecureLife Motor Insurance. I am calling to remind you that your premium payment of Rs. 33,110 for policy POL00650 was due recently. Would you like to make the payment now? Customer: Oh yes, I forgot. Can I pay through UPI right now? Agent: Absolutely. I will send you a payment link on WhatsApp. The payment is Rs. 33,110. Customer: Got it. Let me pay now. Done. Agent: Payment received. Thank you, Varun. Your policy remains active.",,
INT000865,C0421,Call,Inbound,2025-02-13 13:17:00,,"Customer: I need to update the registration address on my policy POL00721. I moved from Delhi to Pune. Agent: Sure Dhruv, I can help with that. I will need a copy of your new address proof. Customer: I will email it today. How long does the update take? Agent: Typically 2-3 working days after we receive the documents.",,
INT000866,C0087,Call,Inbound,2024-12-11 18:45:00,,"Customer: I received a quote from Bajaj Allianz for my Hero Glamour that is 20% cheaper than what I pay you. Agent: Nisha, I understand price is important. Let me check if we have any loyalty discounts available for your policy POL00554. Your current premium is Rs. 3,530. Customer: Please do. If you cannot match it, I will have to switch. Agent: I will have our retention team call you back with the best possible offer within 48 hours.",,
INT000867,C0012,Call,Inbound,2025-09-23 11:40:00,,"Customer: I need to update the registration address on my policy POL00800. I moved from Delhi to Pune. Agent: Sure Manisha, I can help with that. I will need a copy of your new address proof. Customer: I will email it today. How long does the update take? Agent: Typically 2-3 working days after we receive the documents.",,
INT000868,C0407,Email,Inbound,2024-10-22 17:04:00,,"Customer: I need to update the registration address on my policy POL00697. I moved from Delhi to Pune. Agent: Sure Kian, I can help with that. I will need a copy of your new address proof. Customer: I will email it today. How long does the update take? Agent: Typically 2-3 working days after we receive the documents.",,
INT000869,C0063,Call,Inbound,2024-12-16 16:08:00,,"Agent: Good afternoon, Mohit. This is Meera R. from SecureLife Motor Insurance. Your policy POL00330 for your Maruti Suzuki Baleno is due for renewal on 2025-04-18. Would you like to renew? Customer: Yes, I am happy with the coverage. Please send me the renewal documents. Agent: Wonderful. I will process this right away. Thank you for continuing with us.",,
INT000870,C0007,WhatsApp,Inbound,2024-10-18 10:13:00,,"Vivaan: My policy POL00224 payment failed again. This is the third time. Agent: Sorry about that, Vivaan. Let me check what happened with the auto-debit. Vivaan: I have sufficient balance. Your system is broken. Fix it or I am switching. Agent: I will raise a technical ticket immediately. In the meantime, here is a direct payment link.",,
INT000871,C0252,Email,Inbound,2025-04-13 14:37:00,,"Customer: I need to update the registration address on my policy POL00131. I moved from Delhi to Pune. Agent: Sure Vikram, I can help with that. I will need a copy of your new address proof. Customer: I will email it today. How long does the update take? Agent: Typically 2-3 working days after we receive the documents.",,
INT000872,C0410,Call,Inbound,2024-12-15 09:03:00,,"Customer: I need to update the registration address on my policy POL00398. I moved from Delhi to Pune. Agent: Sure Avni, I can help with that. I will need a copy of your new address proof. Customer: I will email it today. How long does the update take? Agent: Typically 2-3 working days after we receive the documents.",,
INT000873,C0173,Call,Inbound,2025-05-18 13:38:00,,"Customer: Hi, I renewed my policy POL00761 online and the process was very smooth. Just wanted to give positive feedback. Agent: Thank you, Anvi! We are glad the digital renewal worked well for you. Customer: Yes, much better than last year. The app has improved a lot.",,
INT000874,C0054,Call,Inbound,2025-02-18 14:12:00,,"Customer: I keep getting SMS reminders about overdue payments for policy POL00424. Agent: Yes Rajesh, there are 1 pending payments of Rs. 1,330 total. Customer: Your auto-debit failed twice and now you are charging me late fees. This is your system error. Agent: Let me check the transaction logs. I can see the auto-debit attempts were declined by your bank. Customer: Fine, but waive the late fees at least. Otherwise I will let the policy lapse.",,
INT000875,C0410,Call,Inbound,2025-02-14 13:29:00,,"Customer: Hi, I just received the settlement for claim CLM00052. Rs. 14,547 credited. Agent: Yes Avni, glad to confirm. Your Accident claim has been fully processed. Customer: Excellent. I appreciate the quick turnaround. Will definitely renew my policy.",,
INT000876,C0444,Call,Inbound,2024-12-10 17:22:00,,"Customer: I just wanted to call and say thank you. Arun K. helped me with my claim last week and the experience was excellent. Very professional. Agent: Thank you so much, Krishna. We really appreciate your kind words. Is there anything else? Customer: No, keep up the good work. I have already recommended SecureLife Motor Insurance to my colleagues.",,
INT000877,C0337,Call,Inbound,2024-12-22 14:03:00,,"Customer: I need to update the registration address on my policy POL00253. I moved from Delhi to Pune. Agent: Sure Sneha, I can help with that. I will need a copy of your new address proof. Customer: I will email it today. How long does the update take? Agent: Typically 2-3 working days after we receive the documents.",,
INT000878,C0321,Email,Inbound,2025-02-24 15:45:00,,"Agent: Good evening, Vikram. This is Rohit B. from SecureLife Motor Insurance. Your policy POL00335 for your Tata Ace Gold is due for renewal on 2025-12-04. Would you like to renew? Customer: Yes, I am happy with the coverage. Please send me the renewal documents. Agent: Wonderful. I will process this right away. Thank you for continuing with us.",,
INT000879,C0096,Call,Inbound,2025-06-16 17:06:00,,"Customer: I received a quote from Bajaj Allianz for my Hyundai Creta that is 20% cheaper than what I pay you. Agent: Deepa, I understand price is important. Let me check if we have any loyalty discounts available for your policy POL00652. Your current premium is Rs. 39,940. Customer: Please do. If you cannot match it, I will have to switch. Agent: I will have our retention team call you back with the best possible offer within 48 hours.",,
INT000880,C0006,Call,Inbound,2025-01-01 13:22:00,,"Customer: I received a quote from Bajaj Allianz for my Bajaj Pulsar 150 that is 20% cheaper than what I pay you. Agent: Diya, I understand price is important. Let me check if we have any loyalty discounts available for your policy POL00146. Your current premium is Rs. 2,520. Customer: Please do. If you cannot match it, I will have to switch. Agent: I will have our retention team call you back with the best possible offer within 48 hours.",,
INT000881,C0430,Email,Inbound,2025-07-23 16:01:00,,"Customer: I need to update the registration address on my policy POL00471. I moved from Delhi to Pune. Agent: Sure Vikram, I can help with that. I will need a copy of your new address proof. Customer: I will email it today. How long does the update take? Agent: Typically 2-3 working days after we receive the documents.",,
INT000882,C0180,Call,Inbound,2025-01-14 12:02:00,,"Customer: Hi, I renewed my policy POL00663 online and the process was very smooth. Just wanted to give positive feedback. Agent: Thank you, Sunita! We are glad the digital renewal worked well for you. Customer: Yes, much better than last year. The app has improved a lot.",,
INT000883,C0001,Call,Inbound,2025-08-20 09:38:00,,"Agent: Good morning, Aanya. This is Raj M. from SecureLife Motor Insurance. Your policy POL00724 for your Mahindra Bolero Pickup is due for renewal on 2026-07-28. Would you like to renew? Customer: Yes, I am happy with the coverage. Please send me the renewal documents. Agent: Wonderful. I will process this right away. Thank you for continuing with us.",,
INT000884,C0460,Call,Inbound,2025-06-18 16:07:00,,"Customer: Hi, I renewed my policy POL00255 online and the process was very smooth. Just wanted to give positive feedback. Agent: Thank you, Mohit! We are glad the digital renewal worked well for you. Customer: Yes, much better than last year. The app has improved a lot.",,
INT000885,C0058,Call,Inbound,2025-02-13 13:15:00,,"Agent: Good evening, this is Arun K. from SecureLife Motor Insurance. Am I speaking with Manisha? Customer: Yes. What is it? Agent: I am calling regarding your policy POL00079. We notice 5 overdue payment(s) totalling Rs. 9,467. Customer: I know, I have been having some financial difficulties. The premium of Rs. 1,950 is too high. Agent: I understand. We can discuss flexible payment options. Would you like to switch to quarterly payments? Customer: Maybe. But honestly I am thinking of not renewing at all. It is too expensive.",,
INT000886,C0092,Call,Inbound,2025-08-15 15:22:00,,"Agent: Good morning, Komal. This is Raj M. from SecureLife Motor Insurance. Your policy POL00103 for your Hyundai i20 is due for renewal on 2026-01-17. Would you like to renew? Customer: Yes, I am happy with the coverage. Please send me the renewal documents. Agent: Wonderful. I will process this right away. Thank you for continuing with us.",,
INT000887,C0003,Call,Inbound,2025-02-07 11:57:00,,"Customer: I keep getting SMS reminders about overdue payments for policy POL00639. Agent: Yes Anjali, there are 5 pending payments of Rs. 108,000 total. Customer: Your auto-debit failed twice and now you are charging me late fees. This is your system error. Agent: Let me check the transaction logs. I can see the auto-debit attempts were declined by your bank. Customer: Fine, but waive the late fees at least. Otherwise I will let the policy lapse.",,
INT000888,C0031,Call,Inbound,2025-08-02 09:00:00,,"Agent: Good afternoon, Anand. This is Meera R. from SecureLife Motor Insurance. Your policy POL00148 for your Maruti Suzuki Swift is due for renewal on 2025-11-17. Would you like to renew? Customer: Yes, I am happy with the coverage. Please send me the renewal documents. Agent: Wonderful. I will process this right away. Thank you for continuing with us.",,
INT000889,C0183,Call,Outbound,2025-02-04 10:49:00,,"Agent: Hello Ananya, this is a courtesy call from SecureLife Motor Insurance. Your policy POL00342 has an upcoming payment. We wanted to ensure there are no issues with your auto-debit setup. Customer: Thanks for checking. I changed my bank account recently. Let me update the auto-debit mandate. Agent: I can help you with that right now if you have your new bank details handy.",,
INT000890,C0023,Call,Inbound,2025-05-28 14:51:00,,"Agent: Good morning, this is Rohit B. from SecureLife Motor Insurance. Am I speaking with Avni? Customer: Yes. What is it? Agent: I am calling regarding your policy POL00265. We notice 4 overdue payment(s) totalling Rs. 35,170. Customer: I know, I have been having some financial difficulties. The premium of Rs. 35,170 is too high. Agent: I understand. We can discuss flexible payment options. Would you like to switch to quarterly payments? Customer: Maybe. But honestly I am thinking of not renewing at all. It is too expensive.",,
INT000891,C0295,Call,Outbound,2024-12-04 14:05:00,,"Agent: Hello Shruti, this is a courtesy call from SecureLife Motor Insurance. Your policy POL00415 has an upcoming payment. We wanted to ensure there are no issues with your auto-debit setup. Customer: Thanks for checking. I changed my bank account recently. Let me update the auto-debit mandate. Agent: I can help you with that right now if you have your new bank details handy.",,
INT000892,C0215,Call,Inbound,2025-08-04 17:14:00,,"Customer: I just wanted to call and say thank you. Divya P. helped me with my claim last week and the experience was excellent. Very professional. Agent: Thank you so much, Pankaj. We really appreciate your kind words. Is there anything else? Customer: No, keep up the good work. I have already recommended SecureLife Motor Insurance to my colleagues.",,
INT000893,C0035,Call,Inbound,2024-12-09 09:09:00,,"Customer: Hi, I have a question about my motor insurance policy POL00348. Agent: Of course, Vikram. How can I help? Customer: Does my comprehensive plan cover windshield damage without affecting my NCB? Agent: Yes, windshield claims up to Rs. 5,000 are covered under the zero-depreciation add-on without impacting your No Claim Bonus. Customer: Perfect, good to know. Thanks.",,
INT000894,C0156,Call,Outbound,2025-04-20 10:03:00,,"Agent: Good evening, Shalini. This is Divya P. from SecureLife Motor Insurance. I am calling to remind you that your premium payment of Rs. 15,560 for policy POL00524 was due recently. Would you like to make the payment now? Customer: Oh yes, I forgot. Can I pay through UPI right now? Agent: Absolutely. I will send you a payment link on WhatsApp. The payment is Rs. 15,560. Customer: Got it. Let me pay now. Done. Agent: Payment received. Thank you, Shalini. Your policy remains active.",,
INT000895,C0098,Call,Inbound,2025-05-30 09:20:00,,"Agent: Good afternoon, this is Raj M. from SecureLife Motor Insurance. Am I speaking with Vikram? Customer: Yes. I want to know why my claim CLM00263 was rejected. Agent: Let me check. The claim was filed on 2025-03-15 for Rs. 17,612 regarding Accident. Customer: I submitted every document you asked for. The rejection reason makes no sense. Agent: The noted reason is: Vehicle used for commercial purposes under personal policy. I understand this is frustrating. Customer: Frustrating? This is unacceptable. I will escalate to IRDAI if this is not reversed within a week.",,
INT000896,C0396,Call,Inbound,2025-07-29 15:49:00,,"Customer: I need to update the registration address on my policy POL00267. I moved from Delhi to Pune. Agent: Sure Rekha, I can help with that. I will need a copy of your new address proof. Customer: I will email it today. How long does the update take? Agent: Typically 2-3 working days after we receive the documents.",,
INT000897,C0120,WhatsApp,Inbound,2025-05-13 16:03:00,,"Manisha: Just received the claim settlement. Thank you! Very quick service this time. Agent: Glad to hear it, Manisha! Is there anything else you need help with? Manisha: No, all good. Will renew my policy next month.",,
INT000898,C0024,Call,Inbound,2025-08-12 16:41:00,,"Customer: I am comparing motor insurance and SecureLife Motor Insurance seems overpriced. ICICI Lombard and New India Assurance both quoted lower for the same coverage on my Maruti Suzuki Baleno. Agent: Varun, our plans include benefits like 24x7 roadside assistance and cashless repairs at 5,000+ garages. But let me see what special rate I can offer for your renewal. Customer: OK, but the difference needs to be significant for me to stay.",,
INT000899,C0277,Call,Outbound,2025-03-21 09:22:00,,"Agent: Hello Reyansh, this is a courtesy call from SecureLife Motor Insurance. Your policy POL00787 has an upcoming payment. We wanted to ensure there are no issues with your auto-debit setup. Customer: Thanks for checking. I changed my bank account recently. Let me update the auto-debit mandate. Agent: I can help you with that right now if you have your new bank details handy.",,
INT000900,C0253,Call,Inbound,2025-03-27 18:05:00,,"Agent: Good morning, Harsh. This is Arun K. from SecureLife Motor Insurance. Your policy POL00182 for your Maruti Suzuki Swift is due for renewal on 2026-01-02. Would you like to renew? Customer: Yes, I am happy with the coverage. Please send me the renewal documents. Agent: Wonderful. I will process this right away. Thank you for continuing with us.",,
INT000901,C0311,Email,Inbound,2025-05-04 16:01:00,,"Subject: Thank you - Claim CLM00265 Settled Dear SecureLife Motor Insurance Team, I am writing to thank you for the prompt settlement of my claim CLM00265. The amount of Rs. 152,872 was credited to my account within the promised timeline. Special thanks to the surveyor and claims team for the professional handling. I will definitely continue with SecureLife Motor Insurance. Warm regards, Pankaj Das",,
INT000902,C0366,Call,Outbound,2025-03-31 11:47:00,,"Agent: Hello Manisha, this is a courtesy call from SecureLife Motor Insurance. Your policy POL00734 has an upcoming payment. We wanted to ensure there are no issues with your auto-debit setup. Customer: Thanks for checking. I changed my bank account recently. Let me update the auto-debit mandate. Agent: I can help you with that right now if you have your new bank details handy.",,
INT000903,C0026,Call,Inbound,2025-03-12 11:55:00,,"Customer: I need to update the registration address on my policy POL00228. I moved from Delhi to Pune. Agent: Sure Reyansh, I can help with that. I will need a copy of your new address proof. Customer: I will email it today. How long does the update take? Agent: Typically 2-3 working days after we receive the documents.",,
INT000904,C0069,Call,Inbound,2025-03-02 09:48:00,,"Customer: Hi, my policy POL00387 is coming up for renewal on 2026-06-29. What is the renewal premium? Agent: Good morning, Sanjay. Let me check. Your current premium is Rs. 3,734. With your NCB benefits, the renewal premium would be slightly lower. I will email you the exact quote. Customer: OK, and can I add zero-depreciation cover this time? Agent: Absolutely. I will include that in the quote. You should receive it within 24 hours.",,
INT000905,C0081,Call,Inbound,2025-07-30 09:38:00,,"Customer: I received a quote from Bajaj Allianz for my Hyundai Creta that is 20% cheaper than what I pay you. Agent: Anvi, I understand price is important. Let me check if we have any loyalty discounts available for your policy POL00644. Your current premium is Rs. 38,790. Customer: Please do. If you cannot match it, I will have to switch. Agent: I will have our retention team call you back with the best possible offer within 48 hours.",,
INT000906,C0404,WhatsApp,Inbound,2024-12-18 10:41:00,,"Shalini: Just received the claim settlement. Thank you! Very quick service this time. Agent: Glad to hear it, Shalini! Is there anything else you need help with? Shalini: No, all good. Will renew my policy next month.",,
INT000907,C0026,Call,Inbound,2025-02-02 16:54:00,,"Customer: I am comparing motor insurance and SecureLife Motor Insurance seems overpriced. ICICI Lombard and New India Assurance both quoted lower for the same coverage on my Toyota Innova Crysta. Agent: Reyansh, our plans include benefits like 24x7 roadside assistance and cashless repairs at 5,000+ garages. But let me see what special rate I can offer for your renewal. Customer: OK, but the difference needs to be significant for me to stay.",,
INT000908,C0026,Email,Inbound,2025-08-08 10:36:00,,"Subject: Formal Complaint - Claim CLM00080 Wrongly Rejected Dear Sir/Madam, I am writing to formally complain about the rejection of my motor insurance claim CLM00080 dated 2024-02-08. The claim was for Rs. 19,083 due to Accident. The rejection reason given was: Damage not covered under Third Party Only plan. I find this unacceptable as all required documents including the FIR copy, photographs, and repair estimate were submitted within the stipulated timeframe. I demand an immediate review. If not resolved within 7 working days, I will file a complaint with the Insurance Ombudsman and IRDAI. Policy: POL00120 Claim: CLM00080 Regards, Reyansh Deshpande",,
INT000909,C0083,Call,Inbound,2024-11-28 14:24:00,,"Customer: I need to update the registration address on my policy POL00645. I moved from Delhi to Pune. Agent: Sure Shruti, I can help with that. I will need a copy of your new address proof. Customer: I will email it today. How long does the update take? Agent: Typically 2-3 working days after we receive the documents.",,
INT000910,C0289,Call,Outbound,2025-03-24 15:15:00,,"Agent: Good morning, Ravi. This is Sameer T. from SecureLife Motor Insurance. I am calling to remind you that your premium payment of Rs. 36,530 for policy POL00377 was due recently. Would you like to make the payment now? Customer: Oh yes, I forgot. Can I pay through UPI right now? Agent: Absolutely. I will send you a payment link on WhatsApp. The payment is Rs. 36,530. Customer: Got it. Let me pay now. Done. Agent: Payment received. Thank you, Ravi. Your policy remains active.",,
INT000911,C0374,Email,Inbound,2025-09-04 16:22:00,,"Customer: Hi, I have a question about my motor insurance policy POL00371. Agent: Of course, Mohit. How can I help? Customer: Does my comprehensive plan cover windshield damage without affecting my NCB? Agent: Yes, windshield claims up to Rs. 5,000 are covered under the zero-depreciation add-on without impacting your No Claim Bonus. Customer: Perfect, good to know. Thanks.",,
INT000912,C0060,Call,Inbound,2025-08-02 16:46:00,,"Customer: Hi, I have a question about my motor insurance policy POL00674. Agent: Of course, Ajay. How can I help? Customer: Does my comprehensive plan cover windshield damage without affecting my NCB? Agent: Yes, windshield claims up to Rs. 5,000 are covered under the zero-depreciation add-on without impacting your No Claim Bonus. Customer: Perfect, good to know. Thanks.",,
INT000913,C0261,Email,Inbound,2024-10-28 17:19:00,,"Customer: I need to update the registration address on my policy POL00743. I moved from Delhi to Pune. Agent: Sure Neha, I can help with that. I will need a copy of your new address proof. Customer: I will email it today. How long does the update take? Agent: Typically 2-3 working days after we receive the documents.",,
INT000914,C0031,Call,Inbound,2025-07-16 09:53:00,,"Customer: I need to update the registration address on my policy POL00148. I moved from Delhi to Pune. Agent: Sure Anand, I can help with that. I will need a copy of your new address proof. Customer: I will email it today. How long does the update take? Agent: Typically 2-3 working days after we receive the documents.",,
INT000915,C0026,Call,Inbound,2024-12-07 10:36:00,,"Customer: Hi, my policy POL00120 is coming up for renewal on 2025-07-20. What is the renewal premium? Agent: Good afternoon, Reyansh. Let me check. Your current premium is Rs. 55,620. With your NCB benefits, the renewal premium would be slightly lower. I will email you the exact quote. Customer: OK, and can I add zero-depreciation cover this time? Agent: Absolutely. I will include that in the quote. You should receive it within 24 hours.",,
INT000916,C0300,Call,Inbound,2025-05-26 17:30:00,,"Agent: Good evening, Rakesh. This is Raj M. from SecureLife Motor Insurance. I am calling to confirm that your claim CLM00114 for Rs. 274,430 has been settled. The amount has been transferred to your bank account. Customer: Oh, that is great news! Thank you so much. The process was smooth this time. Agent: We are glad to hear that. Is there anything else I can help you with? Customer: No, that is all. I am happy with the service. Thank you.",,
INT000917,C0021,Call,Inbound,2025-04-13 14:11:00,,"Customer: Hi, I have a question about my motor insurance policy POL00433. Agent: Of course, Ravi. How can I help? Customer: Does my comprehensive plan cover windshield damage without affecting my NCB? Agent: Yes, windshield claims up to Rs. 5,000 are covered under the zero-depreciation add-on without impacting your No Claim Bonus. Customer: Perfect, good to know. Thanks.",,
INT000918,C0088,Email,Inbound,2025-01-13 10:07:00,,"Subject: Disappointed with Claim Service - Policy POL00105 Dear SecureLife Motor Insurance Team, This is regarding my pending claim CLM00296 for Accident. It has been several weeks since I filed the claim for Rs. 455,575 and I have received no proper update. My Mahindra XUV700 is still at the garage and I am bearing daily commute expenses. I have been a loyal customer but this experience has been very poor. Please expedite the resolution. Regards, Manoj Das",,
INT000919,C0021,Call,Inbound,2025-06-02 18:10:00,,"Customer: I am comparing motor insurance and SecureLife Motor Insurance seems overpriced. ICICI Lombard and New India Assurance both quoted lower for the same coverage on my Suzuki Access 125. Agent: Ravi, our plans include benefits like 24x7 roadside assistance and cashless repairs at 5,000+ garages. But let me see what special rate I can offer for your renewal. Customer: OK, but the difference needs to be significant for me to stay.",,
INT000920,C0071,Email,Inbound,2025-09-24 12:36:00,,"Subject: Request to Cancel Policy POL00534 Dear Sir/Madam, I wish to cancel my motor insurance policy POL00534 for my Tata Punch. My reasons are: 1. Premium of Rs. 4,559 is not competitive compared to other insurers. 2. Poor claim settlement experience. 3. Unresponsive customer service. Please process the cancellation and refund any applicable pro-rata premium. Regards, Divya Chatterjee",,
INT000921,C0352,Call,Inbound,2025-01-24 18:05:00,,"Customer: I need to update the registration address on my policy POL00662. I moved from Delhi to Pune. Agent: Sure Atharv, I can help with that. I will need a copy of your new address proof. Customer: I will email it today. How long does the update take? Agent: Typically 2-3 working days after we receive the documents.",,
INT000922,C0105,Call,Inbound,2025-05-25 17:59:00,,"Agent: Good morning, Shaurya. This is Sameer T. from SecureLife Motor Insurance. Your policy POL00259 for your TVS Apache RTR 160 is due for renewal on 2026-01-12. Would you like to renew? Customer: Yes, I am happy with the coverage. Please send me the renewal documents. Agent: Wonderful. I will process this right away. Thank you for continuing with us.",,
INT000923,C0036,Call,Inbound,2024-11-16 13:32:00,,"Agent: Good morning, this is Vikram D. from SecureLife Motor Insurance. Am I speaking with Pradeep? Customer: Yes. What is it? Agent: I am calling regarding your policy POL00525. We notice 3 overdue payment(s) totalling Rs. 34,340. Customer: I know, I have been having some financial difficulties. The premium of Rs. 18,000 is too high. Agent: I understand. We can discuss flexible payment options. Would you like to switch to quarterly payments? Customer: Maybe. But honestly I am thinking of not renewing at all. It is too expensive.",,
INT000924,C0025,Call,Inbound,2025-06-20 12:36:00,,"Customer: I need to update the registration address on my policy POL00200. I moved from Delhi to Pune. Agent: Sure Ravi, I can help with that. I will need a copy of your new address proof. Customer: I will email it today. How long does the update take? Agent: Typically 2-3 working days after we receive the documents.",,
INT000925,C0069,Call,Inbound,2025-04-15 09:25:00,,"Agent: Good evening, Sanjay. This is Neha J. from SecureLife Motor Insurance. Your policy POL00387 for your Maruti Suzuki Brezza is due for renewal on 2026-06-29. Would you like to renew? Customer: Yes, I am happy with the coverage. Please send me the renewal documents. Agent: Wonderful. I will process this right away. Thank you for continuing with us.",,
INT000926,C0140,Call,Inbound,2025-09-20 13:09:00,,"Customer: Hi, I have a question about my motor insurance policy POL00254. Agent: Of course, Preeti. How can I help? Customer: Does my comprehensive plan cover windshield damage without affecting my NCB? Agent: Yes, windshield claims up to Rs. 5,000 are covered under the zero-depreciation add-on without impacting your No Claim Bonus. Customer: Perfect, good to know. Thanks.",,
INT000927,C0400,Call,Inbound,2025-09-28 10:54:00,,"Customer: I just wanted to call and say thank you. Rohit B. helped me with my claim last week and the experience was excellent. Very professional. Agent: Thank you so much, Shaurya. We really appreciate your kind words. Is there anything else? Customer: No, keep up the good work. I have already recommended SecureLife Motor Insurance to my colleagues.",,
INT000928,C0037,Call,Inbound,2025-03-23 16:20:00,,"Customer: Hi, my policy POL00754 is coming up for renewal on 2026-09-10. What is the renewal premium? Agent: Good evening, Karan. Let me check. Your current premium is Rs. 3,210. With your NCB benefits, the renewal premium would be slightly lower. I will email you the exact quote. Customer: OK, and can I add zero-depreciation cover this time? Agent: Absolutely. I will include that in the quote. You should receive it within 24 hours.",,
INT000929,C0040,Call,Inbound,2025-04-28 16:23:00,,"Customer: I want to cancel my policy POL00760 immediately. Agent: I am sorry to hear that, Riya. May I ask the reason? Customer: Your claim service is terrible. My claim N/A was rejected unfairly, I have overdue payment issues, and nobody follows up. I am done with SecureLife Motor Insurance. Agent: I understand your frustration. Let me connect you with our retention team who can review your concerns and possibly offer a resolution. Customer: I have given enough chances. Just process the cancellation.",,
INT000930,C0330,Email,Inbound,2025-04-27 14:58:00,,"Customer: Hi, I have a question about my motor insurance policy POL00028. Agent: Of course, Rohit. How can I help? Customer: Does my comprehensive plan cover windshield damage without affecting my NCB? Agent: Yes, windshield claims up to Rs. 5,000 are covered under the zero-depreciation add-on without impacting your No Claim Bonus. Customer: Perfect, good to know. Thanks.",,
INT000931,C0054,Call,Inbound,2024-09-30 13:50:00,,"Customer: I keep getting SMS reminders about overdue payments for policy POL00424. Agent: Yes Rajesh, there are 1 pending payments of Rs. 1,330 total. Customer: Your auto-debit failed twice and now you are charging me late fees. This is your system error. Agent: Let me check the transaction logs. I can see the auto-debit attempts were declined by your bank. Customer: Fine, but waive the late fees at least. Otherwise I will let the policy lapse.",,
INT000932,C0364,Call,Inbound,2025-08-17 16:15:00,,"Customer: Hi, I renewed my policy POL00788 online and the process was very smooth. Just wanted to give positive feedback. Agent: Thank you, Ira! We are glad the digital renewal worked well for you. Customer: Yes, much better than last year. The app has improved a lot.",,
INT000933,C0118,Call,Inbound,2024-10-25 09:26:00,,"Customer: Hi, I have a question about my motor insurance policy POL00019. Agent: Of course, Pooja. How can I help? Customer: Does my comprehensive plan cover windshield damage without affecting my NCB? Agent: Yes, windshield claims up to Rs. 5,000 are covered under the zero-depreciation add-on without impacting your No Claim Bonus. Customer: Perfect, good to know. Thanks.",,
INT000934,C0032,Call,Inbound,2025-06-23 14:08:00,,"Customer: I keep getting SMS reminders about overdue payments for policy POL00331. Agent: Yes Dinesh, there are 2 pending payments of Rs. 36,540 total. Customer: Your auto-debit failed twice and now you are charging me late fees. This is your system error. Agent: Let me check the transaction logs. I can see the auto-debit attempts were declined by your bank. Customer: Fine, but waive the late fees at least. Otherwise I will let the policy lapse.",,
INT000935,C0081,Call,Inbound,2025-03-08 10:24:00,,"Customer: Hello, I would like to cancel policy POL00608 for my Tata Ace Gold. Agent: Anvi, I am sorry to hear this. Can I understand what went wrong? Customer: I found much better rates with ICICI Lombard. Your premium of Rs. 8,510 is not competitive. Agent: We do have loyalty discounts and NCB benefits. Shall I check what we can offer? Customer: I already compared. Please just cancel it.",,
INT000936,C0464,Call,Outbound,2025-06-22 12:43:00,,"Agent: Good afternoon, Pankaj. This is Sameer T. from SecureLife Motor Insurance. I am calling to remind you that your premium payment of Rs. 2,650 for policy POL00101 was due recently. Would you like to make the payment now? Customer: Oh yes, I forgot. Can I pay through UPI right now? Agent: Absolutely. I will send you a payment link on WhatsApp. The payment is Rs. 2,650. Customer: Got it. Let me pay now. Done. Agent: Payment received. Thank you, Pankaj. Your policy remains active.",,
INT000937,C0051,Call,Inbound,2025-02-20 14:35:00,,"Customer: Hello, I would like to cancel policy POL00185 for my Honda Activa 6G. Agent: Ira, I am sorry to hear this. Can I understand what went wrong? Customer: I found much better rates with ICICI Lombard. Your premium of Rs. 1,043 is not competitive. Agent: We do have loyalty discounts and NCB benefits. Shall I check what we can offer? Customer: I already compared. Please just cancel it.",,
INT000938,C0083,Call,Inbound,2025-08-29 14:11:00,,"Agent: Good morning, this is Neha J. calling from SecureLife Motor Insurance. May I speak with Shruti? Customer: Speaking. Look, I have called three times about claim CLM00144. Nobody helps me. Agent: I sincerely apologise for the experience. Your claim for Rs. 20,326 shows: Incomplete documentation: FIR copy missing. Customer: My Bajaj Pulsar 150 is sitting in the garage for weeks. I need this resolved now or I am cancelling everything.",,
INT000939,C0156,WhatsApp,Inbound,2025-07-09 18:37:00,,"Shalini: Hi, I renewed my policy POL00524 online. Got the documents instantly. Great experience! Agent: Thank you Shalini! Happy to hear the digital process worked well. Drive safe!",,
INT000940,C0139,Call,Inbound,2024-12-07 18:12:00,,"Agent: Good afternoon, Vihaan. This is Neha J. from SecureLife Motor Insurance. Your policy POL00695 for your Bajaj Pulsar 150 is due for renewal on 2025-04-15. Would you like to renew? Customer: Yes, I am happy with the coverage. Please send me the renewal documents. Agent: Wonderful. I will process this right away. Thank you for continuing with us.",,
INT000941,C0146,Call,Inbound,2025-04-27 09:09:00,,"Agent: Good morning, Ira. This is Priya S. from SecureLife Motor Insurance. Your policy POL00305 for your Maruti Suzuki Brezza is due for renewal on 2025-10-12. Would you like to renew? Customer: Yes, I am happy with the coverage. Please send me the renewal documents. Agent: Wonderful. I will process this right away. Thank you for continuing with us.",,
INT000942,C0065,Call,Inbound,2024-12-24 10:44:00,,"Customer: I need to update the registration address on my policy POL00542. I moved from Delhi to Pune. Agent: Sure Diya, I can help with that. I will need a copy of your new address proof. Customer: I will email it today. How long does the update take? Agent: Typically 2-3 working days after we receive the documents.",,
INT000943,C0238,Call,Inbound,2025-02-27 13:17:00,,"Customer: Hi, I have a question about my motor insurance policy POL00649. Agent: Of course, Saanvi. How can I help? Customer: Does my comprehensive plan cover windshield damage without affecting my NCB? Agent: Yes, windshield claims up to Rs. 5,000 are covered under the zero-depreciation add-on without impacting your No Claim Bonus. Customer: Perfect, good to know. Thanks.",,
INT000944,C0296,Call,Inbound,2025-08-11 10:12:00,,"Customer: Hi, my policy POL00097 is coming up for renewal on 2026-08-17. What is the renewal premium? Agent: Good evening, Dhruv. Let me check. Your current premium is Rs. 21,500. With your NCB benefits, the renewal premium would be slightly lower. I will email you the exact quote. Customer: OK, and can I add zero-depreciation cover this time? Agent: Absolutely. I will include that in the quote. You should receive it within 24 hours.",,
INT000945,C0041,Call,Inbound,2024-12-24 13:59:00,,"Customer: Hi, my policy POL00400 is coming up for renewal on 2026-07-27. What is the renewal premium? Agent: Good afternoon, Shivam. Let me check. Your current premium is Rs. 3,000. With your NCB benefits, the renewal premium would be slightly lower. I will email you the exact quote. Customer: OK, and can I add zero-depreciation cover this time? Agent: Absolutely. I will include that in the quote. You should receive it within 24 hours.",,
INT000946,C0007,Email,Inbound,2025-01-27 10:40:00,,"Subject: Disappointed with Claim Service - Policy POL00224 Dear SecureLife Motor Insurance Team, This is regarding my pending claim CLM00282 for Natural Disaster. It has been several weeks since I filed the claim for Rs. 46,932 and I have received no proper update. My Bajaj Pulsar 150 is still at the garage and I am bearing daily commute expenses. I have been a loyal customer but this experience has been very poor. Please expedite the resolution. Regards, Vivaan Tiwari",,
INT000947,C0100,Call,Inbound,2024-12-28 15:28:00,,"Agent: Good morning, this is Divya P. from SecureLife Motor Insurance. Am I speaking with Ishaan? Customer: Yes. I want to know why my claim CLM00294 was rejected. Agent: Let me check. The claim was filed on 2025-01-17 for Rs. 5,514 regarding Roadside Assistance. Customer: I submitted every document you asked for. The rejection reason makes no sense. Agent: The noted reason is: Incomplete documentation: FIR copy missing. I understand this is frustrating. Customer: Frustrating? This is unacceptable. I will escalate to IRDAI if this is not reversed within a week.",,
INT000948,C0417,Call,Outbound,2024-10-30 18:48:00,,"Agent: Good evening, Vihaan. This is Meera R. from SecureLife Motor Insurance. I am calling to remind you that your premium payment of Rs. 7,980 for policy POL00483 was due recently. Would you like to make the payment now? Customer: Oh yes, I forgot. Can I pay through UPI right now? Agent: Absolutely. I will send you a payment link on WhatsApp. The payment is Rs. 7,980. Customer: Got it. Let me pay now. Done. Agent: Payment received. Thank you, Vihaan. Your policy remains active.",,
INT000949,C0328,Call,Inbound,2025-01-22 11:04:00,,"Customer: I need to update the registration address on my policy POL00354. I moved from Delhi to Pune. Agent: Sure Vijay, I can help with that. I will need a copy of your new address proof. Customer: I will email it today. How long does the update take? Agent: Typically 2-3 working days after we receive the documents.",,
INT000950,C0084,Call,Inbound,2024-10-06 09:56:00,,"Agent: Good morning, this is Priya S. from SecureLife Motor Insurance. Am I speaking with Vishal? Customer: Yes. I want to know why my claim CLM00063 was rejected. Agent: Let me check. The claim was filed on 2025-09-20 for Rs. 32,446 regarding Natural Disaster. Customer: I submitted every document you asked for. The rejection reason makes no sense. Agent: The noted reason is: Claim filed after the stipulated 48-hour reporting window. I understand this is frustrating. Customer: Frustrating? This is unacceptable. I will escalate to IRDAI if this is not reversed within a week.",,
INT000951,C0438,WhatsApp,Inbound,2025-07-16 13:51:00,,"Rakesh: Hi, I renewed my policy POL00306 online. Got the documents instantly. Great experience! Agent: Thank you Rakesh! Happy to hear the digital process worked well. Drive safe!",,
INT000952,C0500,Call,Inbound,2024-11-29 11:31:00,,"Customer: Hi, I have a question about my motor insurance policy POL00155. Agent: Of course, Rohit. How can I help? Customer: Does my comprehensive plan cover windshield damage without affecting my NCB? Agent: Yes, windshield claims up to Rs. 5,000 are covered under the zero-depreciation add-on without impacting your No Claim Bonus. Customer: Perfect, good to know. Thanks.",,
INT000953,C0223,Call,Inbound,2024-12-20 11:50:00,,"Customer: Hi, my policy POL00600 is coming up for renewal on 2026-06-02. What is the renewal premium? Agent: Good evening, Naveen. Let me check. Your current premium is Rs. 578. With your NCB benefits, the renewal premium would be slightly lower. I will email you the exact quote. Customer: OK, and can I add zero-depreciation cover this time? Agent: Absolutely. I will include that in the quote. You should receive it within 24 hours.",,
INT000954,C0296,Email,Inbound,2025-01-07 09:30:00,,"Customer: I need to update the registration address on my policy POL00430. I moved from Delhi to Pune. Agent: Sure Dhruv, I can help with that. I will need a copy of your new address proof. Customer: I will email it today. How long does the update take? Agent: Typically 2-3 working days after we receive the documents.",,
INT000955,C0378,Call,Inbound,2025-08-19 17:39:00,,"Customer: Hi, my policy POL00368 is coming up for renewal on 2026-05-08. What is the renewal premium? Agent: Good evening, Manisha. Let me check. Your current premium is Rs. 18,780. With your NCB benefits, the renewal premium would be slightly lower. I will email you the exact quote. Customer: OK, and can I add zero-depreciation cover this time? Agent: Absolutely. I will include that in the quote. You should receive it within 24 hours.",,
INT000956,C0297,Call,Inbound,2024-10-18 10:41:00,,"Customer: I just wanted to call and say thank you. Anita G. helped me with my claim last week and the experience was excellent. Very professional. Agent: Thank you so much, Krishna. We really appreciate your kind words. Is there anything else? Customer: No, keep up the good work. I have already recommended SecureLife Motor Insurance to my colleagues.",,
INT000957,C0032,Call,Inbound,2025-03-21 09:46:00,,"Customer: I need to update the registration address on my policy POL00331. I moved from Delhi to Pune. Agent: Sure Dinesh, I can help with that. I will need a copy of your new address proof. Customer: I will email it today. How long does the update take? Agent: Typically 2-3 working days after we receive the documents.",,
INT000958,C0471,Email,Inbound,2025-02-07 15:32:00,,"Customer: I need to update the registration address on my policy POL00717. I moved from Delhi to Pune. Agent: Sure Gaurav, I can help with that. I will need a copy of your new address proof. Customer: I will email it today. How long does the update take? Agent: Typically 2-3 working days after we receive the documents.",,
INT000959,C0491,Call,Inbound,2024-12-06 14:04:00,,"Customer: Hi, I renewed my policy POL00694 online and the process was very smooth. Just wanted to give positive feedback. Agent: Thank you, Pranav! We are glad the digital renewal worked well for you. Customer: Yes, much better than last year. The app has improved a lot.",,
INT000960,C0422,Email,Inbound,2024-12-04 14:21:00,,"Customer: I need to update the registration address on my policy POL00389. I moved from Delhi to Pune. Agent: Sure Pradeep, I can help with that. I will need a copy of your new address proof. Customer: I will email it today. How long does the update take? Agent: Typically 2-3 working days after we receive the documents.",,
INT000961,C0025,Call,Inbound,2025-08-03 10:01:00,,"Customer: I am comparing motor insurance and SecureLife Motor Insurance seems overpriced. ICICI Lombard and New India Assurance both quoted lower for the same coverage on my Hyundai Creta. Agent: Ravi, our plans include benefits like 24x7 roadside assistance and cashless repairs at 5,000+ garages. But let me see what special rate I can offer for your renewal. Customer: OK, but the difference needs to be significant for me to stay.",,
INT000962,C0255,Call,Inbound,2025-04-10 09:16:00,,"Customer: Hi, I have a question about my motor insurance policy POL00751. Agent: Of course, Anil. How can I help? Customer: Does my comprehensive plan cover windshield damage without affecting my NCB? Agent: Yes, windshield claims up to Rs. 5,000 are covered under the zero-depreciation add-on without impacting your No Claim Bonus. Customer: Perfect, good to know. Thanks.",,
INT000963,C0031,Call,Inbound,2025-02-26 16:53:00,,"Customer: Hi, my policy POL00148 is coming up for renewal on 2025-11-17. What is the renewal premium? Agent: Good afternoon, Anand. Let me check. Your current premium is Rs. 16,240. With your NCB benefits, the renewal premium would be slightly lower. I will email you the exact quote. Customer: OK, and can I add zero-depreciation cover this time? Agent: Absolutely. I will include that in the quote. You should receive it within 24 hours.",,
INT000964,C0415,Email,Inbound,2025-07-19 17:05:00,,"Customer: Hi, my policy POL00370 is coming up for renewal on 2025-11-08. What is the renewal premium? Agent: Good morning, Kiara. Let me check. Your current premium is Rs. 7,330. With your NCB benefits, the renewal premium would be slightly lower. I will email you the exact quote. Customer: OK, and can I add zero-depreciation cover this time? Agent: Absolutely. I will include that in the quote. You should receive it within 24 hours.",,
INT000965,C0455,Call,Inbound,2024-10-14 14:56:00,,"Customer: I need to update the registration address on my policy POL00393. I moved from Delhi to Pune. Agent: Sure Mohit, I can help with that. I will need a copy of your new address proof. Customer: I will email it today. How long does the update take? Agent: Typically 2-3 working days after we receive the documents.",,
INT000966,C0016,Call,Inbound,2025-08-15 13:38:00,,"Customer: Hi, my policy POL00473 is coming up for renewal on 2026-02-07. What is the renewal premium? Agent: Good morning, Ritvik. Let me check. Your current premium is Rs. 990. With your NCB benefits, the renewal premium would be slightly lower. I will email you the exact quote. Customer: OK, and can I add zero-depreciation cover this time? Agent: Absolutely. I will include that in the quote. You should receive it within 24 hours.",,
INT000967,C0106,Call,Inbound,2025-07-08 12:03:00,,"Customer: Hi, I renewed my policy POL00240 online and the process was very smooth. Just wanted to give positive feedback. Agent: Thank you, Sai! We are glad the digital renewal worked well for you. Customer: Yes, much better than last year. The app has improved a lot.",,
INT000968,C0375,Email,Inbound,2024-12-30 10:32:00,,"Customer: Hi, I have a question about my motor insurance policy POL00206. Agent: Of course, Ira. How can I help? Customer: Does my comprehensive plan cover windshield damage without affecting my NCB? Agent: Yes, windshield claims up to Rs. 5,000 are covered under the zero-depreciation add-on without impacting your No Claim Bonus. Customer: Perfect, good to know. Thanks.",,
INT000969,C0125,Call,Inbound,2025-08-25 17:09:00,,"Customer: Hi, I have a question about my motor insurance policy POL00416. Agent: Of course, Reyansh. How can I help? Customer: Does my comprehensive plan cover windshield damage without affecting my NCB? Agent: Yes, windshield claims up to Rs. 5,000 are covered under the zero-depreciation add-on without impacting your No Claim Bonus. Customer: Perfect, good to know. Thanks.",,
INT000970,C0091,Call,Inbound,2025-02-24 10:27:00,,"Agent: Hello, Meera R. from SecureLife Motor Insurance. Is this Pallavi? Customer: Yes, and I am very upset. My claim CLM00072 for Rs. 6,195 was rejected. Agent: I see the claim dated 2024-03-11 for Accident. Let me review it. Customer: Your surveyor gave a wrong report. Pre-existing damage detected during surveyor inspection - that is simply not true. Agent: I will escalate this to our senior claims officer for a re-evaluation. Customer: Do it fast. I am already talking to HDFC Ergo and Bajaj Allianz for quotes.",,
INT000971,C0241,Call,Inbound,2025-09-23 12:42:00,,"Agent: Good evening, Rohit. This is Rohit B. from SecureLife Motor Insurance. Your policy POL00647 for your Bajaj Pulsar 150 is due for renewal on 2026-02-12. Would you like to renew? Customer: Yes, I am happy with the coverage. Please send me the renewal documents. Agent: Wonderful. I will process this right away. Thank you for continuing with us.",,
INT000972,C0003,Call,Inbound,2025-06-16 13:19:00,,"Agent: Good morning, this is Divya P. calling from SecureLife Motor Insurance. May I speak with Anjali? Customer: Speaking. Look, I have called three times about claim CLM00094. Nobody helps me. Agent: I sincerely apologise for the experience. Your claim for Rs. 28,998 shows: Claim amount exceeds the Insured Declared Value (IDV). Customer: My Toyota Innova Crysta is sitting in the garage for weeks. I need this resolved now or I am cancelling everything.",,
INT000973,C0006,Call,Inbound,2025-09-22 13:07:00,,"Customer: Hi, I have a question about my motor insurance policy POL00468. Agent: Of course, Diya. How can I help? Customer: Does my comprehensive plan cover windshield damage without affecting my NCB? Agent: Yes, windshield claims up to Rs. 5,000 are covered under the zero-depreciation add-on without impacting your No Claim Bonus. Customer: Perfect, good to know. Thanks.",,
INT000974,C0031,Call,Inbound,2025-09-04 16:48:00,,"Customer: Hi, I have a question about my motor insurance policy POL00148. Agent: Of course, Anand. How can I help? Customer: Does my comprehensive plan cover windshield damage without affecting my NCB? Agent: Yes, windshield claims up to Rs. 5,000 are covered under the zero-depreciation add-on without impacting your No Claim Bonus. Customer: Perfect, good to know. Thanks.",,
INT000975,C0076,Call,Inbound,2025-01-21 15:50:00,,"Customer: Hi, I have a question about my motor insurance policy POL00036. Agent: Of course, Sunita. How can I help? Customer: Does my comprehensive plan cover windshield damage without affecting my NCB? Agent: Yes, windshield claims up to Rs. 5,000 are covered under the zero-depreciation add-on without impacting your No Claim Bonus. Customer: Perfect, good to know. Thanks.",,
INT000976,C0364,Call,Inbound,2025-03-23 10:13:00,,"Customer: I need to update the registration address on my policy POL00788. I moved from Delhi to Pune. Agent: Sure Ira, I can help with that. I will need a copy of your new address proof. Customer: I will email it today. How long does the update take? Agent: Typically 2-3 working days after we receive the documents.",,
INT000977,C0238,Call,Inbound,2024-11-18 16:41:00,,"Agent: Good evening, Saanvi. This is Neha J. from SecureLife Motor Insurance. I am calling to confirm that your claim CLM00100 for Rs. 12,714 has been settled. The amount has been transferred to your bank account. Customer: Oh, that is great news! Thank you so much. The process was smooth this time. Agent: We are glad to hear that. Is there anything else I can help you with? Customer: No, that is all. I am happy with the service. Thank you.",,
INT000978,C0083,Call,Inbound,2024-12-02 13:20:00,,"Agent: Good afternoon, this is Divya P. from SecureLife Motor Insurance. Am I speaking with Shruti? Customer: Yes. I want to know why my claim CLM00144 was rejected. Agent: Let me check. The claim was filed on 2024-07-07 for Rs. 20,326 regarding Third Party Liability. Customer: I submitted every document you asked for. The rejection reason makes no sense. Agent: The noted reason is: Incomplete documentation: FIR copy missing. I understand this is frustrating. Customer: Frustrating? This is unacceptable. I will escalate to IRDAI if this is not reversed within a week.",,
INT000979,C0065,Email,Inbound,2024-12-27 17:57:00,,"Subject: Request to Cancel Policy POL00640 Dear Sir/Madam, I wish to cancel my motor insurance policy POL00640 for my Tata Nexon. My reasons are: 1. Premium of Rs. 25,100 is not competitive compared to other insurers. 2. Poor claim settlement experience. 3. Unresponsive customer service. Please process the cancellation and refund any applicable pro-rata premium. Regards, Diya Singh",,
INT000980,C0256,Call,Outbound,2025-04-18 17:21:00,,"Agent: Hello Priya, this is a courtesy call from SecureLife Motor Insurance. Your policy POL00748 has an upcoming payment. We wanted to ensure there are no issues with your auto-debit setup. Customer: Thanks for checking. I changed my bank account recently. Let me update the auto-debit mandate. Agent: I can help you with that right now if you have your new bank details handy.",,
INT000981,C0465,Call,Inbound,2025-09-12 14:57:00,,"Customer: Hi, I have a question about my motor insurance policy POL00676. Agent: Of course, Aarohi. How can I help? Customer: Does my comprehensive plan cover windshield damage without affecting my NCB? Agent: Yes, windshield claims up to Rs. 5,000 are covered under the zero-depreciation add-on without impacting your No Claim Bonus. Customer: Perfect, good to know. Thanks.",,
INT000982,C0040,Call,Inbound,2024-10-18 18:20:00,,"Agent: Good afternoon, this is Meera R. from SecureLife Motor Insurance. Am I speaking with Riya? Customer: Yes. What is it? Agent: I am calling regarding your policy POL00760. We notice 5 overdue payment(s) totalling Rs. 20,351. Customer: I know, I have been having some financial difficulties. The premium of Rs. 37,590 is too high. Agent: I understand. We can discuss flexible payment options. Would you like to switch to quarterly payments? Customer: Maybe. But honestly I am thinking of not renewing at all. It is too expensive.",,
INT000983,C0053,Call,Inbound,2024-11-07 10:49:00,,"Agent: Good morning, Ritvik. This is Meera R. from SecureLife Motor Insurance. Your policy POL00515 for your Honda City is due for renewal on 2026-07-02. Would you like to renew? Customer: Yes, I am happy with the coverage. Please send me the renewal documents. Agent: Wonderful. I will process this right away. Thank you for continuing with us.",,
INT000984,C0235,WhatsApp,Inbound,2025-04-09 12:43:00,,"Pranav: Hi, I renewed my policy POL00550 online. Got the documents instantly. Great experience! Agent: Thank you Pranav! Happy to hear the digital process worked well. Drive safe!",,
INT000985,C0037,Call,Inbound,2024-11-03 11:51:00,,"Customer: Hi, I have a question about my motor insurance policy POL00754. Agent: Of course, Karan. How can I help? Customer: Does my comprehensive plan cover windshield damage without affecting my NCB? Agent: Yes, windshield claims up to Rs. 5,000 are covered under the zero-depreciation add-on without impacting your No Claim Bonus. Customer: Perfect, good to know. Thanks.",,
INT000986,C0005,Email,Inbound,2025-01-18 10:07:00,,"Subject: Disappointed with Claim Service - Policy POL00391 Dear SecureLife Motor Insurance Team, This is regarding my pending claim CLM00040 for Natural Disaster. It has been several weeks since I filed the claim for Rs. 343,263 and I have received no proper update. My Maruti Suzuki Brezza is still at the garage and I am bearing daily commute expenses. I have been a loyal customer but this experience has been very poor. Please expedite the resolution. Regards, Rahul Patel",,
INT000987,C0152,Email,Inbound,2025-05-08 10:56:00,,"Subject: Thank you - Claim CLM00058 Settled Dear SecureLife Motor Insurance Team, I am writing to thank you for the prompt settlement of my claim CLM00058. The amount of Rs. 64,170 was credited to my account within the promised timeline. Special thanks to the surveyor and claims team for the professional handling. I will definitely continue with SecureLife Motor Insurance. Warm regards, Shaurya Tiwari",,
INT000988,C0089,Call,Inbound,2025-05-02 13:52:00,,"Customer: I want to cancel my policy POL00049 immediately. Agent: I am sorry to hear that, Naveen. May I ask the reason? Customer: Your claim service is terrible. My claim CLM00226 was rejected unfairly, I have overdue payment issues, and nobody follows up. I am done with SecureLife Motor Insurance. Agent: I understand your frustration. Let me connect you with our retention team who can review your concerns and possibly offer a resolution. Customer: I have given enough chances. Just process the cancellation.",,
INT000989,C0255,Call,Inbound,2025-07-30 17:29:00,,"Customer: Hi, I have a question about my motor insurance policy POL00751. Agent: Of course, Anil. How can I help? Customer: Does my comprehensive plan cover windshield damage without affecting my NCB? Agent: Yes, windshield claims up to Rs. 5,000 are covered under the zero-depreciation add-on without impacting your No Claim Bonus. Customer: Perfect, good to know. Thanks.",,
INT000990,C0008,Call,Inbound,2024-10-26 13:14:00,,"Customer: I keep getting SMS reminders about overdue payments for policy POL00318. Agent: Yes Prisha, there are 7 pending payments of Rs. 34,265 total. Customer: Your auto-debit failed twice and now you are charging me late fees. This is your system error. Agent: Let me check the transaction logs. I can see the auto-debit attempts were declined by your bank. Customer: Fine, but waive the late fees at least. Otherwise I will let the policy lapse.",,
INT000991,C0015,Call,Inbound,2024-12-31 18:39:00,,"Customer: I keep getting SMS reminders about overdue payments for policy POL00420. Agent: Yes Suresh, there are 1 pending payments of Rs. 25,190 total. Customer: Your auto-debit failed twice and now you are charging me late fees. This is your system error. Agent: Let me check the transaction logs. I can see the auto-debit attempts were declined by your bank. Customer: Fine, but waive the late fees at least. Otherwise I will let the policy lapse.",,
INT000992,C0337,Call,Inbound,2025-01-09 10:51:00,,"Customer: Hi, my policy POL00253 is coming up for renewal on 2026-06-27. What is the renewal premium? Agent: Good afternoon, Sneha. Let me check. Your current premium is Rs. 3,717. With your NCB benefits, the renewal premium would be slightly lower. I will email you the exact quote. Customer: OK, and can I add zero-depreciation cover this time? Agent: Absolutely. I will include that in the quote. You should receive it within 24 hours.",,
INT000993,C0320,Call,Inbound,2025-01-01 10:06:00,,"Agent: Good morning, Naveen. This is Vikram D. from SecureLife Motor Insurance. Your policy POL00355 for your Ashok Leyland Dost is due for renewal on 2025-12-07. Would you like to renew? Customer: Yes, I am happy with the coverage. Please send me the renewal documents. Agent: Wonderful. I will process this right away. Thank you for continuing with us.",,
INT000994,C0349,Email,Inbound,2025-08-17 13:59:00,,"Subject: Thank you - Claim CLM00133 Settled Dear SecureLife Motor Insurance Team, I am writing to thank you for the prompt settlement of my claim CLM00133. The amount of Rs. 11,971 was credited to my account within the promised timeline. Special thanks to the surveyor and claims team for the professional handling. I will definitely continue with SecureLife Motor Insurance. Warm regards, Karan Yadav",,
INT000995,C0195,WhatsApp,Inbound,2024-11-28 10:57:00,,"Pankaj: Hi, I renewed my policy POL00160 online. Got the documents instantly. Great experience! Agent: Thank you Pankaj! Happy to hear the digital process worked well. Drive safe!",,
INT000996,C0030,Call,Inbound,2025-07-11 14:56:00,,"Agent: Good morning, this is Divya P. calling from SecureLife Motor Insurance. May I speak with Shaurya? Customer: Speaking. Look, I have called three times about claim CLM00090. Nobody helps me. Agent: I sincerely apologise for the experience. Your claim for Rs. 91,822 shows: Claim amount exceeds the Insured Declared Value (IDV). Customer: My Kia Seltos is sitting in the garage for weeks. I need this resolved now or I am cancelling everything.",,
INT000997,C0350,Call,Inbound,2025-04-20 10:56:00,,"Customer: Hi, I have a question about my motor insurance policy POL00745. Agent: Of course, Pankaj. How can I help? Customer: Does my comprehensive plan cover windshield damage without affecting my NCB? Agent: Yes, windshield claims up to Rs. 5,000 are covered under the zero-depreciation add-on without impacting your No Claim Bonus. Customer: Perfect, good to know. Thanks.",,
INT000998,C0080,WhatsApp,Inbound,2025-08-01 18:53:00,,"Aarohi: Hi, I need help with claim N/A. It was rejected and I disagree with the reason. Agent: Hello Aarohi, I am sorry about this. Let me pull up your details. Aarohi: The reason given is 'N/A' but that is wrong. My documents were complete. Agent: I understand. Let me escalate this for review. You will receive a callback within 24 hours. Aarohi: Please make sure someone actually calls this time.",,
INT000999,C0014,Call,Inbound,2024-10-31 18:13:00,,"Customer: I keep getting SMS reminders about overdue payments for policy POL00135. Agent: Yes Avni, there are 4 pending payments of Rs. 6,556 total. Customer: Your auto-debit failed twice and now you are charging me late fees. This is your system error. Agent: Let me check the transaction logs. I can see the auto-debit attempts were declined by your bank. Customer: Fine, but waive the late fees at least. Otherwise I will let the policy lapse.",,
INT001000,C0005,WhatsApp,Inbound,2024-11-01 15:50:00,,"Rahul: Hi, I need help with claim N/A. It was rejected and I disagree with the reason. Agent: Hello Rahul, I am sorry about this. Let me pull up your details. Rahul: The reason given is 'N/A' but that is wrong. My documents were complete. Agent: I understand. Let me escalate this for review. You will receive a callback within 24 hours. Rahul: Please make sure someone actually calls this time.",,
INT001001,C0335,Email,Inbound,2025-04-20 15:07:00,,"Customer: Hi, my policy POL00039 is coming up for renewal on 2026-05-20. What is the renewal premium? Agent: Good evening, Shaurya. Let me check. Your current premium is Rs. 992. With your NCB benefits, the renewal premium would be slightly lower. I will email you the exact quote. Customer: OK, and can I add zero-depreciation cover this time? Agent: Absolutely. I will include that in the quote. You should receive it within 24 hours.",,
INT001002,C0053,Call,Inbound,2025-03-01 10:34:00,,"Customer: Hi, I have a question about my motor insurance policy POL00208. Agent: Of course, Ritvik. How can I help? Customer: Does my comprehensive plan cover windshield damage without affecting my NCB? Agent: Yes, windshield claims up to Rs. 5,000 are covered under the zero-depreciation add-on without impacting your No Claim Bonus. Customer: Perfect, good to know. Thanks.",,
INT001003,C0043,Email,Inbound,2024-12-31 11:46:00,,"Subject: Disappointed with Claim Service - Policy POL00334 Dear SecureLife Motor Insurance Team, This is regarding my pending claim CLM00028 for Accident. It has been several weeks since I filed the claim for Rs. 194,512 and I have received no proper update. My Toyota Innova Crysta is still at the garage and I am bearing daily commute expenses. I have been a loyal customer but this experience has been very poor. Please expedite the resolution. Regards, Ishaan Rao",,
INT001004,C0189,Call,Inbound,2025-07-22 12:22:00,,"Customer: Hi, I have a question about my motor insurance policy POL00110. Agent: Of course, Shalini. How can I help? Customer: Does my comprehensive plan cover windshield damage without affecting my NCB? Agent: Yes, windshield claims up to Rs. 5,000 are covered under the zero-depreciation add-on without impacting your No Claim Bonus. Customer: Perfect, good to know. Thanks.",,
INT001005,C0304,Call,Inbound,2025-01-11 17:01:00,,"Customer: Hi, I have a question about my motor insurance policy POL00251. Agent: Of course, Aditya. How can I help? Customer: Does my comprehensive plan cover windshield damage without affecting my NCB? Agent: Yes, windshield claims up to Rs. 5,000 are covered under the zero-depreciation add-on without impacting your No Claim Bonus. Customer: Perfect, good to know. Thanks.",,
INT001006,C0064,Call,Inbound,2025-02-10 12:23:00,,"Agent: Good evening, this is Rohit B. calling from SecureLife Motor Insurance. May I speak with Diya? Customer: Speaking. Look, I have called three times about claim CLM00200. Nobody helps me. Agent: I sincerely apologise for the experience. Your claim for Rs. 13,711 shows: Claim filed after the stipulated 48-hour reporting window. Customer: My Tata Ace Gold is sitting in the garage for weeks. I need this resolved now or I am cancelling everything.",,
INT001007,C0038,Call,Inbound,2025-05-05 13:36:00,,"Customer: I need to update the registration address on my policy POL00210. I moved from Delhi to Pune. Agent: Sure Shivam, I can help with that. I will need a copy of your new address proof. Customer: I will email it today. How long does the update take? Agent: Typically 2-3 working days after we receive the documents.",,
INT001008,C0407,Email,Inbound,2025-03-15 18:34:00,,"Subject: Thank you - Claim CLM00105 Settled Dear SecureLife Motor Insurance Team, I am writing to thank you for the prompt settlement of my claim CLM00105. The amount of Rs. 12,389 was credited to my account within the promised timeline. Special thanks to the surveyor and claims team for the professional handling. I will definitely continue with SecureLife Motor Insurance. Warm regards, Kian Iyer",,
INT001009,C0474,Email,Inbound,2025-06-14 16:29:00,,"Agent: Good afternoon, Ravi. This is Vikram D. from SecureLife Motor Insurance. Your policy POL00576 for your Mahindra Bolero Pickup is due for renewal on 2026-07-27. Would you like to renew? Customer: Yes, I am happy with the coverage. Please send me the renewal documents. Agent: Wonderful. I will process this right away. Thank you for continuing with us.",,
INT001010,C0403,Call,Inbound,2025-07-19 10:01:00,,"Customer: Hi, I have a question about my motor insurance policy POL00173. Agent: Of course, Rahul. How can I help? Customer: Does my comprehensive plan cover windshield damage without affecting my NCB? Agent: Yes, windshield claims up to Rs. 5,000 are covered under the zero-depreciation add-on without impacting your No Claim Bonus. Customer: Perfect, good to know. Thanks.",,
INT001011,C0131,Call,Inbound,2025-09-06 10:48:00,,"Customer: I need to update the registration address on my policy POL00775. I moved from Delhi to Pune. Agent: Sure Gaurav, I can help with that. I will need a copy of your new address proof. Customer: I will email it today. How long does the update take? Agent: Typically 2-3 working days after we receive the documents.",,
INT001012,C0294,WhatsApp,Inbound,2025-02-15 18:09:00,,"Meera: Just received the claim settlement. Thank you! Very quick service this time. Agent: Glad to hear it, Meera! Is there anything else you need help with? Meera: No, all good. Will renew my policy next month.",,
INT001013,C0070,Call,Inbound,2025-07-27 15:49:00,,"Customer: I received a quote from Bajaj Allianz for my Hero Splendor Plus that is 20% cheaper than what I pay you. Agent: Nisha, I understand price is important. Let me check if we have any loyalty discounts available for your policy POL00431. Your current premium is Rs. 1,720. Customer: Please do. If you cannot match it, I will have to switch. Agent: I will have our retention team call you back with the best possible offer within 48 hours.",,
INT001014,C0017,WhatsApp,Inbound,2024-10-18 18:32:00,,"Dinesh: Hi, I need help with claim N/A. It was rejected and I disagree with the reason. Agent: Hello Dinesh, I am sorry about this. Let me pull up your details. Dinesh: The reason given is 'N/A' but that is wrong. My documents were complete. Agent: I understand. Let me escalate this for review. You will receive a callback within 24 hours. Dinesh: Please make sure someone actually calls this time.",,
INT001015,C0133,Call,Inbound,2025-02-22 10:50:00,,"Customer: Hi, I have a question about my motor insurance policy POL00058. Agent: Of course, Anand. How can I help? Customer: Does my comprehensive plan cover windshield damage without affecting my NCB? Agent: Yes, windshield claims up to Rs. 5,000 are covered under the zero-depreciation add-on without impacting your No Claim Bonus. Customer: Perfect, good to know. Thanks.",,
INT001016,C0303,Email,Inbound,2025-02-07 17:56:00,,"Customer: I need to update the registration address on my policy POL00448. I moved from Delhi to Pune. Agent: Sure Pari, I can help with that. I will need a copy of your new address proof. Customer: I will email it today. How long does the update take? Agent: Typically 2-3 working days after we receive the documents.",,
INT001017,C0058,Call,Inbound,2025-01-01 12:08:00,,"Customer: Hi, my policy POL00079 is coming up for renewal on 2025-07-10. What is the renewal premium? Agent: Good evening, Manisha. Let me check. Your current premium is Rs. 1,950. With your NCB benefits, the renewal premium would be slightly lower. I will email you the exact quote. Customer: OK, and can I add zero-depreciation cover this time? Agent: Absolutely. I will include that in the quote. You should receive it within 24 hours.",,
INT001018,C0478,Call,Inbound,2025-01-28 15:06:00,,"Customer: Hi, I have a question about my motor insurance policy POL00540. Agent: Of course, Anand. How can I help? Customer: Does my comprehensive plan cover windshield damage without affecting my NCB? Agent: Yes, windshield claims up to Rs. 5,000 are covered under the zero-depreciation add-on without impacting your No Claim Bonus. Customer: Perfect, good to know. Thanks.",,
INT001019,C0471,Call,Inbound,2025-04-09 14:06:00,,"Customer: I need to update the registration address on my policy POL00717. I moved from Delhi to Pune. Agent: Sure Gaurav, I can help with that. I will need a copy of your new address proof. Customer: I will email it today. How long does the update take? Agent: Typically 2-3 working days after we receive the documents.",,
INT001020,C0071,Call,Inbound,2025-09-25 11:45:00,,"Customer: I am comparing motor insurance and SecureLife Motor Insurance seems overpriced. ICICI Lombard and New India Assurance both quoted lower for the same coverage on my Tata Punch. Agent: Divya, our plans include benefits like 24x7 roadside assistance and cashless repairs at 5,000+ garages. But let me see what special rate I can offer for your renewal. Customer: OK, but the difference needs to be significant for me to stay.",,
INT001021,C0068,Email,Inbound,2025-07-04 17:45:00,,"Subject: Disappointed with Claim Service - Policy POL00202 Dear SecureLife Motor Insurance Team, This is regarding my pending claim CLM00197 for Third Party Liability. It has been several weeks since I filed the claim for Rs. 13,580 and I have received no proper update. My Hyundai i20 is still at the garage and I am bearing daily commute expenses. I have been a loyal customer but this experience has been very poor. Please expedite the resolution. Regards, Sachin Agarwal",,
INT001022,C0227,Call,Inbound,2024-10-06 13:13:00,,"Agent: Good morning, Rahul. This is Rohit B. from SecureLife Motor Insurance. Your policy POL00617 for your Maruti Suzuki Brezza is due for renewal on 2025-06-03. Would you like to renew? Customer: Yes, I am happy with the coverage. Please send me the renewal documents. Agent: Wonderful. I will process this right away. Thank you for continuing with us.",,
INT001023,C0118,WhatsApp,Inbound,2024-11-21 15:49:00,,"Pooja: Just received the claim settlement. Thank you! Very quick service this time. Agent: Glad to hear it, Pooja! Is there anything else you need help with? Pooja: No, all good. Will renew my policy next month.",,
INT001024,C0096,Call,Inbound,2025-01-21 16:48:00,,"Customer: I received a quote from Bajaj Allianz for my Hyundai Creta that is 20% cheaper than what I pay you. Agent: Deepa, I understand price is important. Let me check if we have any loyalty discounts available for your policy POL00652. Your current premium is Rs. 39,940. Customer: Please do. If you cannot match it, I will have to switch. Agent: I will have our retention team call you back with the best possible offer within 48 hours.",,
INT001025,C0033,Call,Inbound,2025-04-06 12:55:00,,"Customer: I need to update the registration address on my policy POL00326. I moved from Delhi to Pune. Agent: Sure Aarush, I can help with that. I will need a copy of your new address proof. Customer: I will email it today. How long does the update take? Agent: Typically 2-3 working days after we receive the documents.",,
INT001026,C0185,Call,Inbound,2025-08-26 17:29:00,,"Customer: I just wanted to call and say thank you. Meera R. helped me with my claim last week and the experience was excellent. Very professional. Agent: Thank you so much, Mohit. We really appreciate your kind words. Is there anything else? Customer: No, keep up the good work. I have already recommended SecureLife Motor Insurance to my colleagues.",,
INT001027,C0086,Email,Inbound,2025-08-06 11:39:00,,"Subject: Formal Complaint - Claim CLM00168 Wrongly Rejected Dear Sir/Madam, I am writing to formally complain about the rejection of my motor insurance claim CLM00168 dated 2024-07-24. The claim was for Rs. 263,196 due to Third Party Liability. The rejection reason given was: Damage not covered under Third Party Only plan. I find this unacceptable as all required documents including the FIR copy, photographs, and repair estimate were submitted within the stipulated timeframe. I demand an immediate review. If not resolved within 7 working days, I will file a complaint with the Insurance Ombudsman and IRDAI. Policy: POL00730 Claim: CLM00168 Regards, Krishna Kulkarni",,
INT001028,C0099,Call,Inbound,2024-10-21 14:38:00,,"Agent: Good evening, Shalini. This is Meera R. from SecureLife Motor Insurance. Your policy POL00066 for your Hero Glamour is due for renewal on 2026-01-03. Would you like to renew? Customer: Yes, I am happy with the coverage. Please send me the renewal documents. Agent: Wonderful. I will process this right away. Thank you for continuing with us.",,
INT001029,C0459,Call,Inbound,2025-01-30 11:11:00,,"Customer: Hi, I have a question about my motor insurance policy POL00561. Agent: Of course, Preeti. How can I help? Customer: Does my comprehensive plan cover windshield damage without affecting my NCB? Agent: Yes, windshield claims up to Rs. 5,000 are covered under the zero-depreciation add-on without impacting your No Claim Bonus. Customer: Perfect, good to know. Thanks.",,
INT001030,C0084,Call,Inbound,2025-04-04 11:15:00,,"Agent: Hello, Neha J. from SecureLife Motor Insurance. Is this Vishal? Customer: Yes, and I am very upset. My claim CLM00063 for Rs. 32,446 was rejected. Agent: I see the claim dated 2025-09-20 for Natural Disaster. Let me review it. Customer: Your surveyor gave a wrong report. Claim filed after the stipulated 48-hour reporting window - that is simply not true. Agent: I will escalate this to our senior claims officer for a re-evaluation. Customer: Do it fast. I am already talking to HDFC Ergo and Bajaj Allianz for quotes.",,
INT001031,C0330,Call,Inbound,2024-11-15 18:33:00,,"Agent: Good morning, Rohit. This is Raj M. from SecureLife Motor Insurance. Your policy POL00028 for your Eicher Pro 2049 is due for renewal on 2026-04-17. Would you like to renew? Customer: Yes, I am happy with the coverage. Please send me the renewal documents. Agent: Wonderful. I will process this right away. Thank you for continuing with us.",,
INT001032,C0485,Call,Inbound,2025-07-05 12:00:00,,"Customer: I just wanted to call and say thank you. Rohit B. helped me with my claim last week and the experience was excellent. Very professional. Agent: Thank you so much, Ishaan. We really appreciate your kind words. Is there anything else? Customer: No, keep up the good work. I have already recommended SecureLife Motor Insurance to my colleagues.",,
INT001033,C0283,Call,Inbound,2025-09-22 11:50:00,,"Customer: I need to update the registration address on my policy POL00273. I moved from Delhi to Pune. Agent: Sure Atharv, I can help with that. I will need a copy of your new address proof. Customer: I will email it today. How long does the update take? Agent: Typically 2-3 working days after we receive the documents.",,
INT001034,C0063,Call,Inbound,2024-10-31 14:33:00,,"Customer: Hello, I would like to cancel policy POL00330 for my Maruti Suzuki Baleno. Agent: Mohit, I am sorry to hear this. Can I understand what went wrong? Customer: I found much better rates with ICICI Lombard. Your premium of Rs. 18,340 is not competitive. Agent: We do have loyalty discounts and NCB benefits. Shall I check what we can offer? Customer: I already compared. Please just cancel it.",,
INT001035,C0249,Email,Inbound,2025-04-26 14:02:00,,"Customer: Hi, my policy POL00004 is coming up for renewal on 2026-04-10. What is the renewal premium? Agent: Good evening, Rohit. Let me check. Your current premium is Rs. 2,190. With your NCB benefits, the renewal premium would be slightly lower. I will email you the exact quote. Customer: OK, and can I add zero-depreciation cover this time? Agent: Absolutely. I will include that in the quote. You should receive it within 24 hours.",,
INT001036,C0057,Call,Inbound,2025-01-15 15:21:00,,"Customer: Hi, I have a question about my motor insurance policy POL00435. Agent: Of course, Advait. How can I help? Customer: Does my comprehensive plan cover windshield damage without affecting my NCB? Agent: Yes, windshield claims up to Rs. 5,000 are covered under the zero-depreciation add-on without impacting your No Claim Bonus. Customer: Perfect, good to know. Thanks.",,
INT001037,C0016,Call,Inbound,2024-10-24 14:58:00,,"Customer: I keep getting SMS reminders about overdue payments for policy POL00704. Agent: Yes Ritvik, there are 1 pending payments of Rs. 990 total. Customer: Your auto-debit failed twice and now you are charging me late fees. This is your system error. Agent: Let me check the transaction logs. I can see the auto-debit attempts were declined by your bank. Customer: Fine, but waive the late fees at least. Otherwise I will let the policy lapse.",,
INT001038,C0089,Call,Inbound,2025-04-30 18:55:00,,"Agent: Good afternoon, this is Anita G. from SecureLife Motor Insurance. Am I speaking with Naveen? Customer: Yes. What is it? Agent: I am calling regarding your policy POL00049. We notice 1 overdue payment(s) totalling Rs. 2,330. Customer: I know, I have been having some financial difficulties. The premium of Rs. 5,050 is too high. Agent: I understand. We can discuss flexible payment options. Would you like to switch to quarterly payments? Customer: Maybe. But honestly I am thinking of not renewing at all. It is too expensive.",,
INT001039,C0074,Email,Inbound,2025-02-14 17:57:00,,"Subject: Formal Complaint - Claim CLM00238 Wrongly Rejected Dear Sir/Madam, I am writing to formally complain about the rejection of my motor insurance claim CLM00238 dated 2025-07-12. The claim was for Rs. 138,114 due to Accident. The rejection reason given was: Incident occurred while driving under influence of alcohol. I find this unacceptable as all required documents including the FIR copy, photographs, and repair estimate were submitted within the stipulated timeframe. I demand an immediate review. If not resolved within 7 working days, I will file a complaint with the Insurance Ombudsman and IRDAI. Policy: POL00772 Claim: CLM00238 Regards, Deepa Bose",,
INT001040,C0345,Call,Inbound,2025-05-13 18:04:00,,"Customer: I need to update the registration address on my policy POL00601. I moved from Delhi to Pune. Agent: Sure Komal, I can help with that. I will need a copy of your new address proof. Customer: I will email it today. How long does the update take? Agent: Typically 2-3 working days after we receive the documents.",,
INT001041,C0045,Call,Inbound,2025-01-13 16:39:00,,"Customer: Hi, my policy POL00311 is coming up for renewal on 2026-01-25. What is the renewal premium? Agent: Good afternoon, Komal. Let me check. Your current premium is Rs. 5,978. With your NCB benefits, the renewal premium would be slightly lower. I will email you the exact quote. Customer: OK, and can I add zero-depreciation cover this time? Agent: Absolutely. I will include that in the quote. You should receive it within 24 hours.",,
INT001042,C0075,Call,Inbound,2025-08-03 15:47:00,,"Customer: Hi, my policy POL00571 is coming up for renewal on 2025-12-13. What is the renewal premium? Agent: Good afternoon, Shivam. Let me check. Your current premium is Rs. 26,090. With your NCB benefits, the renewal premium would be slightly lower. I will email you the exact quote. Customer: OK, and can I add zero-depreciation cover this time? Agent: Absolutely. I will include that in the quote. You should receive it within 24 hours.",,
INT001043,C0087,Call,Inbound,2025-05-13 16:00:00,,"Customer: I received a quote from Bajaj Allianz for my Hero Glamour that is 20% cheaper than what I pay you. Agent: Nisha, I understand price is important. Let me check if we have any loyalty discounts available for your policy POL00554. Your current premium is Rs. 3,530. Customer: Please do. If you cannot match it, I will have to switch. Agent: I will have our retention team call you back with the best possible offer within 48 hours.",,
INT001044,C0062,Call,Inbound,2025-03-11 18:11:00,,"Customer: I am comparing motor insurance and SecureLife Motor Insurance seems overpriced. ICICI Lombard and New India Assurance both quoted lower for the same coverage on my Ashok Leyland Dost. Agent: Priya, our plans include benefits like 24x7 roadside assistance and cashless repairs at 5,000+ garages. But let me see what special rate I can offer for your renewal. Customer: OK, but the difference needs to be significant for me to stay.",,
INT001045,C0461,Email,Inbound,2025-04-06 16:07:00,,"Customer: Hi, my policy POL00624 is coming up for renewal on 2026-04-11. What is the renewal premium? Agent: Good afternoon, Shalini. Let me check. Your current premium is Rs. 13,840. With your NCB benefits, the renewal premium would be slightly lower. I will email you the exact quote. Customer: OK, and can I add zero-depreciation cover this time? Agent: Absolutely. I will include that in the quote. You should receive it within 24 hours.",,
INT001046,C0050,Call,Inbound,2024-12-20 14:29:00,,"Customer: Hi, my policy POL00007 is coming up for renewal on 2026-09-27. What is the renewal premium? Agent: Good morning, Amit. Let me check. Your current premium is Rs. 25,170. With your NCB benefits, the renewal premium would be slightly lower. I will email you the exact quote. Customer: OK, and can I add zero-depreciation cover this time? Agent: Absolutely. I will include that in the quote. You should receive it within 24 hours.",,
INT001047,C0442,Call,Inbound,2025-03-14 15:01:00,,"Customer: Hi, I renewed my policy POL00242 online and the process was very smooth. Just wanted to give positive feedback. Agent: Thank you, Ramesh! We are glad the digital renewal worked well for you. Customer: Yes, much better than last year. The app has improved a lot.",,
INT001048,C0070,Call,Inbound,2024-10-06 12:01:00,,"Customer: Hi, my policy POL00287 is coming up for renewal on 2026-08-17. What is the renewal premium? Agent: Good evening, Nisha. Let me check. Your current premium is Rs. 11,480. With your NCB benefits, the renewal premium would be slightly lower. I will email you the exact quote. Customer: OK, and can I add zero-depreciation cover this time? Agent: Absolutely. I will include that in the quote. You should receive it within 24 hours.",,
INT001049,C0035,Call,Inbound,2025-07-26 18:32:00,,"Customer: Hi, I have a question about my motor insurance policy POL00348. Agent: Of course, Vikram. How can I help? Customer: Does my comprehensive plan cover windshield damage without affecting my NCB? Agent: Yes, windshield claims up to Rs. 5,000 are covered under the zero-depreciation add-on without impacting your No Claim Bonus. Customer: Perfect, good to know. Thanks.",,
INT001050,C0094,Call,Inbound,2025-09-06 15:02:00,,"Customer: I need to update the registration address on my policy POL00763. I moved from Delhi to Pune. Agent: Sure Smita, I can help with that. I will need a copy of your new address proof. Customer: I will email it today. How long does the update take? Agent: Typically 2-3 working days after we receive the documents.",,
INT001051,C0035,Call,Inbound,2025-09-12 09:50:00,,"Customer: I keep getting SMS reminders about overdue payments for policy POL00348. Agent: Yes Vikram, there are 2 pending payments of Rs. 45,510 total. Customer: Your auto-debit failed twice and now you are charging me late fees. This is your system error. Agent: Let me check the transaction logs. I can see the auto-debit attempts were declined by your bank. Customer: Fine, but waive the late fees at least. Otherwise I will let the policy lapse.",,
INT001052,C0076,Call,Inbound,2025-08-17 15:15:00,,"Customer: I need to update the registration address on my policy POL00036. I moved from Delhi to Pune. Agent: Sure Sunita, I can help with that. I will need a copy of your new address proof. Customer: I will email it today. How long does the update take? Agent: Typically 2-3 working days after we receive the documents.",,
INT001053,C0360,Call,Inbound,2025-04-15 13:23:00,,"Customer: Hi, I have a question about my motor insurance policy POL00622. Agent: Of course, Pranav. How can I help? Customer: Does my comprehensive plan cover windshield damage without affecting my NCB? Agent: Yes, windshield claims up to Rs. 5,000 are covered under the zero-depreciation add-on without impacting your No Claim Bonus. Customer: Perfect, good to know. Thanks.",,
INT001054,C0224,Call,Inbound,2025-04-24 10:17:00,,"Customer: Hi, I renewed my policy POL00008 online and the process was very smooth. Just wanted to give positive feedback. Agent: Thank you, Krishna! We are glad the digital renewal worked well for you. Customer: Yes, much better than last year. The app has improved a lot.",,
INT001055,C0065,Call,Inbound,2024-10-01 13:43:00,,"Customer: Hi, I have a question about my motor insurance policy POL00542. Agent: Of course, Diya. How can I help? Customer: Does my comprehensive plan cover windshield damage without affecting my NCB? Agent: Yes, windshield claims up to Rs. 5,000 are covered under the zero-depreciation add-on without impacting your No Claim Bonus. Customer: Perfect, good to know. Thanks.",,
INT001056,C0043,Email,Inbound,2025-09-21 16:44:00,,"Subject: Formal Complaint - Claim CLM00028 Wrongly Rejected Dear Sir/Madam, I am writing to formally complain about the rejection of my motor insurance claim CLM00028 dated 2025-03-16. The claim was for Rs. 194,512 due to Accident. The rejection reason given was: Pre-existing damage detected during surveyor inspection. I find this unacceptable as all required documents including the FIR copy, photographs, and repair estimate were submitted within the stipulated timeframe. I demand an immediate review. If not resolved within 7 working days, I will file a complaint with the Insurance Ombudsman and IRDAI. Policy: POL00201 Claim: CLM00028 Regards, Ishaan Rao",,
INT001057,C0109,Call,Outbound,2025-04-02 15:29:00,,"Agent: Hello Neha, this is a courtesy call from SecureLife Motor Insurance. Your policy POL00462 has an upcoming payment. We wanted to ensure there are no issues with your auto-debit setup. Customer: Thanks for checking. I changed my bank account recently. Let me update the auto-debit mandate. Agent: I can help you with that right now if you have your new bank details handy.",,
INT001058,C0248,Call,Inbound,2025-03-13 09:18:00,,"Customer: I need to update the registration address on my policy POL00410. I moved from Delhi to Pune. Agent: Sure Rajesh, I can help with that. I will need a copy of your new address proof. Customer: I will email it today. How long does the update take? Agent: Typically 2-3 working days after we receive the documents.",,
INT001059,C0071,Call,Inbound,2024-10-29 15:31:00,,"Customer: I need to update the registration address on my policy POL00534. I moved from Delhi to Pune. Agent: Sure Divya, I can help with that. I will need a copy of your new address proof. Customer: I will email it today. How long does the update take? Agent: Typically 2-3 working days after we receive the documents.",,
INT001060,C0420,Call,Inbound,2025-05-23 16:25:00,,"Customer: I need to update the registration address on my policy POL00469. I moved from Delhi to Pune. Agent: Sure Pankaj, I can help with that. I will need a copy of your new address proof. Customer: I will email it today. How long does the update take? Agent: Typically 2-3 working days after we receive the documents.",,
INT001061,C0046,Email,Inbound,2025-04-22 14:56:00,,"Subject: Disappointed with Claim Service - Policy POL00189 Dear SecureLife Motor Insurance Team, This is regarding my pending claim CLM00261 for Third Party Liability. It has been several weeks since I filed the claim for Rs. 13,366 and I have received no proper update. My Maruti Suzuki Brezza is still at the garage and I am bearing daily commute expenses. I have been a loyal customer but this experience has been very poor. Please expedite the resolution. Regards, Nisha Iyer",,
INT001062,C0024,Call,Inbound,2024-11-29 17:32:00,,"Customer: I want to cancel my policy POL00165 immediately. Agent: I am sorry to hear that, Varun. May I ask the reason? Customer: Your claim service is terrible. My claim CLM00273 was rejected unfairly, I have overdue payment issues, and nobody follows up. I am done with SecureLife Motor Insurance. Agent: I understand your frustration. Let me connect you with our retention team who can review your concerns and possibly offer a resolution. Customer: I have given enough chances. Just process the cancellation.",,
INT001063,C0074,Email,Inbound,2025-08-20 17:23:00,,"Subject: Disappointed with Claim Service - Policy POL00772 Dear SecureLife Motor Insurance Team, This is regarding my pending claim CLM00238 for Accident. It has been several weeks since I filed the claim for Rs. 138,114 and I have received no proper update. My Tata Nexon is still at the garage and I am bearing daily commute expenses. I have been a loyal customer but this experience has been very poor. Please expedite the resolution. Regards, Deepa Bose",,
INT001064,C0213,WhatsApp,Inbound,2024-11-02 17:27:00,,"Diya: Just received the claim settlement. Thank you! Very quick service this time. Agent: Glad to hear it, Diya! Is there anything else you need help with? Diya: No, all good. Will renew my policy next month.",,
INT001065,C0142,WhatsApp,Inbound,2025-02-19 12:37:00,,"Vijay: Hi, I renewed my policy POL00314 online. Got the documents instantly. Great experience! Agent: Thank you Vijay! Happy to hear the digital process worked well. Drive safe!",,
INT001066,C0021,Call,Inbound,2024-12-12 12:15:00,,"Agent: Good evening, this is Arun K. from SecureLife Motor Insurance. Am I speaking with Ravi? Customer: Yes. What is it? Agent: I am calling regarding your policy POL00433. We notice 2 overdue payment(s) totalling Rs. 2,940. Customer: I know, I have been having some financial difficulties. The premium of Rs. 1,470 is too high. Agent: I understand. We can discuss flexible payment options. Would you like to switch to quarterly payments? Customer: Maybe. But honestly I am thinking of not renewing at all. It is too expensive.",,
INT001067,C0460,Call,Inbound,2025-03-07 14:16:00,,"Customer: I just wanted to call and say thank you. Neha J. helped me with my claim last week and the experience was excellent. Very professional. Agent: Thank you so much, Mohit. We really appreciate your kind words. Is there anything else? Customer: No, keep up the good work. I have already recommended SecureLife Motor Insurance to my colleagues.",,
INT001068,C0166,Call,Outbound,2024-12-11 15:06:00,,"Agent: Good afternoon, Dinesh. This is Divya P. from SecureLife Motor Insurance. I am calling to remind you that your premium payment of Rs. 3,270 for policy POL00244 was due recently. Would you like to make the payment now? Customer: Oh yes, I forgot. Can I pay through UPI right now? Agent: Absolutely. I will send you a payment link on WhatsApp. The payment is Rs. 3,270. Customer: Got it. Let me pay now. Done. Agent: Payment received. Thank you, Dinesh. Your policy remains active.",,
INT001069,C0036,Call,Inbound,2024-12-10 17:12:00,,"Agent: Good morning, Pradeep. This is Sameer T. from SecureLife Motor Insurance. Your policy POL00084 for your Maruti Suzuki Baleno is due for renewal on 2025-10-23. Would you like to renew? Customer: Yes, I am happy with the coverage. Please send me the renewal documents. Agent: Wonderful. I will process this right away. Thank you for continuing with us.",,
INT001070,C0234,Email,Inbound,2024-12-25 18:22:00,,"Customer: Hi, I have a question about my motor insurance policy POL00513. Agent: Of course, Vihaan. How can I help? Customer: Does my comprehensive plan cover windshield damage without affecting my NCB? Agent: Yes, windshield claims up to Rs. 5,000 are covered under the zero-depreciation add-on without impacting your No Claim Bonus. Customer: Perfect, good to know. Thanks.",,
INT001071,C0382,WhatsApp,Inbound,2025-09-05 10:38:00,,"Pooja: Hi, I renewed my policy POL00793 online. Got the documents instantly. Great experience! Agent: Thank you Pooja! Happy to hear the digital process worked well. Drive safe!",,
INT001072,C0299,Call,Inbound,2024-11-08 16:26:00,,"Customer: I need to update the registration address on my policy POL00352. I moved from Delhi to Pune. Agent: Sure Kavita, I can help with that. I will need a copy of your new address proof. Customer: I will email it today. How long does the update take? Agent: Typically 2-3 working days after we receive the documents.",,
INT001073,C0087,Call,Inbound,2025-07-31 16:37:00,,"Customer: I need to update the registration address on my policy POL00554. I moved from Delhi to Pune. Agent: Sure Nisha, I can help with that. I will need a copy of your new address proof. Customer: I will email it today. How long does the update take? Agent: Typically 2-3 working days after we receive the documents.",,
INT001074,C0223,Call,Inbound,2025-08-20 18:48:00,,"Agent: Good morning, Naveen. This is Priya S. from SecureLife Motor Insurance. Your policy POL00600 for your Honda Activa 6G is due for renewal on 2026-06-02. Would you like to renew? Customer: Yes, I am happy with the coverage. Please send me the renewal documents. Agent: Wonderful. I will process this right away. Thank you for continuing with us.",,
INT001075,C0080,Call,Inbound,2025-07-09 10:58:00,,"Agent: Good evening, Aarohi. This is Raj M. from SecureLife Motor Insurance. Your policy POL00446 for your Mahindra Bolero Pickup is due for renewal on 2026-07-08. Would you like to renew? Customer: Yes, I am happy with the coverage. Please send me the renewal documents. Agent: Wonderful. I will process this right away. Thank you for continuing with us.",,
INT001076,C0100,Call,Inbound,2025-02-27 11:09:00,,"Customer: I need to update the registration address on my policy POL00479. I moved from Delhi to Pune. Agent: Sure Ishaan, I can help with that. I will need a copy of your new address proof. Customer: I will email it today. How long does the update take? Agent: Typically 2-3 working days after we receive the documents.",,
INT001077,C0051,Call,Inbound,2025-05-04 12:46:00,,"Customer: Hi, my policy POL00185 is coming up for renewal on 2026-05-08. What is the renewal premium? Agent: Good morning, Ira. Let me check. Your current premium is Rs. 1,043. With your NCB benefits, the renewal premium would be slightly lower. I will email you the exact quote. Customer: OK, and can I add zero-depreciation cover this time? Agent: Absolutely. I will include that in the quote. You should receive it within 24 hours.",,
INT001078,C0017,Call,Inbound,2025-09-01 16:20:00,,"Agent: Good morning, this is Divya P. from SecureLife Motor Insurance. Am I speaking with Dinesh? Customer: Yes. What is it? Agent: I am calling regarding your policy POL00553. We notice 1 overdue payment(s) totalling Rs. 12,380. Customer: I know, I have been having some financial difficulties. The premium of Rs. 12,380 is too high. Agent: I understand. We can discuss flexible payment options. Would you like to switch to quarterly payments? Customer: Maybe. But honestly I am thinking of not renewing at all. It is too expensive.",,
INT001079,C0077,Call,Inbound,2025-05-07 17:19:00,,"Agent: Good morning, this is Meera R. from SecureLife Motor Insurance. Am I speaking with Ramesh? Customer: Yes. What is it? Agent: I am calling regarding your policy POL00611. We notice 1 overdue payment(s) totalling Rs. 7,896. Customer: I know, I have been having some financial difficulties. The premium of Rs. 7,896 is too high. Agent: I understand. We can discuss flexible payment options. Would you like to switch to quarterly payments? Customer: Maybe. But honestly I am thinking of not renewing at all. It is too expensive.",,
INT001080,C0045,Call,Inbound,2024-12-03 18:38:00,,"Customer: Hi, my policy POL00311 is coming up for renewal on 2026-01-25. What is the renewal premium? Agent: Good morning, Komal. Let me check. Your current premium is Rs. 5,978. With your NCB benefits, the renewal premium would be slightly lower. I will email you the exact quote. Customer: OK, and can I add zero-depreciation cover this time? Agent: Absolutely. I will include that in the quote. You should receive it within 24 hours.",,
INT001081,C0013,Call,Inbound,2025-09-22 16:30:00,,"Agent: Good morning, this is Arun K. calling from SecureLife Motor Insurance. May I speak with Ramesh? Customer: Speaking. Look, I have called three times about claim CLM00107. Nobody helps me. Agent: I sincerely apologise for the experience. Your claim for Rs. 232,617 shows: Policy was in lapsed state at the time of incident. Customer: My Tata Punch is sitting in the garage for weeks. I need this resolved now or I am cancelling everything.",,
INT001082,C0072,Call,Inbound,2025-01-28 12:31:00,,"Customer: I keep getting SMS reminders about overdue payments for policy POL00217. Agent: Yes Ayaan, there are 1 pending payments of Rs. 3,358 total. Customer: Your auto-debit failed twice and now you are charging me late fees. This is your system error. Agent: Let me check the transaction logs. I can see the auto-debit attempts were declined by your bank. Customer: Fine, but waive the late fees at least. Otherwise I will let the policy lapse.",,
INT001083,C0176,Call,Outbound,2025-01-28 12:21:00,,"Agent: Hello Gaurav, this is a courtesy call from SecureLife Motor Insurance. Your policy POL00279 has an upcoming payment. We wanted to ensure there are no issues with your auto-debit setup. Customer: Thanks for checking. I changed my bank account recently. Let me update the auto-debit mandate. Agent: I can help you with that right now if you have your new bank details handy.",,
INT001084,C0072,WhatsApp,Inbound,2025-02-21 10:21:00,,"Ayaan: My policy POL00217 payment failed again. This is the third time. Agent: Sorry about that, Ayaan. Let me check what happened with the auto-debit. Ayaan: I have sufficient balance. Your system is broken. Fix it or I am switching. Agent: I will raise a technical ticket immediately. In the meantime, here is a direct payment link.",,
INT001085,C0127,Email,Inbound,2024-10-01 09:53:00,,"Agent: Good morning, Pooja. This is Divya P. from SecureLife Motor Insurance. Your policy POL00671 for your Hyundai Creta is due for renewal on 2026-05-29. Would you like to renew? Customer: Yes, I am happy with the coverage. Please send me the renewal documents. Agent: Wonderful. I will process this right away. Thank you for continuing with us.",,
INT001086,C0009,Email,Inbound,2024-12-11 09:27:00,,"Subject: Formal Complaint - Claim CLM00033 Wrongly Rejected Dear Sir/Madam, I am writing to formally complain about the rejection of my motor insurance claim CLM00033 dated 2025-08-19. The claim was for Rs. 144,704 due to Theft. The rejection reason given was: Repairs done at unauthorized garage without prior approval. I find this unacceptable as all required documents including the FIR copy, photographs, and repair estimate were submitted within the stipulated timeframe. I demand an immediate review. If not resolved within 7 working days, I will file a complaint with the Insurance Ombudsman and IRDAI. Policy: POL00595 Claim: CLM00033 Regards, Shivam Singh",,
INT001087,C0080,Call,Inbound,2025-07-23 18:55:00,,"Customer: Hi, I have a question about my motor insurance policy POL00446. Agent: Of course, Aarohi. How can I help? Customer: Does my comprehensive plan cover windshield damage without affecting my NCB? Agent: Yes, windshield claims up to Rs. 5,000 are covered under the zero-depreciation add-on without impacting your No Claim Bonus. Customer: Perfect, good to know. Thanks.",,
INT001088,C0023,Call,Inbound,2024-11-26 12:36:00,,"Customer: I keep getting SMS reminders about overdue payments for policy POL00265. Agent: Yes Avni, there are 4 pending payments of Rs. 35,170 total. Customer: Your auto-debit failed twice and now you are charging me late fees. This is your system error. Agent: Let me check the transaction logs. I can see the auto-debit attempts were declined by your bank. Customer: Fine, but waive the late fees at least. Otherwise I will let the policy lapse.",,
INT001089,C0186,Call,Inbound,2025-06-30 09:53:00,,"Customer: Hi, my policy POL00533 is coming up for renewal on 2026-07-17. What is the renewal premium? Agent: Good afternoon, Anil. Let me check. Your current premium is Rs. 42,000. With your NCB benefits, the renewal premium would be slightly lower. I will email you the exact quote. Customer: OK, and can I add zero-depreciation cover this time? Agent: Absolutely. I will include that in the quote. You should receive it within 24 hours.",,
INT001090,C0201,Call,Outbound,2025-03-11 13:56:00,,"Agent: Good afternoon, Ravi. This is Divya P. from SecureLife Motor Insurance. I am calling to remind you that your premium payment of Rs. 34,750 for policy POL00562 was due recently. Would you like to make the payment now? Customer: Oh yes, I forgot. Can I pay through UPI right now? Agent: Absolutely. I will send you a payment link on WhatsApp. The payment is Rs. 34,750. Customer: Got it. Let me pay now. Done. Agent: Payment received. Thank you, Ravi. Your policy remains active.",,
INT001091,C0035,WhatsApp,Inbound,2025-05-22 11:10:00,,"Vikram: Hi, I need help with claim N/A. It was rejected and I disagree with the reason. Agent: Hello Vikram, I am sorry about this. Let me pull up your details. Vikram: The reason given is 'N/A' but that is wrong. My documents were complete. Agent: I understand. Let me escalate this for review. You will receive a callback within 24 hours. Vikram: Please make sure someone actually calls this time.",,
INT001092,C0473,Call,Inbound,2025-04-18 11:29:00,,"Customer: Hi, my policy POL00472 is coming up for renewal on 2026-01-06. What is the renewal premium? Agent: Good afternoon, Pooja. Let me check. Your current premium is Rs. 13,750. With your NCB benefits, the renewal premium would be slightly lower. I will email you the exact quote. Customer: OK, and can I add zero-depreciation cover this time? Agent: Absolutely. I will include that in the quote. You should receive it within 24 hours.",,
INT001093,C0434,Call,Inbound,2025-06-24 17:48:00,,"Customer: Hi, I have a question about my motor insurance policy POL00629. Agent: Of course, Rajesh. How can I help? Customer: Does my comprehensive plan cover windshield damage without affecting my NCB? Agent: Yes, windshield claims up to Rs. 5,000 are covered under the zero-depreciation add-on without impacting your No Claim Bonus. Customer: Perfect, good to know. Thanks.",,
INT001094,C0021,Call,Inbound,2025-06-12 11:21:00,,"Customer: I keep getting SMS reminders about overdue payments for policy POL00433. Agent: Yes Ravi, there are 2 pending payments of Rs. 2,940 total. Customer: Your auto-debit failed twice and now you are charging me late fees. This is your system error. Agent: Let me check the transaction logs. I can see the auto-debit attempts were declined by your bank. Customer: Fine, but waive the late fees at least. Otherwise I will let the policy lapse.",,
INT001095,C0441,Call,Inbound,2024-12-20 15:07:00,,"Customer: I need to update the registration address on my policy POL00437. I moved from Delhi to Pune. Agent: Sure Deepa, I can help with that. I will need a copy of your new address proof. Customer: I will email it today. How long does the update take? Agent: Typically 2-3 working days after we receive the documents.",,
INT001096,C0284,Call,Inbound,2025-06-08 11:45:00,,"Customer: Hi, my policy POL00726 is coming up for renewal on 2026-05-15. What is the renewal premium? Agent: Good afternoon, Dinesh. Let me check. Your current premium is Rs. 22,520. With your NCB benefits, the renewal premium would be slightly lower. I will email you the exact quote. Customer: OK, and can I add zero-depreciation cover this time? Agent: Absolutely. I will include that in the quote. You should receive it within 24 hours.",,
INT001097,C0049,Call,Inbound,2025-03-02 12:21:00,,"Customer: I need to update the registration address on my policy POL00313. I moved from Delhi to Pune. Agent: Sure Dinesh, I can help with that. I will need a copy of your new address proof. Customer: I will email it today. How long does the update take? Agent: Typically 2-3 working days after we receive the documents.",,
INT001098,C0041,Call,Inbound,2025-01-16 15:36:00,,"Customer: Hi, my policy POL00400 is coming up for renewal on 2026-07-27. What is the renewal premium? Agent: Good afternoon, Shivam. Let me check. Your current premium is Rs. 3,000. With your NCB benefits, the renewal premium would be slightly lower. I will email you the exact quote. Customer: OK, and can I add zero-depreciation cover this time? Agent: Absolutely. I will include that in the quote. You should receive it within 24 hours.",,
INT001099,C0184,Call,Inbound,2024-10-02 12:28:00,,"Customer: Hi, I have a question about my motor insurance policy POL00707. Agent: Of course, Preeti. How can I help? Customer: Does my comprehensive plan cover windshield damage without affecting my NCB? Agent: Yes, windshield claims up to Rs. 5,000 are covered under the zero-depreciation add-on without impacting your No Claim Bonus. Customer: Perfect, good to know. Thanks.",,
INT001100,C0079,Call,Inbound,2024-12-14 11:11:00,,"Customer: I received a quote from Bajaj Allianz for my Royal Enfield Classic 350 that is 20% cheaper than what I pay you. Agent: Sai, I understand price is important. Let me check if we have any loyalty discounts available for your policy POL00159. Your current premium is Rs. 7,540. Customer: Please do. If you cannot match it, I will have to switch. Agent: I will have our retention team call you back with the best possible offer within 48 hours.",,
INT001101,C0066,Call,Inbound,2025-06-19 16:41:00,,"Customer: I keep getting SMS reminders about overdue payments for policy POL00764. Agent: Yes Kian, there are 6 pending payments of Rs. 11,185 total. Customer: Your auto-debit failed twice and now you are charging me late fees. This is your system error. Agent: Let me check the transaction logs. I can see the auto-debit attempts were declined by your bank. Customer: Fine, but waive the late fees at least. Otherwise I will let the policy lapse.",,
INT001102,C0063,Call,Inbound,2025-08-30 11:39:00,,"Customer: I received a quote from Bajaj Allianz for my Tata Ace Gold that is 20% cheaper than what I pay you. Agent: Mohit, I understand price is important. Let me check if we have any loyalty discounts available for your policy POL00461. Your current premium is Rs. 9,060. Customer: Please do. If you cannot match it, I will have to switch. Agent: I will have our retention team call you back with the best possible offer within 48 hours.",,
INT001103,C0024,Call,Inbound,2025-07-28 09:39:00,,"Agent: Good evening, this is Meera R. from SecureLife Motor Insurance. Am I speaking with Varun? Customer: Yes. What is it? Agent: I am calling regarding your policy POL00165. We notice 6 overdue payment(s) totalling Rs. 28,388. Customer: I know, I have been having some financial difficulties. The premium of Rs. 14,430 is too high. Agent: I understand. We can discuss flexible payment options. Would you like to switch to quarterly payments? Customer: Maybe. But honestly I am thinking of not renewing at all. It is too expensive.",,
INT001104,C0186,Call,Inbound,2025-09-12 10:45:00,,"Agent: Good evening, Anil. This is Rohit B. from SecureLife Motor Insurance. Your policy POL00533 for your Kia Seltos is due for renewal on 2026-07-17. Would you like to renew? Customer: Yes, I am happy with the coverage. Please send me the renewal documents. Agent: Wonderful. I will process this right away. Thank you for continuing with us.",,
INT001105,C0342,Call,Inbound,2024-10-17 18:51:00,,"Customer: I need to update the registration address on my policy POL00563. I moved from Delhi to Pune. Agent: Sure Dhruv, I can help with that. I will need a copy of your new address proof. Customer: I will email it today. How long does the update take? Agent: Typically 2-3 working days after we receive the documents.",,
INT001106,C0078,Call,Inbound,2024-10-12 18:01:00,,"Customer: I need to update the registration address on my policy POL00107. I moved from Delhi to Pune. Agent: Sure Komal, I can help with that. I will need a copy of your new address proof. Customer: I will email it today. How long does the update take? Agent: Typically 2-3 working days after we receive the documents.",,
INT001107,C0057,Call,Inbound,2025-02-20 09:43:00,,"Customer: Hi, I have a question about my motor insurance policy POL00435. Agent: Of course, Advait. How can I help? Customer: Does my comprehensive plan cover windshield damage without affecting my NCB? Agent: Yes, windshield claims up to Rs. 5,000 are covered under the zero-depreciation add-on without impacting your No Claim Bonus. Customer: Perfect, good to know. Thanks.",,
INT001108,C0325,Email,Inbound,2024-12-31 14:21:00,,"Customer: Hi, my policy POL00459 is coming up for renewal on 2026-08-31. What is the renewal premium? Agent: Good evening, Anil. Let me check. Your current premium is Rs. 10,550. With your NCB benefits, the renewal premium would be slightly lower. I will email you the exact quote. Customer: OK, and can I add zero-depreciation cover this time? Agent: Absolutely. I will include that in the quote. You should receive it within 24 hours.",,
INT001109,C0172,Call,Inbound,2024-12-13 11:13:00,,"Customer: Hi, I renewed my policy POL00781 online and the process was very smooth. Just wanted to give positive feedback. Agent: Thank you, Vikram! We are glad the digital renewal worked well for you. Customer: Yes, much better than last year. The app has improved a lot.",,
INT001110,C0399,Call,Inbound,2025-03-01 17:52:00,,"Agent: Good evening, Aarush. This is Raj M. from SecureLife Motor Insurance. Your policy POL00269 for your Bajaj Pulsar 150 is due for renewal on 2025-05-05. Would you like to renew? Customer: Yes, I am happy with the coverage. Please send me the renewal documents. Agent: Wonderful. I will process this right away. Thank you for continuing with us.",,
INT001111,C0365,Call,Outbound,2025-06-22 12:16:00,,"Agent: Good afternoon, Ritvik. This is Divya P. from SecureLife Motor Insurance. I am calling to remind you that your premium payment of Rs. 32,480 for policy POL00003 was due recently. Would you like to make the payment now? Customer: Oh yes, I forgot. Can I pay through UPI right now? Agent: Absolutely. I will send you a payment link on WhatsApp. The payment is Rs. 32,480. Customer: Got it. Let me pay now. Done. Agent: Payment received. Thank you, Ritvik. Your policy remains active.",,
INT001112,C0449,Call,Outbound,2024-11-26 15:05:00,,"Agent: Hello Vikram, this is a courtesy call from SecureLife Motor Insurance. Your policy POL00728 has an upcoming payment. We wanted to ensure there are no issues with your auto-debit setup. Customer: Thanks for checking. I changed my bank account recently. Let me update the auto-debit mandate. Agent: I can help you with that right now if you have your new bank details handy.",,
INT001113,C0194,WhatsApp,Inbound,2024-11-17 11:17:00,,"Ravi: Hi, I renewed my policy POL00319 online. Got the documents instantly. Great experience! Agent: Thank you Ravi! Happy to hear the digital process worked well. Drive safe!",,
INT001114,C0310,Email,Inbound,2025-01-05 15:39:00,,"Customer: Hi, I have a question about my motor insurance policy POL00739. Agent: Of course, Sanjay. How can I help? Customer: Does my comprehensive plan cover windshield damage without affecting my NCB? Agent: Yes, windshield claims up to Rs. 5,000 are covered under the zero-depreciation add-on without impacting your No Claim Bonus. Customer: Perfect, good to know. Thanks.",,
INT001115,C0214,Email,Inbound,2025-08-08 17:15:00,,"Customer: Hi, my policy POL00364 is coming up for renewal on 2026-08-13. What is the renewal premium? Agent: Good morning, Shruti. Let me check. Your current premium is Rs. 7,940. With your NCB benefits, the renewal premium would be slightly lower. I will email you the exact quote. Customer: OK, and can I add zero-depreciation cover this time? Agent: Absolutely. I will include that in the quote. You should receive it within 24 hours.",,
INT001116,C0063,Call,Inbound,2024-11-02 12:31:00,,"Customer: I want to cancel my policy POL00461 immediately. Agent: I am sorry to hear that, Mohit. May I ask the reason? Customer: Your claim service is terrible. My claim N/A was rejected unfairly, I have overdue payment issues, and nobody follows up. I am done with SecureLife Motor Insurance. Agent: I understand your frustration. Let me connect you with our retention team who can review your concerns and possibly offer a resolution. Customer: I have given enough chances. Just process the cancellation.",,
INT001117,C0309,Email,Inbound,2025-08-20 15:13:00,,"Customer: Hi, my policy POL00168 is coming up for renewal on 2025-04-20. What is the renewal premium? Agent: Good morning, Priya. Let me check. Your current premium is Rs. 2,040. With your NCB benefits, the renewal premium would be slightly lower. I will email you the exact quote. Customer: OK, and can I add zero-depreciation cover this time? Agent: Absolutely. I will include that in the quote. You should receive it within 24 hours.",,
INT001118,C0098,Call,Inbound,2025-03-26 11:13:00,,"Agent: Good evening, this is Raj M. from SecureLife Motor Insurance. Am I speaking with Vikram? Customer: Yes. I want to know why my claim CLM00263 was rejected. Agent: Let me check. The claim was filed on 2025-03-15 for Rs. 17,612 regarding Accident. Customer: I submitted every document you asked for. The rejection reason makes no sense. Agent: The noted reason is: Vehicle used for commercial purposes under personal policy. I understand this is frustrating. Customer: Frustrating? This is unacceptable. I will escalate to IRDAI if this is not reversed within a week.",,
INT001119,C0025,Call,Inbound,2024-11-29 17:11:00,,"Customer: I received a quote from Bajaj Allianz for my Hyundai Creta that is 20% cheaper than what I pay you. Agent: Ravi, I understand price is important. Let me check if we have any loyalty discounts available for your policy POL00153. Your current premium is Rs. 33,300. Customer: Please do. If you cannot match it, I will have to switch. Agent: I will have our retention team call you back with the best possible offer within 48 hours.",,
INT001120,C0063,Call,Inbound,2025-06-25 09:53:00,,"Customer: I keep getting SMS reminders about overdue payments for policy POL00330. Agent: Yes Mohit, there are 1 pending payments of Rs. 9,170 total. Customer: Your auto-debit failed twice and now you are charging me late fees. This is your system error. Agent: Let me check the transaction logs. I can see the auto-debit attempts were declined by your bank. Customer: Fine, but waive the late fees at least. Otherwise I will let the policy lapse.",,
INT001121,C0080,Call,Inbound,2025-03-08 18:44:00,,"Agent: Good afternoon, Aarohi. This is Vikram D. from SecureLife Motor Insurance. Your policy POL00446 for your Mahindra Bolero Pickup is due for renewal on 2026-07-08. Would you like to renew? Customer: Yes, I am happy with the coverage. Please send me the renewal documents. Agent: Wonderful. I will process this right away. Thank you for continuing with us.",,
INT001122,C0004,Call,Inbound,2025-06-12 11:18:00,,"Agent: Good afternoon, Vivaan. This is Vikram D. from SecureLife Motor Insurance. Your policy POL00145 for your Hero Splendor Plus is due for renewal on 2026-01-16. Would you like to renew? Customer: Yes, I am happy with the coverage. Please send me the renewal documents. Agent: Wonderful. I will process this right away. Thank you for continuing with us.",,
INT001123,C0272,Call,Inbound,2025-04-21 13:46:00,,"Customer: Hi, I have a question about my motor insurance policy POL00768. Agent: Of course, Ananya. How can I help? Customer: Does my comprehensive plan cover windshield damage without affecting my NCB? Agent: Yes, windshield claims up to Rs. 5,000 are covered under the zero-depreciation add-on without impacting your No Claim Bonus. Customer: Perfect, good to know. Thanks.",,
INT001124,C0223,WhatsApp,Inbound,2025-09-23 11:30:00,,"Naveen: Hi, I renewed my policy POL00600 online. Got the documents instantly. Great experience! Agent: Thank you Naveen! Happy to hear the digital process worked well. Drive safe!",,
INT001125,C0024,Email,Inbound,2025-05-07 18:41:00,,"Subject: Request to Cancel Policy POL00165 Dear Sir/Madam, I wish to cancel my motor insurance policy POL00165 for my Honda City. My reasons are: 1. Premium of Rs. 14,430 is not competitive compared to other insurers. 2. Poor claim settlement experience. 3. Unresponsive customer service. Please process the cancellation and refund any applicable pro-rata premium. Regards, Varun Reddy",,
INT001126,C0027,Call,Inbound,2024-11-25 12:11:00,,"Customer: I keep getting SMS reminders about overdue payments for policy POL00194. Agent: Yes Pankaj, there are 1 pending payments of Rs. 316 total. Customer: Your auto-debit failed twice and now you are charging me late fees. This is your system error. Agent: Let me check the transaction logs. I can see the auto-debit attempts were declined by your bank. Customer: Fine, but waive the late fees at least. Otherwise I will let the policy lapse.",,
INT001127,C0010,WhatsApp,Inbound,2025-03-16 11:23:00,,"Mohit: My policy POL00758 payment failed again. This is the third time. Agent: Sorry about that, Mohit. Let me check what happened with the auto-debit. Mohit: I have sufficient balance. Your system is broken. Fix it or I am switching. Agent: I will raise a technical ticket immediately. In the meantime, here is a direct payment link.",,
INT001128,C0006,Call,Inbound,2025-05-03 11:33:00,,"Customer: I keep getting SMS reminders about overdue payments for policy POL00146. Agent: Yes Diya, there are 2 pending payments of Rs. 1,260 total. Customer: Your auto-debit failed twice and now you are charging me late fees. This is your system error. Agent: Let me check the transaction logs. I can see the auto-debit attempts were declined by your bank. Customer: Fine, but waive the late fees at least. Otherwise I will let the policy lapse.",,
INT001129,C0382,Call,Inbound,2025-03-07 16:32:00,,"Agent: Good evening, Pooja. This is Arun K. from SecureLife Motor Insurance. I am calling to confirm that your claim CLM00036 for Rs. 142,157 has been settled. The amount has been transferred to your bank account. Customer: Oh, that is great news! Thank you so much. The process was smooth this time. Agent: We are glad to hear that. Is there anything else I can help you with? Customer: No, that is all. I am happy with the service. Thank you.",,
INT001130,C0056,Call,Inbound,2025-04-18 10:21:00,,"Customer: I received a quote from Bajaj Allianz for my Mahindra XUV700 that is 20% cheaper than what I pay you. Agent: Ajay, I understand price is important. Let me check if we have any loyalty discounts available for your policy POL00701. Your current premium is Rs. 57,200. Customer: Please do. If you cannot match it, I will have to switch. Agent: I will have our retention team call you back with the best possible offer within 48 hours.",,
INT001131,C0051,Call,Inbound,2025-09-08 18:36:00,,"Customer: I received a quote from Bajaj Allianz for my Honda Activa 6G that is 20% cheaper than what I pay you. Agent: Ira, I understand price is important. Let me check if we have any loyalty discounts available for your policy POL00185. Your current premium is Rs. 1,043. Customer: Please do. If you cannot match it, I will have to switch. Agent: I will have our retention team call you back with the best possible offer within 48 hours.",,
INT001132,C0062,Call,Inbound,2025-03-28 12:04:00,,"Customer: I received a quote from Bajaj Allianz for my Ashok Leyland Dost that is 20% cheaper than what I pay you. Agent: Priya, I understand price is important. Let me check if we have any loyalty discounts available for your policy POL00673. Your current premium is Rs. 15,110. Customer: Please do. If you cannot match it, I will have to switch. Agent: I will have our retention team call you back with the best possible offer within 48 hours.",,
INT001133,C0144,Call,Inbound,2025-09-27 17:16:00,,"Customer: Hi, I renewed my policy POL00667 online and the process was very smooth. Just wanted to give positive feedback. Agent: Thank you, Nikhil! We are glad the digital renewal worked well for you. Customer: Yes, much better than last year. The app has improved a lot.",,
INT001134,C0084,Email,Inbound,2025-09-03 09:35:00,,"Subject: Request to Cancel Policy POL00157 Dear Sir/Madam, I wish to cancel my motor insurance policy POL00157 for my TVS Apache RTR 160. My reasons are: 1. Premium of Rs. 1,840 is not competitive compared to other insurers. 2. Poor claim settlement experience. 3. Unresponsive customer service. Please process the cancellation and refund any applicable pro-rata premium. Regards, Vishal Singh",,
INT001135,C0117,Call,Inbound,2025-04-14 09:05:00,,"Agent: Good morning, Karan. This is Neha J. from SecureLife Motor Insurance. Your policy POL00123 for your Hero Glamour is due for renewal on 2026-06-16. Would you like to renew? Customer: Yes, I am happy with the coverage. Please send me the renewal documents. Agent: Wonderful. I will process this right away. Thank you for continuing with us.",,
INT001136,C0084,Email,Inbound,2024-12-22 11:36:00,,"Subject: Formal Complaint - Claim CLM00063 Wrongly Rejected Dear Sir/Madam, I am writing to formally complain about the rejection of my motor insurance claim CLM00063 dated 2025-09-20. The claim was for Rs. 32,446 due to Natural Disaster. The rejection reason given was: Claim filed after the stipulated 48-hour reporting window. I find this unacceptable as all required documents including the FIR copy, photographs, and repair estimate were submitted within the stipulated timeframe. I demand an immediate review. If not resolved within 7 working days, I will file a complaint with the Insurance Ombudsman and IRDAI. Policy: POL00157 Claim: CLM00063 Regards, Vishal Singh",,
INT001137,C0089,Call,Inbound,2025-06-22 13:01:00,,"Agent: Good morning, this is Arun K. from SecureLife Motor Insurance. Am I speaking with Naveen? Customer: Yes. What is it? Agent: I am calling regarding your policy POL00349. We notice 1 overdue payment(s) totalling Rs. 2,330. Customer: I know, I have been having some financial difficulties. The premium of Rs. 2,330 is too high. Agent: I understand. We can discuss flexible payment options. Would you like to switch to quarterly payments? Customer: Maybe. But honestly I am thinking of not renewing at all. It is too expensive.",,
INT001138,C0101,Call,Outbound,2025-03-26 09:11:00,,"Agent: Good evening, Suresh. This is Rohit B. from SecureLife Motor Insurance. I am calling to remind you that your premium payment of Rs. 27,360 for policy POL00324 was due recently. Would you like to make the payment now? Customer: Oh yes, I forgot. Can I pay through UPI right now? Agent: Absolutely. I will send you a payment link on WhatsApp. The payment is Rs. 27,360. Customer: Got it. Let me pay now. Done. Agent: Payment received. Thank you, Suresh. Your policy remains active.",,
INT001139,C0052,Email,Inbound,2025-02-05 09:42:00,,"Subject: Formal Complaint - Claim CLM00055 Wrongly Rejected Dear Sir/Madam, I am writing to formally complain about the rejection of my motor insurance claim CLM00055 dated 2024-03-05. The claim was for Rs. 162,248 due to Accident. The rejection reason given was: Incident occurred while driving under influence of alcohol. I find this unacceptable as all required documents including the FIR copy, photographs, and repair estimate were submitted within the stipulated timeframe. I demand an immediate review. If not resolved within 7 working days, I will file a complaint with the Insurance Ombudsman and IRDAI. Policy: POL00288 Claim: CLM00055 Regards, Manoj Srivastava",,
INT001140,C0277,Call,Inbound,2025-06-21 10:10:00,,"Customer: I need to update the registration address on my policy POL00787. I moved from Delhi to Pune. Agent: Sure Reyansh, I can help with that. I will need a copy of your new address proof. Customer: I will email it today. How long does the update take? Agent: Typically 2-3 working days after we receive the documents.",,
INT001141,C0403,Email,Inbound,2024-12-24 10:15:00,,"Customer: I need to update the registration address on my policy POL00173. I moved from Delhi to Pune. Agent: Sure Rahul, I can help with that. I will need a copy of your new address proof. Customer: I will email it today. How long does the update take? Agent: Typically 2-3 working days after we receive the documents.",,
INT001142,C0337,Call,Inbound,2025-01-16 15:29:00,,"Agent: Good evening, Sneha. This is Sameer T. from SecureLife Motor Insurance. Your policy POL00253 for your Mahindra Bolero Pickup is due for renewal on 2026-06-27. Would you like to renew? Customer: Yes, I am happy with the coverage. Please send me the renewal documents. Agent: Wonderful. I will process this right away. Thank you for continuing with us.",,
INT001143,C0462,Email,Inbound,2025-08-10 16:02:00,,"Customer: Hi, I have a question about my motor insurance policy POL00382. Agent: Of course, Ramesh. How can I help? Customer: Does my comprehensive plan cover windshield damage without affecting my NCB? Agent: Yes, windshield claims up to Rs. 5,000 are covered under the zero-depreciation add-on without impacting your No Claim Bonus. Customer: Perfect, good to know. Thanks.",,
INT001144,C0405,Call,Inbound,2025-07-12 12:35:00,,"Customer: Hi, my policy POL00463 is coming up for renewal on 2026-04-05. What is the renewal premium? Agent: Good morning, Manisha. Let me check. Your current premium is Rs. 28,230. With your NCB benefits, the renewal premium would be slightly lower. I will email you the exact quote. Customer: OK, and can I add zero-depreciation cover this time? Agent: Absolutely. I will include that in the quote. You should receive it within 24 hours.",,
INT001145,C0091,Call,Inbound,2025-04-16 12:46:00,,"Customer: I received a quote from Bajaj Allianz for my Hero Glamour that is 20% cheaper than what I pay you. Agent: Pallavi, I understand price is important. Let me check if we have any loyalty discounts available for your policy POL00063. Your current premium is Rs. 2,700. Customer: Please do. If you cannot match it, I will have to switch. Agent: I will have our retention team call you back with the best possible offer within 48 hours.",,
INT001146,C0080,Call,Inbound,2025-05-31 14:45:00,,"Customer: I am comparing motor insurance and SecureLife Motor Insurance seems overpriced. ICICI Lombard and New India Assurance both quoted lower for the same coverage on my Mahindra Bolero Pickup. Agent: Aarohi, our plans include benefits like 24x7 roadside assistance and cashless repairs at 5,000+ garages. But let me see what special rate I can offer for your renewal. Customer: OK, but the difference needs to be significant for me to stay.",,
INT001147,C0090,Call,Inbound,2024-10-13 09:10:00,,"Customer: I am comparing motor insurance and SecureLife Motor Insurance seems overpriced. ICICI Lombard and New India Assurance both quoted lower for the same coverage on my Suzuki Access 125. Agent: Ira, our plans include benefits like 24x7 roadside assistance and cashless repairs at 5,000+ garages. But let me see what special rate I can offer for your renewal. Customer: OK, but the difference needs to be significant for me to stay.",,
INT001148,C0131,Email,Inbound,2025-06-20 18:51:00,,"Customer: I need to update the registration address on my policy POL00775. I moved from Delhi to Pune. Agent: Sure Gaurav, I can help with that. I will need a copy of your new address proof. Customer: I will email it today. How long does the update take? Agent: Typically 2-3 working days after we receive the documents.",,
INT001149,C0393,Email,Inbound,2025-04-18 15:50:00,,"Customer: Hi, my policy POL00474 is coming up for renewal on 2025-09-01. What is the renewal premium? Agent: Good morning, Pankaj. Let me check. Your current premium is Rs. 2,300. With your NCB benefits, the renewal premium would be slightly lower. I will email you the exact quote. Customer: OK, and can I add zero-depreciation cover this time? Agent: Absolutely. I will include that in the quote. You should receive it within 24 hours.",,
INT001150,C0068,Call,Inbound,2025-05-24 14:55:00,,"Customer: I need to update the registration address on my policy POL00202. I moved from Delhi to Pune. Agent: Sure Sachin, I can help with that. I will need a copy of your new address proof. Customer: I will email it today. How long does the update take? Agent: Typically 2-3 working days after we receive the documents.",,
INT001151,C0031,Call,Inbound,2025-02-23 12:15:00,,"Agent: Good morning, Anand. This is Priya S. from SecureLife Motor Insurance. Your policy POL00148 for your Maruti Suzuki Swift is due for renewal on 2025-11-17. Would you like to renew? Customer: Yes, I am happy with the coverage. Please send me the renewal documents. Agent: Wonderful. I will process this right away. Thank you for continuing with us.",,
INT001152,C0008,WhatsApp,Inbound,2024-10-10 12:16:00,,"Prisha: My policy POL00318 payment failed again. This is the third time. Agent: Sorry about that, Prisha. Let me check what happened with the auto-debit. Prisha: I have sufficient balance. Your system is broken. Fix it or I am switching. Agent: I will raise a technical ticket immediately. In the meantime, here is a direct payment link.",,
INT001153,C0176,Call,Inbound,2025-06-27 12:12:00,,"Customer: I need to update the registration address on my policy POL00178. I moved from Delhi to Pune. Agent: Sure Gaurav, I can help with that. I will need a copy of your new address proof. Customer: I will email it today. How long does the update take? Agent: Typically 2-3 working days after we receive the documents.",,
INT001154,C0017,Call,Inbound,2025-06-16 13:55:00,,"Customer: I keep getting SMS reminders about overdue payments for policy POL00553. Agent: Yes Dinesh, there are 1 pending payments of Rs. 12,380 total. Customer: Your auto-debit failed twice and now you are charging me late fees. This is your system error. Agent: Let me check the transaction logs. I can see the auto-debit attempts were declined by your bank. Customer: Fine, but waive the late fees at least. Otherwise I will let the policy lapse.",,
INT001155,C0019,Call,Inbound,2024-12-12 14:30:00,,"Customer: Hello, I would like to cancel policy POL00733 for my Maruti Suzuki Baleno. Agent: Sara, I am sorry to hear this. Can I understand what went wrong? Customer: I found much better rates with ICICI Lombard. Your premium of Rs. 19,530 is not competitive. Agent: We do have loyalty discounts and NCB benefits. Shall I check what we can offer? Customer: I already compared. Please just cancel it.",,
INT001156,C0086,Call,Inbound,2025-03-25 10:10:00,,"Customer: Hi, I have a question about my motor insurance policy POL00320. Agent: Of course, Krishna. How can I help? Customer: Does my comprehensive plan cover windshield damage without affecting my NCB? Agent: Yes, windshield claims up to Rs. 5,000 are covered under the zero-depreciation add-on without impacting your No Claim Bonus. Customer: Perfect, good to know. Thanks.",,
INT001157,C0063,Call,Inbound,2024-10-25 15:18:00,,"Customer: I keep getting SMS reminders about overdue payments for policy POL00461. Agent: Yes Mohit, there are 1 pending payments of Rs. 9,170 total. Customer: Your auto-debit failed twice and now you are charging me late fees. This is your system error. Agent: Let me check the transaction logs. I can see the auto-debit attempts were declined by your bank. Customer: Fine, but waive the late fees at least. Otherwise I will let the policy lapse.",,
INT001158,C0077,Call,Inbound,2024-10-30 18:39:00,,"Agent: Good afternoon, this is Raj M. from SecureLife Motor Insurance. Am I speaking with Ramesh? Customer: Yes. What is it? Agent: I am calling regarding your policy POL00611. We notice 1 overdue payment(s) totalling Rs. 7,896. Customer: I know, I have been having some financial difficulties. The premium of Rs. 7,896 is too high. Agent: I understand. We can discuss flexible payment options. Would you like to switch to quarterly payments? Customer: Maybe. But honestly I am thinking of not renewing at all. It is too expensive.",,
INT001159,C0254,Call,Inbound,2025-02-03 14:51:00,,"Customer: Hi, my policy POL00152 is coming up for renewal on 2026-08-08. What is the renewal premium? Agent: Good morning, Amit. Let me check. Your current premium is Rs. 41,050. With your NCB benefits, the renewal premium would be slightly lower. I will email you the exact quote. Customer: OK, and can I add zero-depreciation cover this time? Agent: Absolutely. I will include that in the quote. You should receive it within 24 hours.",,
INT001160,C0048,Call,Inbound,2025-09-04 14:29:00,,"Customer: I received a quote from Bajaj Allianz for my Ashok Leyland Dost that is 20% cheaper than what I pay you. Agent: Rajesh, I understand price is important. Let me check if we have any loyalty discounts available for your policy POL00250. Your current premium is Rs. 8,920. Customer: Please do. If you cannot match it, I will have to switch. Agent: I will have our retention team call you back with the best possible offer within 48 hours.",,
INT001161,C0286,Call,Inbound,2025-05-23 15:19:00,,"Customer: Hi, my policy POL00790 is coming up for renewal on 2026-01-31. What is the renewal premium? Agent: Good morning, Avni. Let me check. Your current premium is Rs. 18,490. With your NCB benefits, the renewal premium would be slightly lower. I will email you the exact quote. Customer: OK, and can I add zero-depreciation cover this time? Agent: Absolutely. I will include that in the quote. You should receive it within 24 hours.",,
INT001162,C0123,Call,Inbound,2024-11-07 10:58:00,,"Customer: Hi, I have a question about my motor insurance policy POL00186. Agent: Of course, Tanvi. How can I help? Customer: Does my comprehensive plan cover windshield damage without affecting my NCB? Agent: Yes, windshield claims up to Rs. 5,000 are covered under the zero-depreciation add-on without impacting your No Claim Bonus. Customer: Perfect, good to know. Thanks.",,
INT001163,C0054,Call,Inbound,2025-05-27 16:58:00,,"Agent: Good afternoon, Rajesh. This is Priya S. from SecureLife Motor Insurance. Your policy POL00424 for your Honda Activa 6G is due for renewal on 2025-05-24. Would you like to renew? Customer: Yes, I am happy with the coverage. Please send me the renewal documents. Agent: Wonderful. I will process this right away. Thank you for continuing with us.",,
INT001164,C0014,Call,Inbound,2025-03-15 14:00:00,,"Customer: Hi, I have a question about my motor insurance policy POL00135. Agent: Of course, Avni. How can I help? Customer: Does my comprehensive plan cover windshield damage without affecting my NCB? Agent: Yes, windshield claims up to Rs. 5,000 are covered under the zero-depreciation add-on without impacting your No Claim Bonus. Customer: Perfect, good to know. Thanks.",,
INT001165,C0435,Call,Outbound,2025-09-27 11:46:00,,"Agent: Hello Vishal, this is a courtesy call from SecureLife Motor Insurance. Your policy POL00602 has an upcoming payment. We wanted to ensure there are no issues with your auto-debit setup. Customer: Thanks for checking. I changed my bank account recently. Let me update the auto-debit mandate. Agent: I can help you with that right now if you have your new bank details handy.",,
INT001166,C0042,WhatsApp,Inbound,2025-07-06 17:59:00,,"Pankaj: My policy POL00275 payment failed again. This is the third time. Agent: Sorry about that, Pankaj. Let me check what happened with the auto-debit. Pankaj: I have sufficient balance. Your system is broken. Fix it or I am switching. Agent: I will raise a technical ticket immediately. In the meantime, here is a direct payment link.",,
INT001167,C0278,Call,Inbound,2025-08-29 17:25:00,,"Customer: Hi, I have a question about my motor insurance policy POL00373. Agent: Of course, Ajay. How can I help? Customer: Does my comprehensive plan cover windshield damage without affecting my NCB? Agent: Yes, windshield claims up to Rs. 5,000 are covered under the zero-depreciation add-on without impacting your No Claim Bonus. Customer: Perfect, good to know. Thanks.",,
INT001168,C0136,Call,Inbound,2025-03-18 18:38:00,,"Agent: Good afternoon, Sai. This is Priya S. from SecureLife Motor Insurance. Your policy POL00588 for your Honda Activa 6G is due for renewal on 2025-12-14. Would you like to renew? Customer: Yes, I am happy with the coverage. Please send me the renewal documents. Agent: Wonderful. I will process this right away. Thank you for continuing with us.",,
INT001169,C0386,Call,Inbound,2025-05-09 13:08:00,,"Customer: Hi, my policy POL00177 is coming up for renewal on 2026-03-15. What is the renewal premium? Agent: Good afternoon, Aarav. Let me check. Your current premium is Rs. 1,720. With your NCB benefits, the renewal premium would be slightly lower. I will email you the exact quote. Customer: OK, and can I add zero-depreciation cover this time? Agent: Absolutely. I will include that in the quote. You should receive it within 24 hours.",,
INT001170,C0002,Call,Inbound,2025-08-25 14:37:00,,"Customer: I keep getting SMS reminders about overdue payments for policy POL00549. Agent: Yes Ashok, there are 6 pending payments of Rs. 11,425 total. Customer: Your auto-debit failed twice and now you are charging me late fees. This is your system error. Agent: Let me check the transaction logs. I can see the auto-debit attempts were declined by your bank. Customer: Fine, but waive the late fees at least. Otherwise I will let the policy lapse.",,
INT001171,C0266,Call,Inbound,2024-10-06 15:13:00,,"Customer: I need to update the registration address on my policy POL00213. I moved from Delhi to Pune. Agent: Sure Sai, I can help with that. I will need a copy of your new address proof. Customer: I will email it today. How long does the update take? Agent: Typically 2-3 working days after we receive the documents.",,
INT001172,C0460,Email,Inbound,2025-04-21 16:30:00,,"Agent: Good morning, Mohit. This is Raj M. from SecureLife Motor Insurance. Your policy POL00429 for your Maruti Suzuki Baleno is due for renewal on 2025-10-21. Would you like to renew? Customer: Yes, I am happy with the coverage. Please send me the renewal documents. Agent: Wonderful. I will process this right away. Thank you for continuing with us.",,
INT001173,C0338,Call,Inbound,2024-12-02 12:38:00,,"Customer: I need to update the registration address on my policy POL00642. I moved from Delhi to Pune. Agent: Sure Komal, I can help with that. I will need a copy of your new address proof. Customer: I will email it today. How long does the update take? Agent: Typically 2-3 working days after we receive the documents.",,
INT001174,C0087,Call,Inbound,2025-04-07 15:47:00,,"Customer: Hi, my policy POL00554 is coming up for renewal on 2025-08-09. What is the renewal premium? Agent: Good morning, Nisha. Let me check. Your current premium is Rs. 3,530. With your NCB benefits, the renewal premium would be slightly lower. I will email you the exact quote. Customer: OK, and can I add zero-depreciation cover this time? Agent: Absolutely. I will include that in the quote. You should receive it within 24 hours.",,
INT001175,C0018,Call,Inbound,2025-06-12 14:19:00,,"Customer: I need to update the registration address on my policy POL00569. I moved from Delhi to Pune. Agent: Sure Advait, I can help with that. I will need a copy of your new address proof. Customer: I will email it today. How long does the update take? Agent: Typically 2-3 working days after we receive the documents.",,
INT001176,C0465,Call,Inbound,2025-08-30 10:32:00,,"Customer: I just wanted to call and say thank you. Arun K. helped me with my claim last week and the experience was excellent. Very professional. Agent: Thank you so much, Aarohi. We really appreciate your kind words. Is there anything else? Customer: No, keep up the good work. I have already recommended SecureLife Motor Insurance to my colleagues.",,
INT001177,C0050,Call,Inbound,2025-07-24 13:22:00,,"Customer: Hi, I have a question about my motor insurance policy POL00007. Agent: Of course, Amit. How can I help? Customer: Does my comprehensive plan cover windshield damage without affecting my NCB? Agent: Yes, windshield claims up to Rs. 5,000 are covered under the zero-depreciation add-on without impacting your No Claim Bonus. Customer: Perfect, good to know. Thanks.",,
INT001178,C0032,Call,Inbound,2025-04-09 11:51:00,,"Customer: I received a quote from Bajaj Allianz for my Mahindra Bolero Pickup that is 20% cheaper than what I pay you. Agent: Dinesh, I understand price is important. Let me check if we have any loyalty discounts available for your policy POL00331. Your current premium is Rs. 18,270. Customer: Please do. If you cannot match it, I will have to switch. Agent: I will have our retention team call you back with the best possible offer within 48 hours.",,
INT001179,C0032,Call,Inbound,2024-10-14 14:49:00,,"Customer: I need to update the registration address on my policy POL00331. I moved from Delhi to Pune. Agent: Sure Dinesh, I can help with that. I will need a copy of your new address proof. Customer: I will email it today. How long does the update take? Agent: Typically 2-3 working days after we receive the documents.",,
INT001180,C0235,Email,Inbound,2025-04-12 10:10:00,,"Customer: Hi, I have a question about my motor insurance policy POL00550. Agent: Of course, Pranav. How can I help? Customer: Does my comprehensive plan cover windshield damage without affecting my NCB? Agent: Yes, windshield claims up to Rs. 5,000 are covered under the zero-depreciation add-on without impacting your No Claim Bonus. Customer: Perfect, good to know. Thanks.",,
INT001181,C0043,Call,Inbound,2025-07-10 16:37:00,,"Customer: I received a quote from Bajaj Allianz for my Toyota Innova Crysta that is 20% cheaper than what I pay you. Agent: Ishaan, I understand price is important. Let me check if we have any loyalty discounts available for your policy POL00334. Your current premium is Rs. 48,070. Customer: Please do. If you cannot match it, I will have to switch. Agent: I will have our retention team call you back with the best possible offer within 48 hours.",,
INT001182,C0465,Call,Inbound,2025-01-17 13:43:00,,"Customer: I need to update the registration address on my policy POL00676. I moved from Delhi to Pune. Agent: Sure Aarohi, I can help with that. I will need a copy of your new address proof. Customer: I will email it today. How long does the update take? Agent: Typically 2-3 working days after we receive the documents.",,
INT001183,C0487,WhatsApp,Inbound,2025-09-09 16:00:00,,"Saanvi: Hi, I renewed my policy POL00020 online. Got the documents instantly. Great experience! Agent: Thank you Saanvi! Happy to hear the digital process worked well. Drive safe!",,
INT001184,C0034,Email,Inbound,2024-12-14 14:30:00,,"Subject: Disappointed with Claim Service - Policy POL00241 Dear SecureLife Motor Insurance Team, This is regarding my pending claim CLM00006 for Accident. It has been several weeks since I filed the claim for Rs. 159,945 and I have received no proper update. My Eicher Pro 2049 is still at the garage and I am bearing daily commute expenses. I have been a loyal customer but this experience has been very poor. Please expedite the resolution. Regards, Kiara Das",,
INT001185,C0114,WhatsApp,Inbound,2025-04-11 11:39:00,,"Karan: Just received the claim settlement. Thank you! Very quick service this time. Agent: Glad to hear it, Karan! Is there anything else you need help with? Karan: No, all good. Will renew my policy next month.",,
INT001186,C0010,Call,Inbound,2025-08-29 17:22:00,,"Customer: I keep getting SMS reminders about overdue payments for policy POL00758. Agent: Yes Mohit, there are 2 pending payments of Rs. 83,720 total. Customer: Your auto-debit failed twice and now you are charging me late fees. This is your system error. Agent: Let me check the transaction logs. I can see the auto-debit attempts were declined by your bank. Customer: Fine, but waive the late fees at least. Otherwise I will let the policy lapse.",,
INT001187,C0051,WhatsApp,Inbound,2025-01-02 16:12:00,,"Ira: My policy POL00185 payment failed again. This is the third time. Agent: Sorry about that, Ira. Let me check what happened with the auto-debit. Ira: I have sufficient balance. Your system is broken. Fix it or I am switching. Agent: I will raise a technical ticket immediately. In the meantime, here is a direct payment link.",,
INT001188,C0267,Email,Inbound,2025-05-05 10:45:00,,"Customer: Hi, my policy POL00162 is coming up for renewal on 2025-10-20. What is the renewal premium? Agent: Good evening, Pranav. Let me check. Your current premium is Rs. 15,750. With your NCB benefits, the renewal premium would be slightly lower. I will email you the exact quote. Customer: OK, and can I add zero-depreciation cover this time? Agent: Absolutely. I will include that in the quote. You should receive it within 24 hours.",,
INT001189,C0034,WhatsApp,Inbound,2024-10-17 12:03:00,,"Kiara: Hi, I need help with claim CLM00006. It was rejected and I disagree with the reason. Agent: Hello Kiara, I am sorry about this. Let me pull up your details. Kiara: The reason given is 'Repairs done at unauthorized garage without prior approval' but that is wrong. My documents were complete. Agent: I understand. Let me escalate this for review. You will receive a callback within 24 hours. Kiara: Please make sure someone actually calls this time.",,
INT001190,C0192,Email,Inbound,2024-10-17 09:40:00,,"Customer: Hi, I have a question about my motor insurance policy POL00235. Agent: Of course, Ishaan. How can I help? Customer: Does my comprehensive plan cover windshield damage without affecting my NCB? Agent: Yes, windshield claims up to Rs. 5,000 are covered under the zero-depreciation add-on without impacting your No Claim Bonus. Customer: Perfect, good to know. Thanks.",,
INT001191,C0102,Call,Inbound,2025-09-12 18:15:00,,"Customer: Hi, I have a question about my motor insurance policy POL00138. Agent: Of course, Dhruv. How can I help? Customer: Does my comprehensive plan cover windshield damage without affecting my NCB? Agent: Yes, windshield claims up to Rs. 5,000 are covered under the zero-depreciation add-on without impacting your No Claim Bonus. Customer: Perfect, good to know. Thanks.",,
INT001192,C0249,Call,Inbound,2025-02-07 15:19:00,,"Customer: I need to update the registration address on my policy POL00004. I moved from Delhi to Pune. Agent: Sure Rohit, I can help with that. I will need a copy of your new address proof. Customer: I will email it today. How long does the update take? Agent: Typically 2-3 working days after we receive the documents.",,
INT001193,C0153,Call,Outbound,2024-11-18 14:51:00,,"Agent: Good evening, Deepa. This is Divya P. from SecureLife Motor Insurance. I am calling to remind you that your premium payment of Rs. 62,020 for policy POL00612 was due recently. Would you like to make the payment now? Customer: Oh yes, I forgot. Can I pay through UPI right now? Agent: Absolutely. I will send you a payment link on WhatsApp. The payment is Rs. 62,020. Customer: Got it. Let me pay now. Done. Agent: Payment received. Thank you, Deepa. Your policy remains active.",,
INT001194,C0129,Call,Inbound,2024-11-13 12:36:00,,"Agent: Good morning, Anil. This is Priya S. from SecureLife Motor Insurance. Your policy POL00614 for your Hero Glamour is due for renewal on 2025-09-08. Would you like to renew? Customer: Yes, I am happy with the coverage. Please send me the renewal documents. Agent: Wonderful. I will process this right away. Thank you for continuing with us.",,
INT001195,C0027,Call,Inbound,2025-06-24 10:13:00,,"Customer: Hi, my policy POL00194 is coming up for renewal on 2026-04-02. What is the renewal premium? Agent: Good evening, Pankaj. Let me check. Your current premium is Rs. 632. With your NCB benefits, the renewal premium would be slightly lower. I will email you the exact quote. Customer: OK, and can I add zero-depreciation cover this time? Agent: Absolutely. I will include that in the quote. You should receive it within 24 hours.",,
INT001196,C0382,Call,Inbound,2025-03-20 13:01:00,,"Customer: Hi, I have a question about my motor insurance policy POL00117. Agent: Of course, Pooja. How can I help? Customer: Does my comprehensive plan cover windshield damage without affecting my NCB? Agent: Yes, windshield claims up to Rs. 5,000 are covered under the zero-depreciation add-on without impacting your No Claim Bonus. Customer: Perfect, good to know. Thanks.",,
INT001197,C0410,Email,Inbound,2025-04-29 13:52:00,,"Subject: Thank you - Claim CLM00052 Settled Dear SecureLife Motor Insurance Team, I am writing to thank you for the prompt settlement of my claim CLM00052. The amount of Rs. 14,547 was credited to my account within the promised timeline. Special thanks to the surveyor and claims team for the professional handling. I will definitely continue with SecureLife Motor Insurance. Warm regards, Avni Banerjee",,
INT001198,C0224,WhatsApp,Inbound,2025-05-21 11:29:00,,"Krishna: Just received the claim settlement. Thank you! Very quick service this time. Agent: Glad to hear it, Krishna! Is there anything else you need help with? Krishna: No, all good. Will renew my policy next month.",,
INT001199,C0428,Call,Inbound,2025-01-27 11:22:00,,"Customer: I need to update the registration address on my policy POL00668. I moved from Delhi to Pune. Agent: Sure Preeti, I can help with that. I will need a copy of your new address proof. Customer: I will email it today. How long does the update take? Agent: Typically 2-3 working days after we receive the documents.",,
INT001200,C0005,Email,Inbound,2025-02-08 16:49:00,,"Subject: Formal Complaint - Claim CLM00040 Wrongly Rejected Dear Sir/Madam, I am writing to formally complain about the rejection of my motor insurance claim CLM00040 dated 2024-03-16. The claim was for Rs. 343,263 due to Natural Disaster. The rejection reason given was: Pre-existing damage detected during surveyor inspection. I find this unacceptable as all required documents including the FIR copy, photographs, and repair estimate were submitted within the stipulated timeframe. I demand an immediate review. If not resolved within 7 working days, I will file a complaint with the Insurance Ombudsman and IRDAI. Policy: POL00014 Claim: CLM00040 Regards, Rahul Patel",,
INT001201,C0048,Call,Inbound,2024-11-24 14:05:00,,"Agent: Good evening, Rajesh. This is Rohit B. from SecureLife Motor Insurance. Your policy POL00250 for your Ashok Leyland Dost is due for renewal on 2026-01-03. Would you like to renew? Customer: Yes, I am happy with the coverage. Please send me the renewal documents. Agent: Wonderful. I will process this right away. Thank you for continuing with us.",,
INT001202,C0372,Call,Outbound,2025-03-11 13:19:00,,"Agent: Hello Vijay, this is a courtesy call from SecureLife Motor Insurance. Your policy POL00690 has an upcoming payment. We wanted to ensure there are no issues with your auto-debit setup. Customer: Thanks for checking. I changed my bank account recently. Let me update the auto-debit mandate. Agent: I can help you with that right now if you have your new bank details handy.",,
INT001203,C0393,WhatsApp,Inbound,2025-08-22 14:10:00,,"Pankaj: Hi, I renewed my policy POL00474 online. Got the documents instantly. Great experience! Agent: Thank you Pankaj! Happy to hear the digital process worked well. Drive safe!",,
INT001204,C0020,Call,Inbound,2025-01-22 18:43:00,,"Customer: I am comparing motor insurance and SecureLife Motor Insurance seems overpriced. ICICI Lombard and New India Assurance both quoted lower for the same coverage on my Eicher Pro 2049. Agent: Deepak, our plans include benefits like 24x7 roadside assistance and cashless repairs at 5,000+ garages. But let me see what special rate I can offer for your renewal. Customer: OK, but the difference needs to be significant for me to stay.",,
INT001205,C0006,Call,Inbound,2025-02-24 16:09:00,,"Customer: Hi, my policy POL00146 is coming up for renewal on 2025-10-03. What is the renewal premium? Agent: Good evening, Diya. Let me check. Your current premium is Rs. 2,520. With your NCB benefits, the renewal premium would be slightly lower. I will email you the exact quote. Customer: OK, and can I add zero-depreciation cover this time? Agent: Absolutely. I will include that in the quote. You should receive it within 24 hours.",,
INT001206,C0488,Email,Inbound,2024-10-22 10:29:00,,"Customer: I need to update the registration address on my policy POL00527. I moved from Delhi to Pune. Agent: Sure Dhruv, I can help with that. I will need a copy of your new address proof. Customer: I will email it today. How long does the update take? Agent: Typically 2-3 working days after we receive the documents.",,
INT001207,C0365,Email,Inbound,2025-08-05 15:06:00,,"Customer: Hi, I have a question about my motor insurance policy POL00003. Agent: Of course, Ritvik. How can I help? Customer: Does my comprehensive plan cover windshield damage without affecting my NCB? Agent: Yes, windshield claims up to Rs. 5,000 are covered under the zero-depreciation add-on without impacting your No Claim Bonus. Customer: Perfect, good to know. Thanks.",,
INT001208,C0039,Call,Inbound,2025-04-02 16:20:00,,"Customer: I am comparing motor insurance and SecureLife Motor Insurance seems overpriced. ICICI Lombard and New India Assurance both quoted lower for the same coverage on my Honda City. Agent: Preeti, our plans include benefits like 24x7 roadside assistance and cashless repairs at 5,000+ garages. But let me see what special rate I can offer for your renewal. Customer: OK, but the difference needs to be significant for me to stay.",,
INT001209,C0250,Email,Inbound,2025-01-21 17:21:00,,"Customer: I need to update the registration address on my policy POL00047. I moved from Delhi to Pune. Agent: Sure Navya, I can help with that. I will need a copy of your new address proof. Customer: I will email it today. How long does the update take? Agent: Typically 2-3 working days after we receive the documents.",,
INT001210,C0492,Email,Inbound,2025-03-29 16:07:00,,"Customer: I need to update the registration address on my policy POL00766. I moved from Delhi to Pune. Agent: Sure Ajay, I can help with that. I will need a copy of your new address proof. Customer: I will email it today. How long does the update take? Agent: Typically 2-3 working days after we receive the documents.",,
INT001211,C0187,Call,Outbound,2025-09-06 18:15:00,,"Agent: Hello Ananya, this is a courtesy call from SecureLife Motor Insurance. Your policy POL00613 has an upcoming payment. We wanted to ensure there are no issues with your auto-debit setup. Customer: Thanks for checking. I changed my bank account recently. Let me update the auto-debit mandate. Agent: I can help you with that right now if you have your new bank details handy.",,
INT001212,C0383,Call,Inbound,2025-07-29 15:07:00,,"Agent: Good afternoon, Vikram. This is Rohit B. from SecureLife Motor Insurance. Your policy POL00756 for your Honda City is due for renewal on 2025-07-28. Would you like to renew? Customer: Yes, I am happy with the coverage. Please send me the renewal documents. Agent: Wonderful. I will process this right away. Thank you for continuing with us.",,
INT001213,C0037,Call,Inbound,2025-03-22 10:32:00,,"Agent: Hello, Meera R. from SecureLife Motor Insurance. Is this Karan? Customer: Yes, and I am very upset. My claim CLM00099 for Rs. 8,589 was rejected. Agent: I see the claim dated 2025-07-05 for Natural Disaster. Let me review it. Customer: Your surveyor gave a wrong report. Claim filed after the stipulated 48-hour reporting window - that is simply not true. Agent: I will escalate this to our senior claims officer for a re-evaluation. Customer: Do it fast. I am already talking to HDFC Ergo and Bajaj Allianz for quotes.",,
INT001214,C0051,Call,Inbound,2024-12-12 16:54:00,,"Customer: I keep getting SMS reminders about overdue payments for policy POL00185. Agent: Yes Ira, there are 5 pending payments of Rs. 435 total. Customer: Your auto-debit failed twice and now you are charging me late fees. This is your system error. Agent: Let me check the transaction logs. I can see the auto-debit attempts were declined by your bank. Customer: Fine, but waive the late fees at least. Otherwise I will let the policy lapse.",,
INT001215,C0160,Call,Inbound,2025-06-19 10:36:00,,"Customer: I need to update the registration address on my policy POL00541. I moved from Delhi to Pune. Agent: Sure Tanvi, I can help with that. I will need a copy of your new address proof. Customer: I will email it today. How long does the update take? Agent: Typically 2-3 working days after we receive the documents.",,
INT001216,C0115,Call,Inbound,2025-06-28 14:52:00,,"Customer: Hi, my policy POL00056 is coming up for renewal on 2026-04-19. What is the renewal premium? Agent: Good afternoon, Sai. Let me check. Your current premium is Rs. 21,480. With your NCB benefits, the renewal premium would be slightly lower. I will email you the exact quote. Customer: OK, and can I add zero-depreciation cover this time? Agent: Absolutely. I will include that in the quote. You should receive it within 24 hours.",,
INT001217,C0041,Call,Inbound,2025-05-07 15:37:00,,"Customer: I am comparing motor insurance and SecureLife Motor Insurance seems overpriced. ICICI Lombard and New India Assurance both quoted lower for the same coverage on my Yamaha FZ-S V3. Agent: Shivam, our plans include benefits like 24x7 roadside assistance and cashless repairs at 5,000+ garages. But let me see what special rate I can offer for your renewal. Customer: OK, but the difference needs to be significant for me to stay.",,
INT001218,C0393,Call,Inbound,2024-12-10 17:55:00,,"Customer: I just wanted to call and say thank you. Arun K. helped me with my claim last week and the experience was excellent. Very professional. Agent: Thank you so much, Pankaj. We really appreciate your kind words. Is there anything else? Customer: No, keep up the good work. I have already recommended SecureLife Motor Insurance to my colleagues.",,
INT001219,C0239,Call,Inbound,2025-07-14 11:12:00,,"Customer: I need to update the registration address on my policy POL00567. I moved from Delhi to Pune. Agent: Sure Sara, I can help with that. I will need a copy of your new address proof. Customer: I will email it today. How long does the update take? Agent: Typically 2-3 working days after we receive the documents.",,
INT001220,C0025,WhatsApp,Inbound,2025-03-12 18:46:00,,"Ravi: My policy POL00200 payment failed again. This is the third time. Agent: Sorry about that, Ravi. Let me check what happened with the auto-debit. Ravi: I have sufficient balance. Your system is broken. Fix it or I am switching. Agent: I will raise a technical ticket immediately. In the meantime, here is a direct payment link.",,
INT001221,C0099,Call,Inbound,2025-06-09 11:30:00,,"Customer: I want to cancel my policy POL00066 immediately. Agent: I am sorry to hear that, Shalini. May I ask the reason? Customer: Your claim service is terrible. My claim N/A was rejected unfairly, I have overdue payment issues, and nobody follows up. I am done with SecureLife Motor Insurance. Agent: I understand your frustration. Let me connect you with our retention team who can review your concerns and possibly offer a resolution. Customer: I have given enough chances. Just process the cancellation.",,
INT001222,C0028,Email,Inbound,2025-06-15 14:08:00,,"Subject: Disappointed with Claim Service - Policy POL00386 Dear SecureLife Motor Insurance Team, This is regarding my pending claim CLM00024 for Third Party Liability. It has been several weeks since I filed the claim for Rs. 22,695 and I have received no proper update. My Tata Ace Gold is still at the garage and I am bearing daily commute expenses. I have been a loyal customer but this experience has been very poor. Please expedite the resolution. Regards, Ayaan Kumar",,
INT001223,C0118,Call,Outbound,2025-09-22 12:53:00,,"Agent: Good evening, Pooja. This is Neha J. from SecureLife Motor Insurance. I am calling to remind you that your premium payment of Rs. 5,891 for policy POL00019 was due recently. Would you like to make the payment now? Customer: Oh yes, I forgot. Can I pay through UPI right now? Agent: Absolutely. I will send you a payment link on WhatsApp. The payment is Rs. 5,891. Customer: Got it. Let me pay now. Done. Agent: Payment received. Thank you, Pooja. Your policy remains active.",,
INT001224,C0002,Call,Inbound,2025-07-19 10:35:00,,"Customer: I need to update the registration address on my policy POL00549. I moved from Delhi to Pune. Agent: Sure Ashok, I can help with that. I will need a copy of your new address proof. Customer: I will email it today. How long does the update take? Agent: Typically 2-3 working days after we receive the documents.",,
INT001225,C0084,WhatsApp,Inbound,2025-01-23 18:01:00,,"Vishal: My policy POL00157 payment failed again. This is the third time. Agent: Sorry about that, Vishal. Let me check what happened with the auto-debit. Vishal: I have sufficient balance. Your system is broken. Fix it or I am switching. Agent: I will raise a technical ticket immediately. In the meantime, here is a direct payment link.",,
INT001226,C0108,Email,Inbound,2025-07-01 17:04:00,,"Customer: I need to update the registration address on my policy POL00686. I moved from Delhi to Pune. Agent: Sure Aarush, I can help with that. I will need a copy of your new address proof. Customer: I will email it today. How long does the update take? Agent: Typically 2-3 working days after we receive the documents.",,
INT001227,C0082,Call,Inbound,2024-11-20 09:45:00,,"Agent: Good evening, Ravi. This is Raj M. from SecureLife Motor Insurance. Your policy POL00785 for your Mahindra Bolero Pickup is due for renewal on 2026-07-20. Would you like to renew? Customer: Yes, I am happy with the coverage. Please send me the renewal documents. Agent: Wonderful. I will process this right away. Thank you for continuing with us.",,
INT001228,C0085,Call,Inbound,2024-10-22 10:42:00,,"Customer: I want to cancel my policy POL00443 immediately. Agent: I am sorry to hear that, Anika. May I ask the reason? Customer: Your claim service is terrible. My claim CLM00285 was rejected unfairly, I have overdue payment issues, and nobody follows up. I am done with SecureLife Motor Insurance. Agent: I understand your frustration. Let me connect you with our retention team who can review your concerns and possibly offer a resolution. Customer: I have given enough chances. Just process the cancellation.",,
INT001229,C0091,Call,Inbound,2025-08-09 18:40:00,,"Customer: I keep getting SMS reminders about overdue payments for policy POL00063. Agent: Yes Pallavi, there are 3 pending payments of Rs. 3,645 total. Customer: Your auto-debit failed twice and now you are charging me late fees. This is your system error. Agent: Let me check the transaction logs. I can see the auto-debit attempts were declined by your bank. Customer: Fine, but waive the late fees at least. Otherwise I will let the policy lapse.",,
INT001230,C0094,Call,Inbound,2025-02-07 10:08:00,,"Agent: Good evening, this is Vikram D. from SecureLife Motor Insurance. Am I speaking with Smita? Customer: Yes. What is it? Agent: I am calling regarding your policy POL00163. We notice 2 overdue payment(s) totalling Rs. 22,140. Customer: I know, I have been having some financial difficulties. The premium of Rs. 3,703 is too high. Agent: I understand. We can discuss flexible payment options. Would you like to switch to quarterly payments? Customer: Maybe. But honestly I am thinking of not renewing at all. It is too expensive.",,
INT001231,C0396,Call,Inbound,2025-01-15 14:10:00,,"Customer: Hi, I have a question about my motor insurance policy POL00267. Agent: Of course, Rekha. How can I help? Customer: Does my comprehensive plan cover windshield damage without affecting my NCB? Agent: Yes, windshield claims up to Rs. 5,000 are covered under the zero-depreciation add-on without impacting your No Claim Bonus. Customer: Perfect, good to know. Thanks.",,
INT001232,C0307,Email,Inbound,2025-05-10 18:29:00,,"Customer: Hi, my policy POL00093 is coming up for renewal on 2026-06-28. What is the renewal premium? Agent: Good afternoon, Anjali. Let me check. Your current premium is Rs. 1,870. With your NCB benefits, the renewal premium would be slightly lower. I will email you the exact quote. Customer: OK, and can I add zero-depreciation cover this time? Agent: Absolutely. I will include that in the quote. You should receive it within 24 hours.",,
INT001233,C0212,Call,Inbound,2025-03-01 14:08:00,,"Customer: I need to update the registration address on my policy POL00650. I moved from Delhi to Pune. Agent: Sure Varun, I can help with that. I will need a copy of your new address proof. Customer: I will email it today. How long does the update take? Agent: Typically 2-3 working days after we receive the documents.",,
INT001234,C0086,Call,Inbound,2025-07-23 18:19:00,,"Customer: Hi, I have a question about my motor insurance policy POL00320. Agent: Of course, Krishna. How can I help? Customer: Does my comprehensive plan cover windshield damage without affecting my NCB? Agent: Yes, windshield claims up to Rs. 5,000 are covered under the zero-depreciation add-on without impacting your No Claim Bonus. Customer: Perfect, good to know. Thanks.",,
INT001235,C0135,WhatsApp,Inbound,2025-02-06 16:53:00,,"Meera: Hi, I renewed my policy POL00237 online. Got the documents instantly. Great experience! Agent: Thank you Meera! Happy to hear the digital process worked well. Drive safe!",,
INT001236,C0210,WhatsApp,Inbound,2025-09-20 09:45:00,,"Pooja: Hi, I renewed my policy POL00374 online. Got the documents instantly. Great experience! Agent: Thank you Pooja! Happy to hear the digital process worked well. Drive safe!",,
INT001237,C0436,Call,Inbound,2025-07-18 12:36:00,,"Customer: Hi, I have a question about my motor insurance policy POL00239. Agent: Of course, Ira. How can I help? Customer: Does my comprehensive plan cover windshield damage without affecting my NCB? Agent: Yes, windshield claims up to Rs. 5,000 are covered under the zero-depreciation add-on without impacting your No Claim Bonus. Customer: Perfect, good to know. Thanks.",,
INT001238,C0499,Call,Inbound,2025-08-15 11:40:00,,"Agent: Good morning, Ira. This is Priya S. from SecureLife Motor Insurance. Your policy POL00476 for your Tata Nexon is due for renewal on 2026-02-19. Would you like to renew? Customer: Yes, I am happy with the coverage. Please send me the renewal documents. Agent: Wonderful. I will process this right away. Thank you for continuing with us.",,
INT001239,C0213,WhatsApp,Inbound,2024-10-02 17:31:00,,"Diya: Just received the claim settlement. Thank you! Very quick service this time. Agent: Glad to hear it, Diya! Is there anything else you need help with? Diya: No, all good. Will renew my policy next month.",,
INT001240,C0480,WhatsApp,Inbound,2024-12-21 17:06:00,,"Shaurya: Just received the claim settlement. Thank you! Very quick service this time. Agent: Glad to hear it, Shaurya! Is there anything else you need help with? Shaurya: No, all good. Will renew my policy next month.",,
INT001241,C0081,Call,Inbound,2025-07-07 09:12:00,,"Customer: I need to update the registration address on my policy POL00608. I moved from Delhi to Pune. Agent: Sure Anvi, I can help with that. I will need a copy of your new address proof. Customer: I will email it today. How long does the update take? Agent: Typically 2-3 working days after we receive the documents.",,
INT001242,C0115,Call,Inbound,2025-02-05 10:37:00,,"Customer: Hi, I have a question about my motor insurance policy POL00070. Agent: Of course, Sai. How can I help? Customer: Does my comprehensive plan cover windshield damage without affecting my NCB? Agent: Yes, windshield claims up to Rs. 5,000 are covered under the zero-depreciation add-on without impacting your No Claim Bonus. Customer: Perfect, good to know. Thanks.",,
INT001243,C0002,Call,Inbound,2025-01-21 16:02:00,,"Customer: I need to update the registration address on my policy POL00549. I moved from Delhi to Pune. Agent: Sure Ashok, I can help with that. I will need a copy of your new address proof. Customer: I will email it today. How long does the update take? Agent: Typically 2-3 working days after we receive the documents.",,
INT001244,C0051,Call,Inbound,2024-11-30 14:17:00,,"Agent: Good afternoon, this is Anita G. from SecureLife Motor Insurance. Am I speaking with Ira? Customer: Yes. What is it? Agent: I am calling regarding your policy POL00185. We notice 5 overdue payment(s) totalling Rs. 435. Customer: I know, I have been having some financial difficulties. The premium of Rs. 1,043 is too high. Agent: I understand. We can discuss flexible payment options. Would you like to switch to quarterly payments? Customer: Maybe. But honestly I am thinking of not renewing at all. It is too expensive.",,
INT001245,C0458,Call,Inbound,2024-12-29 10:03:00,,"Customer: I need to update the registration address on my policy POL00497. I moved from Delhi to Pune. Agent: Sure Mohit, I can help with that. I will need a copy of your new address proof. Customer: I will email it today. How long does the update take? Agent: Typically 2-3 working days after we receive the documents.",,
INT001246,C0170,Call,Outbound,2025-02-26 11:20:00,,"Agent: Hello Deepa, this is a courtesy call from SecureLife Motor Insurance. Your policy POL00032 has an upcoming payment. We wanted to ensure there are no issues with your auto-debit setup. Customer: Thanks for checking. I changed my bank account recently. Let me update the auto-debit mandate. Agent: I can help you with that right now if you have your new bank details handy.",,
INT001247,C0064,Call,Inbound,2025-04-20 18:50:00,,"Customer: Hi, my policy POL00175 is coming up for renewal on 2026-03-12. What is the renewal premium? Agent: Good afternoon, Diya. Let me check. Your current premium is Rs. 50,610. With your NCB benefits, the renewal premium would be slightly lower. I will email you the exact quote. Customer: OK, and can I add zero-depreciation cover this time? Agent: Absolutely. I will include that in the quote. You should receive it within 24 hours.",,
INT001248,C0376,Call,Inbound,2025-09-11 16:13:00,,"Customer: I just wanted to call and say thank you. Rohit B. helped me with my claim last week and the experience was excellent. Very professional. Agent: Thank you so much, Ananya. We really appreciate your kind words. Is there anything else? Customer: No, keep up the good work. I have already recommended SecureLife Motor Insurance to my colleagues.",,
INT001249,C0481,Call,Inbound,2025-05-07 12:54:00,,"Customer: I need to update the registration address on my policy POL00713. I moved from Delhi to Pune. Agent: Sure Sanjay, I can help with that. I will need a copy of your new address proof. Customer: I will email it today. How long does the update take? Agent: Typically 2-3 working days after we receive the documents.",,
INT001250,C0294,Email,Inbound,2025-06-13 10:36:00,,"Customer: Hi, my policy POL00681 is coming up for renewal on 2025-06-17. What is the renewal premium? Agent: Good afternoon, Meera. Let me check. Your current premium is Rs. 6,842. With your NCB benefits, the renewal premium would be slightly lower. I will email you the exact quote. Customer: OK, and can I add zero-depreciation cover this time? Agent: Absolutely. I will include that in the quote. You should receive it within 24 hours.",,
INT001251,C0485,Call,Inbound,2025-05-01 11:59:00,,"Agent: Good morning, Ishaan. This is Raj M. from SecureLife Motor Insurance. Your policy POL00384 for your Kia Sonet is due for renewal on 2025-08-09. Would you like to renew? Customer: Yes, I am happy with the coverage. Please send me the renewal documents. Agent: Wonderful. I will process this right away. Thank you for continuing with us.",,
INT001252,C0327,Email,Inbound,2024-12-04 09:12:00,,"Customer: Hi, I have a question about my motor insurance policy POL00579. Agent: Of course, Dinesh. How can I help? Customer: Does my comprehensive plan cover windshield damage without affecting my NCB? Agent: Yes, windshield claims up to Rs. 5,000 are covered under the zero-depreciation add-on without impacting your No Claim Bonus. Customer: Perfect, good to know. Thanks.",,
INT001253,C0308,Call,Outbound,2025-08-27 11:20:00,,"Agent: Hello Arjun, this is a courtesy call from SecureLife Motor Insurance. Your policy POL00574 has an upcoming payment. We wanted to ensure there are no issues with your auto-debit setup. Customer: Thanks for checking. I changed my bank account recently. Let me update the auto-debit mandate. Agent: I can help you with that right now if you have your new bank details handy.",,
INT001254,C0319,Email,Inbound,2024-10-16 15:29:00,,"Agent: Good evening, Navya. This is Neha J. from SecureLife Motor Insurance. Your policy POL00522 for your Maruti Suzuki Swift is due for renewal on 2026-01-25. Would you like to renew? Customer: Yes, I am happy with the coverage. Please send me the renewal documents. Agent: Wonderful. I will process this right away. Thank you for continuing with us.",,
INT001255,C0221,Email,Inbound,2025-06-17 13:01:00,,"Customer: Hi, I have a question about my motor insurance policy POL00126. Agent: Of course, Diya. How can I help? Customer: Does my comprehensive plan cover windshield damage without affecting my NCB? Agent: Yes, windshield claims up to Rs. 5,000 are covered under the zero-depreciation add-on without impacting your No Claim Bonus. Customer: Perfect, good to know. Thanks.",,
INT001256,C0289,Email,Inbound,2025-01-10 12:26:00,,"Customer: Hi, I have a question about my motor insurance policy POL00377. Agent: Of course, Ravi. How can I help? Customer: Does my comprehensive plan cover windshield damage without affecting my NCB? Agent: Yes, windshield claims up to Rs. 5,000 are covered under the zero-depreciation add-on without impacting your No Claim Bonus. Customer: Perfect, good to know. Thanks.",,
INT001257,C0089,Call,Inbound,2025-05-27 17:10:00,,"Agent: Good afternoon, Naveen. This is Meera R. from SecureLife Motor Insurance. Your policy POL00349 for your Hero Glamour is due for renewal on 2026-05-23. Would you like to renew? Customer: Yes, I am happy with the coverage. Please send me the renewal documents. Agent: Wonderful. I will process this right away. Thank you for continuing with us.",,
INT001258,C0242,Email,Inbound,2025-06-06 10:04:00,,"Customer: Hi, my policy POL00509 is coming up for renewal on 2026-08-08. What is the renewal premium? Agent: Good morning, Priya. Let me check. Your current premium is Rs. 12,310. With your NCB benefits, the renewal premium would be slightly lower. I will email you the exact quote. Customer: OK, and can I add zero-depreciation cover this time? Agent: Absolutely. I will include that in the quote. You should receive it within 24 hours.",,
INT001259,C0261,Call,Inbound,2025-01-19 10:37:00,,"Customer: Hi, I renewed my policy POL00743 online and the process was very smooth. Just wanted to give positive feedback. Agent: Thank you, Neha! We are glad the digital renewal worked well for you. Customer: Yes, much better than last year. The app has improved a lot.",,
INT001260,C0091,Call,Inbound,2025-04-18 16:17:00,,"Agent: Good evening, Pallavi. This is Meera R. from SecureLife Motor Insurance. Your policy POL00487 for your Honda Activa 6G is due for renewal on 2026-06-30. Would you like to renew? Customer: Yes, I am happy with the coverage. Please send me the renewal documents. Agent: Wonderful. I will process this right away. Thank you for continuing with us.",,
INT001261,C0065,Call,Inbound,2025-09-22 15:28:00,,"Customer: I keep getting SMS reminders about overdue payments for policy POL00680. Agent: Yes Diya, there are 12 pending payments of Rs. 65,636 total. Customer: Your auto-debit failed twice and now you are charging me late fees. This is your system error. Agent: Let me check the transaction logs. I can see the auto-debit attempts were declined by your bank. Customer: Fine, but waive the late fees at least. Otherwise I will let the policy lapse.",,
INT001262,C0247,Email,Inbound,2025-03-19 14:21:00,,"Customer: Hi, I have a question about my motor insurance policy POL00055. Agent: Of course, Ritvik. How can I help? Customer: Does my comprehensive plan cover windshield damage without affecting my NCB? Agent: Yes, windshield claims up to Rs. 5,000 are covered under the zero-depreciation add-on without impacting your No Claim Bonus. Customer: Perfect, good to know. Thanks.",,
INT001263,C0239,Call,Inbound,2025-05-19 14:06:00,,"Customer: Hi, I renewed my policy POL00567 online and the process was very smooth. Just wanted to give positive feedback. Agent: Thank you, Sara! We are glad the digital renewal worked well for you. Customer: Yes, much better than last year. The app has improved a lot.",,
INT001264,C0159,Call,Inbound,2025-04-29 17:34:00,,"Agent: Good evening, Aanya. This is Vikram D. from SecureLife Motor Insurance. Your policy POL00074 for your Maruti Suzuki Swift is due for renewal on 2026-03-11. Would you like to renew? Customer: Yes, I am happy with the coverage. Please send me the renewal documents. Agent: Wonderful. I will process this right away. Thank you for continuing with us.",,
INT001265,C0042,Call,Inbound,2025-08-06 10:52:00,,"Agent: Good evening, Pankaj. This is Arun K. from SecureLife Motor Insurance. Your policy POL00062 for your Mahindra XUV700 is due for renewal on 2026-07-29. Would you like to renew? Customer: Yes, I am happy with the coverage. Please send me the renewal documents. Agent: Wonderful. I will process this right away. Thank you for continuing with us.",,
INT001266,C0095,Call,Inbound,2025-02-05 15:18:00,,"Customer: I keep getting SMS reminders about overdue payments for policy POL00705. Agent: Yes Ritvik, there are 7 pending payments of Rs. 109,641 total. Customer: Your auto-debit failed twice and now you are charging me late fees. This is your system error. Agent: Let me check the transaction logs. I can see the auto-debit attempts were declined by your bank. Customer: Fine, but waive the late fees at least. Otherwise I will let the policy lapse.",,
INT001267,C0254,Call,Outbound,2024-11-21 17:12:00,,"Agent: Good evening, Amit. This is Anita G. from SecureLife Motor Insurance. I am calling to remind you that your premium payment of Rs. 41,050 for policy POL00152 was due recently. Would you like to make the payment now? Customer: Oh yes, I forgot. Can I pay through UPI right now? Agent: Absolutely. I will send you a payment link on WhatsApp. The payment is Rs. 41,050. Customer: Got it. Let me pay now. Done. Agent: Payment received. Thank you, Amit. Your policy remains active.",,
INT001268,C0108,Call,Inbound,2025-04-18 17:27:00,,"Customer: I need to update the registration address on my policy POL00686. I moved from Delhi to Pune. Agent: Sure Aarush, I can help with that. I will need a copy of your new address proof. Customer: I will email it today. How long does the update take? Agent: Typically 2-3 working days after we receive the documents.",,
INT001269,C0081,Call,Inbound,2025-05-26 13:39:00,,"Customer: Hi, my policy POL00644 is coming up for renewal on 2025-11-16. What is the renewal premium? Agent: Good evening, Anvi. Let me check. Your current premium is Rs. 38,790. With your NCB benefits, the renewal premium would be slightly lower. I will email you the exact quote. Customer: OK, and can I add zero-depreciation cover this time? Agent: Absolutely. I will include that in the quote. You should receive it within 24 hours.",,
INT001270,C0185,Call,Outbound,2025-01-31 17:40:00,,"Agent: Hello Mohit, this is a courtesy call from SecureLife Motor Insurance. Your policy POL00661 has an upcoming payment. We wanted to ensure there are no issues with your auto-debit setup. Customer: Thanks for checking. I changed my bank account recently. Let me update the auto-debit mandate. Agent: I can help you with that right now if you have your new bank details handy.",,
INT001271,C0025,Call,Inbound,2025-02-03 10:24:00,,"Agent: Good evening, this is Divya P. from SecureLife Motor Insurance. Am I speaking with Ravi? Customer: Yes. What is it? Agent: I am calling regarding your policy POL00153. We notice 1 overdue payment(s) totalling Rs. 31,810. Customer: I know, I have been having some financial difficulties. The premium of Rs. 33,300 is too high. Agent: I understand. We can discuss flexible payment options. Would you like to switch to quarterly payments? Customer: Maybe. But honestly I am thinking of not renewing at all. It is too expensive.",,
INT001272,C0068,Call,Inbound,2025-01-25 15:46:00,,"Customer: I need to update the registration address on my policy POL00784. I moved from Delhi to Pune. Agent: Sure Sachin, I can help with that. I will need a copy of your new address proof. Customer: I will email it today. How long does the update take? Agent: Typically 2-3 working days after we receive the documents.",,
INT001273,C0488,Call,Outbound,2025-01-31 17:48:00,,"Agent: Hello Dhruv, this is a courtesy call from SecureLife Motor Insurance. Your policy POL00527 has an upcoming payment. We wanted to ensure there are no issues with your auto-debit setup. Customer: Thanks for checking. I changed my bank account recently. Let me update the auto-debit mandate. Agent: I can help you with that right now if you have your new bank details handy.",,
INT001274,C0446,WhatsApp,Inbound,2025-06-29 18:17:00,,"Naveen: Just received the claim settlement. Thank you! Very quick service this time. Agent: Glad to hear it, Naveen! Is there anything else you need help with? Naveen: No, all good. Will renew my policy next month.",,
INT001275,C0092,Call,Inbound,2025-04-03 12:43:00,,"Customer: I received a quote from Bajaj Allianz for my Hyundai i20 that is 20% cheaper than what I pay you. Agent: Komal, I understand price is important. Let me check if we have any loyalty discounts available for your policy POL00103. Your current premium is Rs. 18,350. Customer: Please do. If you cannot match it, I will have to switch. Agent: I will have our retention team call you back with the best possible offer within 48 hours.",,
INT001276,C0445,Call,Inbound,2025-04-19 17:57:00,,"Customer: Hi, I have a question about my motor insurance policy POL00675. Agent: Of course, Vikram. How can I help? Customer: Does my comprehensive plan cover windshield damage without affecting my NCB? Agent: Yes, windshield claims up to Rs. 5,000 are covered under the zero-depreciation add-on without impacting your No Claim Bonus. Customer: Perfect, good to know. Thanks.",,
INT001277,C0473,WhatsApp,Inbound,2025-03-07 12:01:00,,"Pooja: Hi, I renewed my policy POL00472 online. Got the documents instantly. Great experience! Agent: Thank you Pooja! Happy to hear the digital process worked well. Drive safe!",,
INT001278,C0021,Email,Inbound,2025-02-12 18:52:00,,"Subject: Request to Cancel Policy POL00433 Dear Sir/Madam, I wish to cancel my motor insurance policy POL00433 for my Suzuki Access 125. My reasons are: 1. Premium of Rs. 1,470 is not competitive compared to other insurers. 2. Poor claim settlement experience. 3. Unresponsive customer service. Please process the cancellation and refund any applicable pro-rata premium. Regards, Ravi Singh",,
INT001279,C0488,Call,Outbound,2024-10-29 11:05:00,,"Agent: Hello Dhruv, this is a courtesy call from SecureLife Motor Insurance. Your policy POL00527 has an upcoming payment. We wanted to ensure there are no issues with your auto-debit setup. Customer: Thanks for checking. I changed my bank account recently. Let me update the auto-debit mandate. Agent: I can help you with that right now if you have your new bank details handy.",,
INT001280,C0100,Call,Inbound,2025-05-02 12:19:00,,"Agent: Hello, Neha J. from SecureLife Motor Insurance. Is this Ishaan? Customer: Yes, and I am very upset. My claim CLM00294 for Rs. 5,514 was rejected. Agent: I see the claim dated 2025-01-17 for Roadside Assistance. Let me review it. Customer: Your surveyor gave a wrong report. Incomplete documentation: FIR copy missing - that is simply not true. Agent: I will escalate this to our senior claims officer for a re-evaluation. Customer: Do it fast. I am already talking to HDFC Ergo and Bajaj Allianz for quotes.",,
INT001281,C0026,Call,Inbound,2025-03-27 17:28:00,,"Customer: I received a quote from Bajaj Allianz for my Honda Activa 6G that is 20% cheaper than what I pay you. Agent: Reyansh, I understand price is important. Let me check if we have any loyalty discounts available for your policy POL00456. Your current premium is Rs. 2,450. Customer: Please do. If you cannot match it, I will have to switch. Agent: I will have our retention team call you back with the best possible offer within 48 hours.",,
INT001282,C0077,Call,Inbound,2025-06-17 12:01:00,,"Customer: I need to update the registration address on my policy POL00611. I moved from Delhi to Pune. Agent: Sure Ramesh, I can help with that. I will need a copy of your new address proof. Customer: I will email it today. How long does the update take? Agent: Typically 2-3 working days after we receive the documents.",,
INT001283,C0151,Call,Inbound,2025-05-31 12:44:00,,"Customer: I just wanted to call and say thank you. Anita G. helped me with my claim last week and the experience was excellent. Very professional. Agent: Thank you so much, Vikram. We really appreciate your kind words. Is there anything else? Customer: No, keep up the good work. I have already recommended SecureLife Motor Insurance to my colleagues.",,
INT001284,C0160,Call,Inbound,2024-11-09 10:27:00,,"Customer: Hi, I have a question about my motor insurance policy POL00460. Agent: Of course, Tanvi. How can I help? Customer: Does my comprehensive plan cover windshield damage without affecting my NCB? Agent: Yes, windshield claims up to Rs. 5,000 are covered under the zero-depreciation add-on without impacting your No Claim Bonus. Customer: Perfect, good to know. Thanks.",,
INT001285,C0123,Call,Inbound,2024-09-28 10:24:00,,"Customer: Hi, I have a question about my motor insurance policy POL00186. Agent: Of course, Tanvi. How can I help? Customer: Does my comprehensive plan cover windshield damage without affecting my NCB? Agent: Yes, windshield claims up to Rs. 5,000 are covered under the zero-depreciation add-on without impacting your No Claim Bonus. Customer: Perfect, good to know. Thanks.",,
INT001286,C0394,Email,Inbound,2025-04-25 10:18:00,,"Agent: Good afternoon, Smita. This is Divya P. from SecureLife Motor Insurance. Your policy POL00555 for your Maruti Suzuki Swift is due for renewal on 2025-08-18. Would you like to renew? Customer: Yes, I am happy with the coverage. Please send me the renewal documents. Agent: Wonderful. I will process this right away. Thank you for continuing with us.",,
INT001287,C0274,Call,Inbound,2025-08-21 10:40:00,,"Customer: I need to update the registration address on my policy POL00172. I moved from Delhi to Pune. Agent: Sure Tanvi, I can help with that. I will need a copy of your new address proof. Customer: I will email it today. How long does the update take? Agent: Typically 2-3 working days after we receive the documents.",,
INT001288,C0040,Email,Inbound,2024-10-26 09:11:00,,"Subject: Request to Cancel Policy POL00760 Dear Sir/Madam, I wish to cancel my motor insurance policy POL00760 for my Eicher Pro 2049. My reasons are: 1. Premium of Rs. 37,590 is not competitive compared to other insurers. 2. Poor claim settlement experience. 3. Unresponsive customer service. Please process the cancellation and refund any applicable pro-rata premium. Regards, Riya Desai",,
INT001289,C0457,Call,Inbound,2025-06-18 17:53:00,,"Customer: I need to update the registration address on my policy POL00149. I moved from Delhi to Pune. Agent: Sure Pranav, I can help with that. I will need a copy of your new address proof. Customer: I will email it today. How long does the update take? Agent: Typically 2-3 working days after we receive the documents.",,
INT001290,C0055,WhatsApp,Inbound,2025-02-27 15:40:00,,"Mohit: Hi, I need help with claim CLM00160. It was rejected and I disagree with the reason. Agent: Hello Mohit, I am sorry about this. Let me pull up your details. Mohit: The reason given is 'Repairs done at unauthorized garage without prior approval' but that is wrong. My documents were complete. Agent: I understand. Let me escalate this for review. You will receive a callback within 24 hours. Mohit: Please make sure someone actually calls this time.",,
INT001291,C0279,Call,Inbound,2025-08-31 11:58:00,,"Agent: Good afternoon, Deepak. This is Arun K. from SecureLife Motor Insurance. Your policy POL00654 for your Honda Activa 6G is due for renewal on 2025-05-09. Would you like to renew? Customer: Yes, I am happy with the coverage. Please send me the renewal documents. Agent: Wonderful. I will process this right away. Thank you for continuing with us.",,
INT001292,C0079,Call,Inbound,2024-11-04 09:43:00,,"Customer: Hi, my policy POL00159 is coming up for renewal on 2025-06-20. What is the renewal premium? Agent: Good morning, Sai. Let me check. Your current premium is Rs. 7,540. With your NCB benefits, the renewal premium would be slightly lower. I will email you the exact quote. Customer: OK, and can I add zero-depreciation cover this time? Agent: Absolutely. I will include that in the quote. You should receive it within 24 hours.",,
INT001293,C0088,Call,Inbound,2025-02-23 15:28:00,,"Agent: Good afternoon, this is Priya S. from SecureLife Motor Insurance. Am I speaking with Manoj? Customer: Yes. What is it? Agent: I am calling regarding your policy POL00659. We notice 11 overdue payment(s) totalling Rs. 36,500. Customer: I know, I have been having some financial difficulties. The premium of Rs. 4,020 is too high. Agent: I understand. We can discuss flexible payment options. Would you like to switch to quarterly payments? Customer: Maybe. But honestly I am thinking of not renewing at all. It is too expensive.",,
INT001294,C0070,Call,Inbound,2025-08-18 13:29:00,,"Customer: I keep getting SMS reminders about overdue payments for policy POL00431. Agent: Yes Nisha, there are 1 pending payments of Rs. 430 total. Customer: Your auto-debit failed twice and now you are charging me late fees. This is your system error. Agent: Let me check the transaction logs. I can see the auto-debit attempts were declined by your bank. Customer: Fine, but waive the late fees at least. Otherwise I will let the policy lapse.",,
INT001295,C0163,Email,Inbound,2025-05-02 18:11:00,,"Customer: Hi, my policy POL00577 is coming up for renewal on 2026-02-25. What is the renewal premium? Agent: Good evening, Kabir. Let me check. Your current premium is Rs. 7,260. With your NCB benefits, the renewal premium would be slightly lower. I will email you the exact quote. Customer: OK, and can I add zero-depreciation cover this time? Agent: Absolutely. I will include that in the quote. You should receive it within 24 hours.",,
INT001296,C0024,Call,Inbound,2025-07-19 10:54:00,,"Customer: I am comparing motor insurance and SecureLife Motor Insurance seems overpriced. ICICI Lombard and New India Assurance both quoted lower for the same coverage on my Honda City. Agent: Varun, our plans include benefits like 24x7 roadside assistance and cashless repairs at 5,000+ garages. But let me see what special rate I can offer for your renewal. Customer: OK, but the difference needs to be significant for me to stay.",,
INT001297,C0201,WhatsApp,Inbound,2025-07-05 14:02:00,,"Ravi: Hi, I renewed my policy POL00203 online. Got the documents instantly. Great experience! Agent: Thank you Ravi! Happy to hear the digital process worked well. Drive safe!",,
INT001298,C0389,Email,Inbound,2024-11-25 13:15:00,,"Customer: Hi, I have a question about my motor insurance policy POL00679. Agent: Of course, Mohit. How can I help? Customer: Does my comprehensive plan cover windshield damage without affecting my NCB? Agent: Yes, windshield claims up to Rs. 5,000 are covered under the zero-depreciation add-on without impacting your No Claim Bonus. Customer: Perfect, good to know. Thanks.",,
INT001299,C0089,Email,Inbound,2025-07-13 12:35:00,,"Subject: Disappointed with Claim Service - Policy POL00046 Dear SecureLife Motor Insurance Team, This is regarding my pending claim CLM00128 for Roadside Assistance. It has been several weeks since I filed the claim for Rs. 12,053 and I have received no proper update. My Toyota Innova Crysta is still at the garage and I am bearing daily commute expenses. I have been a loyal customer but this experience has been very poor. Please expedite the resolution. Regards, Naveen Rao",,
INT001300,C0037,WhatsApp,Inbound,2025-03-31 13:13:00,,"Karan: My policy POL00754 payment failed again. This is the third time. Agent: Sorry about that, Karan. Let me check what happened with the auto-debit. Karan: I have sufficient balance. Your system is broken. Fix it or I am switching. Agent: I will raise a technical ticket immediately. In the meantime, here is a direct payment link.",,
INT001301,C0304,WhatsApp,Inbound,2025-06-23 12:01:00,,"Aditya: Just received the claim settlement. Thank you! Very quick service this time. Agent: Glad to hear it, Aditya! Is there anything else you need help with? Aditya: No, all good. Will renew my policy next month.",,
INT001302,C0328,Email,Inbound,2025-01-08 14:51:00,,"Customer: Hi, I have a question about my motor insurance policy POL00354. Agent: Of course, Vijay. How can I help? Customer: Does my comprehensive plan cover windshield damage without affecting my NCB? Agent: Yes, windshield claims up to Rs. 5,000 are covered under the zero-depreciation add-on without impacting your No Claim Bonus. Customer: Perfect, good to know. Thanks.",,
INT001303,C0008,Call,Inbound,2025-04-20 10:35:00,,"Customer: Hi, my policy POL00366 is coming up for renewal on 2026-07-06. What is the renewal premium? Agent: Good evening, Prisha. Let me check. Your current premium is Rs. 2,820. With your NCB benefits, the renewal premium would be slightly lower. I will email you the exact quote. Customer: OK, and can I add zero-depreciation cover this time? Agent: Absolutely. I will include that in the quote. You should receive it within 24 hours.",,
INT001304,C0028,Call,Inbound,2025-05-20 16:36:00,,"Customer: I keep getting SMS reminders about overdue payments for policy POL00590. Agent: Yes Ayaan, there are 3 pending payments of Rs. 13,879 total. Customer: Your auto-debit failed twice and now you are charging me late fees. This is your system error. Agent: Let me check the transaction logs. I can see the auto-debit attempts were declined by your bank. Customer: Fine, but waive the late fees at least. Otherwise I will let the policy lapse.",,
INT001305,C0291,Call,Inbound,2024-09-30 13:22:00,,"Customer: Hi, I have a question about my motor insurance policy POL00423. Agent: Of course, Kian. How can I help? Customer: Does my comprehensive plan cover windshield damage without affecting my NCB? Agent: Yes, windshield claims up to Rs. 5,000 are covered under the zero-depreciation add-on without impacting your No Claim Bonus. Customer: Perfect, good to know. Thanks.",,
INT001306,C0348,Email,Inbound,2025-05-01 13:38:00,,"Customer: I need to update the registration address on my policy POL00490. I moved from Delhi to Pune. Agent: Sure Ramesh, I can help with that. I will need a copy of your new address proof. Customer: I will email it today. How long does the update take? Agent: Typically 2-3 working days after we receive the documents.",,
INT001307,C0194,Call,Inbound,2025-07-15 09:35:00,,"Customer: Hi, my policy POL00122 is coming up for renewal on 2026-01-08. What is the renewal premium? Agent: Good afternoon, Ravi. Let me check. Your current premium is Rs. 5,445. With your NCB benefits, the renewal premium would be slightly lower. I will email you the exact quote. Customer: OK, and can I add zero-depreciation cover this time? Agent: Absolutely. I will include that in the quote. You should receive it within 24 hours.",,
INT001308,C0001,Call,Inbound,2025-09-26 13:13:00,,"Agent: Good morning, Aanya. This is Sameer T. from SecureLife Motor Insurance. Your policy POL00724 for your Mahindra Bolero Pickup is due for renewal on 2026-07-28. Would you like to renew? Customer: Yes, I am happy with the coverage. Please send me the renewal documents. Agent: Wonderful. I will process this right away. Thank you for continuing with us.",,
INT001309,C0397,Call,Inbound,2025-01-24 16:23:00,,"Customer: Hi, I renewed my policy POL00380 online and the process was very smooth. Just wanted to give positive feedback. Agent: Thank you, Kavita! We are glad the digital renewal worked well for you. Customer: Yes, much better than last year. The app has improved a lot.",,
INT001310,C0056,Call,Inbound,2025-03-08 16:33:00,,"Customer: I received a quote from Bajaj Allianz for my Mahindra XUV700 that is 20% cheaper than what I pay you. Agent: Ajay, I understand price is important. Let me check if we have any loyalty discounts available for your policy POL00701. Your current premium is Rs. 57,200. Customer: Please do. If you cannot match it, I will have to switch. Agent: I will have our retention team call you back with the best possible offer within 48 hours.",,
INT001311,C0041,Call,Inbound,2025-01-22 15:56:00,,"Customer: Hi, my policy POL00400 is coming up for renewal on 2026-07-27. What is the renewal premium? Agent: Good afternoon, Shivam. Let me check. Your current premium is Rs. 3,000. With your NCB benefits, the renewal premium would be slightly lower. I will email you the exact quote. Customer: OK, and can I add zero-depreciation cover this time? Agent: Absolutely. I will include that in the quote. You should receive it within 24 hours.",,
INT001312,C0079,Email,Inbound,2025-05-28 18:23:00,,"Subject: Disappointed with Claim Service - Policy POL00631 Dear SecureLife Motor Insurance Team, This is regarding my pending claim CLM00123 for Theft. It has been several weeks since I filed the claim for Rs. 139,002 and I have received no proper update. My Ashok Leyland Dost is still at the garage and I am bearing daily commute expenses. I have been a loyal customer but this experience has been very poor. Please expedite the resolution. Regards, Sai Agarwal",,
INT001313,C0090,Email,Inbound,2025-05-30 13:45:00,,"Subject: Disappointed with Claim Service - Policy POL00345 Dear SecureLife Motor Insurance Team, This is regarding my pending claim CLM00124 for Fire. It has been several weeks since I filed the claim for Rs. 246,672 and I have received no proper update. My Suzuki Access 125 is still at the garage and I am bearing daily commute expenses. I have been a loyal customer but this experience has been very poor. Please expedite the resolution. Regards, Ira Reddy",,
INT001314,C0048,WhatsApp,Inbound,2025-02-07 14:17:00,,"Rajesh: My policy POL00250 payment failed again. This is the third time. Agent: Sorry about that, Rajesh. Let me check what happened with the auto-debit. Rajesh: I have sufficient balance. Your system is broken. Fix it or I am switching. Agent: I will raise a technical ticket immediately. In the meantime, here is a direct payment link.",,
INT001315,C0104,WhatsApp,Inbound,2025-02-06 17:04:00,,"Aarav: Hi, I renewed my policy POL00735 online. Got the documents instantly. Great experience! Agent: Thank you Aarav! Happy to hear the digital process worked well. Drive safe!",,
INT001316,C0187,Call,Inbound,2025-08-11 09:42:00,,"Customer: I need to update the registration address on my policy POL00613. I moved from Delhi to Pune. Agent: Sure Ananya, I can help with that. I will need a copy of your new address proof. Customer: I will email it today. How long does the update take? Agent: Typically 2-3 working days after we receive the documents.",,
INT001317,C0088,Call,Inbound,2025-08-10 09:33:00,,"Agent: Good evening, this is Neha J. calling from SecureLife Motor Insurance. May I speak with Manoj? Customer: Speaking. Look, I have called three times about claim CLM00048. Nobody helps me. Agent: I sincerely apologise for the experience. Your claim for Rs. 432,148 shows: Claim filed after the stipulated 48-hour reporting window. Customer: My Tata Ace Gold is sitting in the garage for weeks. I need this resolved now or I am cancelling everything.",,
INT001318,C0011,Call,Inbound,2025-06-11 09:30:00,,"Customer: I need to update the registration address on my policy POL00011. I moved from Delhi to Pune. Agent: Sure Zara, I can help with that. I will need a copy of your new address proof. Customer: I will email it today. How long does the update take? Agent: Typically 2-3 working days after we receive the documents.",,
INT001319,C0467,Email,Inbound,2025-08-25 15:59:00,,"Customer: I need to update the registration address on my policy POL00190. I moved from Delhi to Pune. Agent: Sure Komal, I can help with that. I will need a copy of your new address proof. Customer: I will email it today. How long does the update take? Agent: Typically 2-3 working days after we receive the documents.",,
INT001320,C0052,Call,Inbound,2025-08-24 10:02:00,,"Agent: Hello, Anita G. from SecureLife Motor Insurance. Is this Manoj? Customer: Yes, and I am very upset. My claim CLM00055 for Rs. 162,248 was rejected. Agent: I see the claim dated 2024-03-05 for Accident. Let me review it. Customer: Your surveyor gave a wrong report. Incident occurred while driving under influence of alcohol - that is simply not true. Agent: I will escalate this to our senior claims officer for a re-evaluation. Customer: Do it fast. I am already talking to HDFC Ergo and Bajaj Allianz for quotes.",,
INT001321,C0043,Call,Inbound,2025-01-27 11:35:00,,"Agent: Good afternoon, Ishaan. This is Meera R. from SecureLife Motor Insurance. Your policy POL00358 for your Kia Seltos is due for renewal on 2026-04-15. Would you like to renew? Customer: Yes, I am happy with the coverage. Please send me the renewal documents. Agent: Wonderful. I will process this right away. Thank you for continuing with us.",,
INT001322,C0284,Call,Inbound,2024-10-31 11:16:00,,"Agent: Good evening, Dinesh. This is Vikram D. from SecureLife Motor Insurance. Your policy POL00603 for your Hyundai i20 is due for renewal on 2025-06-13. Would you like to renew? Customer: Yes, I am happy with the coverage. Please send me the renewal documents. Agent: Wonderful. I will process this right away. Thank you for continuing with us.",,
INT001323,C0345,Email,Inbound,2024-10-17 17:49:00,,"Customer: I need to update the registration address on my policy POL00601. I moved from Delhi to Pune. Agent: Sure Komal, I can help with that. I will need a copy of your new address proof. Customer: I will email it today. How long does the update take? Agent: Typically 2-3 working days after we receive the documents.",,
INT001324,C0048,Call,Inbound,2025-06-16 10:33:00,,"Customer: I need to update the registration address on my policy POL00250. I moved from Delhi to Pune. Agent: Sure Rajesh, I can help with that. I will need a copy of your new address proof. Customer: I will email it today. How long does the update take? Agent: Typically 2-3 working days after we receive the documents.",,
INT001325,C0073,WhatsApp,Inbound,2025-05-21 17:45:00,,"Ishaan: My policy POL00438 payment failed again. This is the third time. Agent: Sorry about that, Ishaan. Let me check what happened with the auto-debit. Ishaan: I have sufficient balance. Your system is broken. Fix it or I am switching. Agent: I will raise a technical ticket immediately. In the meantime, here is a direct payment link.",,
INT001326,C0049,Call,Inbound,2025-03-23 15:02:00,,"Customer: I keep getting SMS reminders about overdue payments for policy POL00313. Agent: Yes Dinesh, there are 4 pending payments of Rs. 32,933 total. Customer: Your auto-debit failed twice and now you are charging me late fees. This is your system error. Agent: Let me check the transaction logs. I can see the auto-debit attempts were declined by your bank. Customer: Fine, but waive the late fees at least. Otherwise I will let the policy lapse.",,
INT001327,C0100,Call,Inbound,2025-07-09 18:26:00,,"Agent: Hello, Vikram D. from SecureLife Motor Insurance. Is this Ishaan? Customer: Yes, and I am very upset. My claim CLM00294 for Rs. 5,514 was rejected. Agent: I see the claim dated 2025-01-17 for Roadside Assistance. Let me review it. Customer: Your surveyor gave a wrong report. Incomplete documentation: FIR copy missing - that is simply not true. Agent: I will escalate this to our senior claims officer for a re-evaluation. Customer: Do it fast. I am already talking to HDFC Ergo and Bajaj Allianz for quotes.",,
INT001328,C0083,Call,Inbound,2025-05-15 13:37:00,,"Customer: Hi, I have a question about my motor insurance policy POL00346. Agent: Of course, Shruti. How can I help? Customer: Does my comprehensive plan cover windshield damage without affecting my NCB? Agent: Yes, windshield claims up to Rs. 5,000 are covered under the zero-depreciation add-on without impacting your No Claim Bonus. Customer: Perfect, good to know. Thanks.",,
INT001329,C0295,Email,Inbound,2025-03-02 15:40:00,,"Customer: Hi, I have a question about my motor insurance policy POL00415. Agent: Of course, Shruti. How can I help? Customer: Does my comprehensive plan cover windshield damage without affecting my NCB? Agent: Yes, windshield claims up to Rs. 5,000 are covered under the zero-depreciation add-on without impacting your No Claim Bonus. Customer: Perfect, good to know. Thanks.",,
INT001330,C0165,Call,Inbound,2024-10-22 16:58:00,,"Customer: Hi, I have a question about my motor insurance policy POL00489. Agent: Of course, Aarush. How can I help? Customer: Does my comprehensive plan cover windshield damage without affecting my NCB? Agent: Yes, windshield claims up to Rs. 5,000 are covered under the zero-depreciation add-on without impacting your No Claim Bonus. Customer: Perfect, good to know. Thanks.",,
INT001331,C0008,Call,Inbound,2025-02-20 16:29:00,,"Agent: Good afternoon, this is Meera R. from SecureLife Motor Insurance. Am I speaking with Prisha? Customer: Yes. What is it? Agent: I am calling regarding your policy POL00366. We notice 7 overdue payment(s) totalling Rs. 34,265. Customer: I know, I have been having some financial difficulties. The premium of Rs. 2,820 is too high. Agent: I understand. We can discuss flexible payment options. Would you like to switch to quarterly payments? Customer: Maybe. But honestly I am thinking of not renewing at all. It is too expensive.",,
INT001332,C0042,Email,Inbound,2025-05-20 09:59:00,,"Subject: Request to Cancel Policy POL00062 Dear Sir/Madam, I wish to cancel my motor insurance policy POL00062 for my Mahindra XUV700. My reasons are: 1. Premium of Rs. 44,990 is not competitive compared to other insurers. 2. Poor claim settlement experience. 3. Unresponsive customer service. Please process the cancellation and refund any applicable pro-rata premium. Regards, Pankaj Bose",,
INT001333,C0049,Call,Inbound,2025-01-18 16:22:00,,"Agent: Hello, Anita G. from SecureLife Motor Insurance. Is this Dinesh? Customer: Yes, and I am very upset. My claim CLM00074 for Rs. 411,354 was rejected. Agent: I see the claim dated 2025-09-12 for Theft. Let me review it. Customer: Your surveyor gave a wrong report. Claim filed after the stipulated 48-hour reporting window - that is simply not true. Agent: I will escalate this to our senior claims officer for a re-evaluation. Customer: Do it fast. I am already talking to HDFC Ergo and Bajaj Allianz for quotes.",,
INT001334,C0100,Call,Inbound,2025-06-11 14:00:00,,"Customer: I need to update the registration address on my policy POL00187. I moved from Delhi to Pune. Agent: Sure Ishaan, I can help with that. I will need a copy of your new address proof. Customer: I will email it today. How long does the update take? Agent: Typically 2-3 working days after we receive the documents.",,
INT001335,C0408,WhatsApp,Inbound,2024-10-11 13:13:00,,"Manoj: Just received the claim settlement. Thank you! Very quick service this time. Agent: Glad to hear it, Manoj! Is there anything else you need help with? Manoj: No, all good. Will renew my policy next month.",,
INT001336,C0323,Call,Inbound,2025-09-11 11:47:00,,"Customer: I need to update the registration address on my policy POL00166. I moved from Delhi to Pune. Agent: Sure Pranav, I can help with that. I will need a copy of your new address proof. Customer: I will email it today. How long does the update take? Agent: Typically 2-3 working days after we receive the documents.",,
INT001337,C0032,Call,Inbound,2025-02-25 13:56:00,,"Customer: I am comparing motor insurance and SecureLife Motor Insurance seems overpriced. ICICI Lombard and New India Assurance both quoted lower for the same coverage on my Mahindra Bolero Pickup. Agent: Dinesh, our plans include benefits like 24x7 roadside assistance and cashless repairs at 5,000+ garages. But let me see what special rate I can offer for your renewal. Customer: OK, but the difference needs to be significant for me to stay.",,
INT001338,C0172,Call,Inbound,2024-10-29 09:43:00,,"Customer: I just wanted to call and say thank you. Vikram D. helped me with my claim last week and the experience was excellent. Very professional. Agent: Thank you so much, Vikram. We really appreciate your kind words. Is there anything else? Customer: No, keep up the good work. I have already recommended SecureLife Motor Insurance to my colleagues.",,
INT001339,C0080,Call,Inbound,2025-03-11 10:15:00,,"Customer: Hi, I have a question about my motor insurance policy POL00446. Agent: Of course, Aarohi. How can I help? Customer: Does my comprehensive plan cover windshield damage without affecting my NCB? Agent: Yes, windshield claims up to Rs. 5,000 are covered under the zero-depreciation add-on without impacting your No Claim Bonus. Customer: Perfect, good to know. Thanks.",,
INT001340,C0090,Call,Inbound,2025-02-18 15:20:00,,"Customer: Hello, I would like to cancel policy POL00597 for my Kia Seltos. Agent: Ira, I am sorry to hear this. Can I understand what went wrong? Customer: I found much better rates with ICICI Lombard. Your premium of Rs. 30,350 is not competitive. Agent: We do have loyalty discounts and NCB benefits. Shall I check what we can offer? Customer: I already compared. Please just cancel it.",,
INT001341,C0001,Call,Inbound,2024-10-09 15:36:00,,"Agent: Good morning, this is Divya P. from SecureLife Motor Insurance. Am I speaking with Aanya? Customer: Yes. What is it? Agent: I am calling regarding your policy POL00724. We notice 4 overdue payment(s) totalling Rs. 7,297. Customer: I know, I have been having some financial difficulties. The premium of Rs. 21,890 is too high. Agent: I understand. We can discuss flexible payment options. Would you like to switch to quarterly payments? Customer: Maybe. But honestly I am thinking of not renewing at all. It is too expensive.",,
INT001342,C0043,Call,Inbound,2025-03-25 17:56:00,,"Customer: Hi, my policy POL00201 is coming up for renewal on 2026-08-20. What is the renewal premium? Agent: Good evening, Ishaan. Let me check. Your current premium is Rs. 6,205. With your NCB benefits, the renewal premium would be slightly lower. I will email you the exact quote. Customer: OK, and can I add zero-depreciation cover this time? Agent: Absolutely. I will include that in the quote. You should receive it within 24 hours.",,
INT001343,C0067,Call,Inbound,2025-04-30 14:21:00,,"Customer: Hello, I would like to cancel policy POL00109 for my TVS Apache RTR 160. Agent: Vishal, I am sorry to hear this. Can I understand what went wrong? Customer: I found much better rates with ICICI Lombard. Your premium of Rs. 2,920 is not competitive. Agent: We do have loyalty discounts and NCB benefits. Shall I check what we can offer? Customer: I already compared. Please just cancel it.",,
INT001344,C0069,Call,Inbound,2024-10-23 14:31:00,,"Customer: Hello, I would like to cancel policy POL00387 for my Maruti Suzuki Brezza. Agent: Sanjay, I am sorry to hear this. Can I understand what went wrong? Customer: I found much better rates with ICICI Lombard. Your premium of Rs. 3,734 is not competitive. Agent: We do have loyalty discounts and NCB benefits. Shall I check what we can offer? Customer: I already compared. Please just cancel it.",,
INT001345,C0021,Call,Inbound,2025-08-12 11:49:00,,"Customer: I keep getting SMS reminders about overdue payments for policy POL00433. Agent: Yes Ravi, there are 2 pending payments of Rs. 2,940 total. Customer: Your auto-debit failed twice and now you are charging me late fees. This is your system error. Agent: Let me check the transaction logs. I can see the auto-debit attempts were declined by your bank. Customer: Fine, but waive the late fees at least. Otherwise I will let the policy lapse.",,
INT001346,C0087,Call,Inbound,2025-05-25 14:27:00,,"Customer: I need to update the registration address on my policy POL00554. I moved from Delhi to Pune. Agent: Sure Nisha, I can help with that. I will need a copy of your new address proof. Customer: I will email it today. How long does the update take? Agent: Typically 2-3 working days after we receive the documents.",,
INT001347,C0050,Call,Inbound,2024-10-08 14:04:00,,"Customer: I need to update the registration address on my policy POL00007. I moved from Delhi to Pune. Agent: Sure Amit, I can help with that. I will need a copy of your new address proof. Customer: I will email it today. How long does the update take? Agent: Typically 2-3 working days after we receive the documents.",,
INT001348,C0103,Call,Inbound,2025-06-19 13:48:00,,"Customer: I need to update the registration address on my policy POL00034. I moved from Delhi to Pune. Agent: Sure Tanvi, I can help with that. I will need a copy of your new address proof. Customer: I will email it today. How long does the update take? Agent: Typically 2-3 working days after we receive the documents.",,
INT001349,C0414,Call,Inbound,2025-08-02 12:17:00,,"Customer: I just wanted to call and say thank you. Vikram D. helped me with my claim last week and the experience was excellent. Very professional. Agent: Thank you so much, Neha. We really appreciate your kind words. Is there anything else? Customer: No, keep up the good work. I have already recommended SecureLife Motor Insurance to my colleagues.",,
INT001350,C0046,Call,Inbound,2025-04-10 12:09:00,,"Agent: Hello, Meera R. from SecureLife Motor Insurance. Is this Nisha? Customer: Yes, and I am very upset. My claim CLM00261 for Rs. 13,366 was rejected. Agent: I see the claim dated 2023-10-17 for Third Party Liability. Let me review it. Customer: Your surveyor gave a wrong report. Vehicle used for commercial purposes under personal policy - that is simply not true. Agent: I will escalate this to our senior claims officer for a re-evaluation. Customer: Do it fast. I am already talking to HDFC Ergo and Bajaj Allianz for quotes.",,
INT001351,C0066,Call,Inbound,2025-08-05 13:33:00,,"Customer: I received a quote from Bajaj Allianz for my Eicher Pro 2049 that is 20% cheaper than what I pay you. Agent: Kian, I understand price is important. Let me check if we have any loyalty discounts available for your policy POL00764. Your current premium is Rs. 22,370. Customer: Please do. If you cannot match it, I will have to switch. Agent: I will have our retention team call you back with the best possible offer within 48 hours.",,
INT001352,C0086,Email,Inbound,2025-05-25 16:49:00,,"Subject: Disappointed with Claim Service - Policy POL00730 Dear SecureLife Motor Insurance Team, This is regarding my pending claim CLM00176 for Accident. It has been several weeks since I filed the claim for Rs. 279,509 and I have received no proper update. My Eicher Pro 2049 is still at the garage and I am bearing daily commute expenses. I have been a loyal customer but this experience has been very poor. Please expedite the resolution. Regards, Krishna Kulkarni",,
INT001353,C0155,Call,Inbound,2025-09-24 09:33:00,,"Customer: Hi, I have a question about my motor insurance policy POL00086. Agent: Of course, Vihaan. How can I help? Customer: Does my comprehensive plan cover windshield damage without affecting my NCB? Agent: Yes, windshield claims up to Rs. 5,000 are covered under the zero-depreciation add-on without impacting your No Claim Bonus. Customer: Perfect, good to know. Thanks.",,
INT001354,C0166,Email,Inbound,2025-06-22 12:18:00,,"Customer: Hi, my policy POL00136 is coming up for renewal on 2025-11-24. What is the renewal premium? Agent: Good afternoon, Dinesh. Let me check. Your current premium is Rs. 27,990. With your NCB benefits, the renewal premium would be slightly lower. I will email you the exact quote. Customer: OK, and can I add zero-depreciation cover this time? Agent: Absolutely. I will include that in the quote. You should receive it within 24 hours.",,
INT001355,C0013,Call,Inbound,2025-04-07 17:46:00,,"Customer: Hi, my policy POL00197 is coming up for renewal on 2025-08-15. What is the renewal premium? Agent: Good afternoon, Ramesh. Let me check. Your current premium is Rs. 20,880. With your NCB benefits, the renewal premium would be slightly lower. I will email you the exact quote. Customer: OK, and can I add zero-depreciation cover this time? Agent: Absolutely. I will include that in the quote. You should receive it within 24 hours.",,
INT001356,C0222,Call,Inbound,2024-12-11 13:26:00,,"Agent: Good evening, Sneha. This is Anita G. from SecureLife Motor Insurance. Your policy POL00080 for your Maruti Suzuki Baleno is due for renewal on 2025-10-10. Would you like to renew? Customer: Yes, I am happy with the coverage. Please send me the renewal documents. Agent: Wonderful. I will process this right away. Thank you for continuing with us.",,
INT001357,C0018,WhatsApp,Inbound,2025-05-19 11:32:00,,"Advait: My policy POL00001 payment failed again. This is the third time. Agent: Sorry about that, Advait. Let me check what happened with the auto-debit. Advait: I have sufficient balance. Your system is broken. Fix it or I am switching. Agent: I will raise a technical ticket immediately. In the meantime, here is a direct payment link.",,
INT001358,C0091,Call,Inbound,2025-05-15 18:32:00,,"Customer: I am comparing motor insurance and SecureLife Motor Insurance seems overpriced. ICICI Lombard and New India Assurance both quoted lower for the same coverage on my Honda Activa 6G. Agent: Pallavi, our plans include benefits like 24x7 roadside assistance and cashless repairs at 5,000+ garages. But let me see what special rate I can offer for your renewal. Customer: OK, but the difference needs to be significant for me to stay.",,
INT001359,C0402,Call,Inbound,2025-09-28 12:14:00,,"Customer: Hi, my policy POL00591 is coming up for renewal on 2026-06-09. What is the renewal premium? Agent: Good morning, Ravi. Let me check. Your current premium is Rs. 12,050. With your NCB benefits, the renewal premium would be slightly lower. I will email you the exact quote. Customer: OK, and can I add zero-depreciation cover this time? Agent: Absolutely. I will include that in the quote. You should receive it within 24 hours.",,
INT001360,C0034,WhatsApp,Inbound,2025-02-26 15:22:00,,"Kiara: Hi, I need help with claim CLM00006. It was rejected and I disagree with the reason. Agent: Hello Kiara, I am sorry about this. Let me pull up your details. Kiara: The reason given is 'Repairs done at unauthorized garage without prior approval' but that is wrong. My documents were complete. Agent: I understand. Let me escalate this for review. You will receive a callback within 24 hours. Kiara: Please make sure someone actually calls this time.",,
INT001361,C0441,Email,Inbound,2025-05-31 17:36:00,,"Customer: I need to update the registration address on my policy POL00437. I moved from Delhi to Pune. Agent: Sure Deepa, I can help with that. I will need a copy of your new address proof. Customer: I will email it today. How long does the update take? Agent: Typically 2-3 working days after we receive the documents.",,
INT001362,C0203,Call,Inbound,2024-10-02 18:56:00,,"Customer: Hi, I have a question about my motor insurance policy POL00339. Agent: Of course, Deepa. How can I help? Customer: Does my comprehensive plan cover windshield damage without affecting my NCB? Agent: Yes, windshield claims up to Rs. 5,000 are covered under the zero-depreciation add-on without impacting your No Claim Bonus. Customer: Perfect, good to know. Thanks.",,
INT001363,C0017,Email,Inbound,2025-03-15 13:06:00,,"Subject: Request to Cancel Policy POL00553 Dear Sir/Madam, I wish to cancel my motor insurance policy POL00553 for my Hyundai i20. My reasons are: 1. Premium of Rs. 12,380 is not competitive compared to other insurers. 2. Poor claim settlement experience. 3. Unresponsive customer service. Please process the cancellation and refund any applicable pro-rata premium. Regards, Dinesh Agarwal",,
INT001364,C0212,Call,Inbound,2025-04-17 17:25:00,,"Customer: I need to update the registration address on my policy POL00650. I moved from Delhi to Pune. Agent: Sure Varun, I can help with that. I will need a copy of your new address proof. Customer: I will email it today. How long does the update take? Agent: Typically 2-3 working days after we receive the documents.",,
INT001365,C0096,Call,Inbound,2025-01-06 12:23:00,,"Customer: I received a quote from Bajaj Allianz for my Hyundai Creta that is 20% cheaper than what I pay you. Agent: Deepa, I understand price is important. Let me check if we have any loyalty discounts available for your policy POL00652. Your current premium is Rs. 39,940. Customer: Please do. If you cannot match it, I will have to switch. Agent: I will have our retention team call you back with the best possible offer within 48 hours.",,
INT001366,C0036,Call,Inbound,2025-02-19 18:24:00,,"Customer: Hi, my policy POL00084 is coming up for renewal on 2025-10-23. What is the renewal premium? Agent: Good morning, Pradeep. Let me check. Your current premium is Rs. 19,620. With your NCB benefits, the renewal premium would be slightly lower. I will email you the exact quote. Customer: OK, and can I add zero-depreciation cover this time? Agent: Absolutely. I will include that in the quote. You should receive it within 24 hours.",,
INT001367,C0314,Email,Inbound,2024-10-11 11:08:00,,"Subject: Thank you - Claim CLM00102 Settled Dear SecureLife Motor Insurance Team, I am writing to thank you for the prompt settlement of my claim CLM00102. The amount of Rs. 180,674 was credited to my account within the promised timeline. Special thanks to the surveyor and claims team for the professional handling. I will definitely continue with SecureLife Motor Insurance. Warm regards, Aarush Patil",,
INT001368,C0069,Call,Inbound,2025-07-28 17:13:00,,"Customer: Hello, I would like to cancel policy POL00278 for my Tata Nexon. Agent: Sanjay, I am sorry to hear this. Can I understand what went wrong? Customer: I found much better rates with ICICI Lombard. Your premium of Rs. 3,317 is not competitive. Agent: We do have loyalty discounts and NCB benefits. Shall I check what we can offer? Customer: I already compared. Please just cancel it.",,
INT001369,C0311,Email,Inbound,2025-01-08 09:05:00,,"Customer: Hi, I have a question about my motor insurance policy POL00412. Agent: Of course, Pankaj. How can I help? Customer: Does my comprehensive plan cover windshield damage without affecting my NCB? Agent: Yes, windshield claims up to Rs. 5,000 are covered under the zero-depreciation add-on without impacting your No Claim Bonus. Customer: Perfect, good to know. Thanks.",,
INT001370,C0255,Call,Outbound,2025-03-27 09:08:00,,"Agent: Hello Anil, this is a courtesy call from SecureLife Motor Insurance. Your policy POL00751 has an upcoming payment. We wanted to ensure there are no issues with your auto-debit setup. Customer: Thanks for checking. I changed my bank account recently. Let me update the auto-debit mandate. Agent: I can help you with that right now if you have your new bank details handy.",,
INT001371,C0339,Email,Inbound,2024-11-04 13:44:00,,"Customer: Hi, I have a question about my motor insurance policy POL00095. Agent: Of course, Rohit. How can I help? Customer: Does my comprehensive plan cover windshield damage without affecting my NCB? Agent: Yes, windshield claims up to Rs. 5,000 are covered under the zero-depreciation add-on without impacting your No Claim Bonus. Customer: Perfect, good to know. Thanks.",,
INT001372,C0010,Call,Inbound,2025-02-01 18:40:00,,"Customer: Hello, I would like to cancel policy POL00758 for my Mahindra XUV700. Agent: Mohit, I am sorry to hear this. Can I understand what went wrong? Customer: I found much better rates with ICICI Lombard. Your premium of Rs. 41,860 is not competitive. Agent: We do have loyalty discounts and NCB benefits. Shall I check what we can offer? Customer: I already compared. Please just cancel it.",,
INT001373,C0055,Call,Inbound,2025-08-19 09:18:00,,"Customer: Hi, my policy POL00575 is coming up for renewal on 2025-12-19. What is the renewal premium? Agent: Good evening, Mohit. Let me check. Your current premium is Rs. 21,450. With your NCB benefits, the renewal premium would be slightly lower. I will email you the exact quote. Customer: OK, and can I add zero-depreciation cover this time? Agent: Absolutely. I will include that in the quote. You should receive it within 24 hours.",,
INT001374,C0030,Call,Inbound,2024-11-04 17:28:00,,"Agent: Good morning, this is Anita G. from SecureLife Motor Insurance. Am I speaking with Shaurya? Customer: Yes. I want to know why my claim CLM00090 was rejected. Agent: Let me check. The claim was filed on 2025-09-11 for Rs. 91,822 regarding Natural Disaster. Customer: I submitted every document you asked for. The rejection reason makes no sense. Agent: The noted reason is: Claim amount exceeds the Insured Declared Value (IDV). I understand this is frustrating. Customer: Frustrating? This is unacceptable. I will escalate to IRDAI if this is not reversed within a week.",,
INT001375,C0244,WhatsApp,Inbound,2025-04-15 12:37:00,,"Vishal: Just received the claim settlement. Thank you! Very quick service this time. Agent: Glad to hear it, Vishal! Is there anything else you need help with? Vishal: No, all good. Will renew my policy next month.",,
INT001376,C0079,Call,Inbound,2025-02-07 16:16:00,,"Agent: Good afternoon, this is Vikram D. from SecureLife Motor Insurance. Am I speaking with Sai? Customer: Yes. I want to know why my claim CLM00181 was rejected. Agent: Let me check. The claim was filed on 2023-12-21 for Rs. 182,150 regarding Natural Disaster. Customer: I submitted every document you asked for. The rejection reason makes no sense. Agent: The noted reason is: Incident occurred while driving under influence of alcohol. I understand this is frustrating. Customer: Frustrating? This is unacceptable. I will escalate to IRDAI if this is not reversed within a week.",,
INT001377,C0346,WhatsApp,Inbound,2025-06-25 10:06:00,,"Anand: Hi, I renewed my policy POL00246 online. Got the documents instantly. Great experience! Agent: Thank you Anand! Happy to hear the digital process worked well. Drive safe!",,
INT001378,C0145,Call,Outbound,2024-12-04 15:45:00,,"Agent: Good morning, Vikram. This is Anita G. from SecureLife Motor Insurance. I am calling to remind you that your premium payment of Rs. 1,780 for policy POL00394 was due recently. Would you like to make the payment now? Customer: Oh yes, I forgot. Can I pay through UPI right now? Agent: Absolutely. I will send you a payment link on WhatsApp. The payment is Rs. 1,780. Customer: Got it. Let me pay now. Done. Agent: Payment received. Thank you, Vikram. Your policy remains active.",,
INT001379,C0251,WhatsApp,Inbound,2024-10-11 18:49:00,,"Anvi: Hi, I renewed my policy POL00417 online. Got the documents instantly. Great experience! Agent: Thank you Anvi! Happy to hear the digital process worked well. Drive safe!",,
INT001380,C0189,Email,Inbound,2025-01-02 14:15:00,,"Customer: Hi, I have a question about my motor insurance policy POL00521. Agent: Of course, Shalini. How can I help? Customer: Does my comprehensive plan cover windshield damage without affecting my NCB? Agent: Yes, windshield claims up to Rs. 5,000 are covered under the zero-depreciation add-on without impacting your No Claim Bonus. Customer: Perfect, good to know. Thanks.",,
INT001381,C0082,WhatsApp,Inbound,2025-02-26 16:37:00,,"Ravi: Hi, I need help with claim CLM00157. It was rejected and I disagree with the reason. Agent: Hello Ravi, I am sorry about this. Let me pull up your details. Ravi: The reason given is 'Pre-existing damage detected during surveyor inspection' but that is wrong. My documents were complete. Agent: I understand. Let me escalate this for review. You will receive a callback within 24 hours. Ravi: Please make sure someone actually calls this time.",,
INT001382,C0211,Email,Inbound,2025-02-28 10:55:00,,"Customer: Hi, I have a question about my motor insurance policy POL00409. Agent: Of course, Sanjay. How can I help? Customer: Does my comprehensive plan cover windshield damage without affecting my NCB? Agent: Yes, windshield claims up to Rs. 5,000 are covered under the zero-depreciation add-on without impacting your No Claim Bonus. Customer: Perfect, good to know. Thanks.",,
INT001383,C0074,Call,Inbound,2025-08-01 17:21:00,,"Agent: Good morning, this is Rohit B. from SecureLife Motor Insurance. Am I speaking with Deepa? Customer: Yes. What is it? Agent: I am calling regarding your policy POL00772. We notice 1 overdue payment(s) totalling Rs. 22,410. Customer: I know, I have been having some financial difficulties. The premium of Rs. 22,410 is too high. Agent: I understand. We can discuss flexible payment options. Would you like to switch to quarterly payments? Customer: Maybe. But honestly I am thinking of not renewing at all. It is too expensive.",,
INT001384,C0089,Call,Inbound,2025-01-18 16:36:00,,"Customer: I received a quote from Bajaj Allianz for my Toyota Innova Crysta that is 20% cheaper than what I pay you. Agent: Naveen, I understand price is important. Let me check if we have any loyalty discounts available for your policy POL00046. Your current premium is Rs. 4,669. Customer: Please do. If you cannot match it, I will have to switch. Agent: I will have our retention team call you back with the best possible offer within 48 hours.",,
INT001385,C0206,Call,Inbound,2024-10-16 16:36:00,,"Customer: I need to update the registration address on my policy POL00343. I moved from Delhi to Pune. Agent: Sure Kian, I can help with that. I will need a copy of your new address proof. Customer: I will email it today. How long does the update take? Agent: Typically 2-3 working days after we receive the documents.",,
INT001386,C0062,Email,Inbound,2025-09-17 09:06:00,,"Subject: Request to Cancel Policy POL00673 Dear Sir/Madam, I wish to cancel my motor insurance policy POL00673 for my Ashok Leyland Dost. My reasons are: 1. Premium of Rs. 15,110 is not competitive compared to other insurers. 2. Poor claim settlement experience. 3. Unresponsive customer service. Please process the cancellation and refund any applicable pro-rata premium. Regards, Priya Hegde",,
INT001387,C0092,Call,Inbound,2025-04-16 18:21:00,,"Customer: I need to update the registration address on my policy POL00103. I moved from Delhi to Pune. Agent: Sure Komal, I can help with that. I will need a copy of your new address proof. Customer: I will email it today. How long does the update take? Agent: Typically 2-3 working days after we receive the documents.",,
INT001388,C0075,Email,Inbound,2024-09-28 13:40:00,,"Subject: Request to Cancel Policy POL00232 Dear Sir/Madam, I wish to cancel my motor insurance policy POL00232 for my Ashok Leyland Dost. My reasons are: 1. Premium of Rs. 4,931 is not competitive compared to other insurers. 2. Poor claim settlement experience. 3. Unresponsive customer service. Please process the cancellation and refund any applicable pro-rata premium. Regards, Shivam Kulkarni",,
INT001389,C0264,Call,Inbound,2024-10-09 18:25:00,,"Customer: I need to update the registration address on my policy POL00687. I moved from Delhi to Pune. Agent: Sure Ira, I can help with that. I will need a copy of your new address proof. Customer: I will email it today. How long does the update take? Agent: Typically 2-3 working days after we receive the documents.",,
INT001390,C0361,Call,Inbound,2025-07-27 18:29:00,,"Agent: Good morning, Rakesh. This is Sameer T. from SecureLife Motor Insurance. Your policy POL00257 for your Mahindra Bolero Pickup is due for renewal on 2026-07-26. Would you like to renew? Customer: Yes, I am happy with the coverage. Please send me the renewal documents. Agent: Wonderful. I will process this right away. Thank you for continuing with us.",,
INT001391,C0043,Call,Inbound,2025-06-02 15:29:00,,"Agent: Hello, Raj M. from SecureLife Motor Insurance. Is this Ishaan? Customer: Yes, and I am very upset. My claim CLM00028 for Rs. 194,512 was rejected. Agent: I see the claim dated 2025-03-16 for Accident. Let me review it. Customer: Your surveyor gave a wrong report. Pre-existing damage detected during surveyor inspection - that is simply not true. Agent: I will escalate this to our senior claims officer for a re-evaluation. Customer: Do it fast. I am already talking to HDFC Ergo and Bajaj Allianz for quotes.",,
INT001392,C0230,Call,Inbound,2025-04-16 09:13:00,,"Customer: I need to update the registration address on my policy POL00684. I moved from Delhi to Pune. Agent: Sure Avni, I can help with that. I will need a copy of your new address proof. Customer: I will email it today. How long does the update take? Agent: Typically 2-3 working days after we receive the documents.",,
INT001393,C0005,Call,Inbound,2024-11-10 11:55:00,,"Customer: I received a quote from Bajaj Allianz for my Hyundai Creta that is 20% cheaper than what I pay you. Agent: Rahul, I understand price is important. Let me check if we have any loyalty discounts available for your policy POL00125. Your current premium is Rs. 40,850. Customer: Please do. If you cannot match it, I will have to switch. Agent: I will have our retention team call you back with the best possible offer within 48 hours.",,
INT001394,C0490,Email,Inbound,2025-03-11 15:38:00,,"Subject: Thank you - Claim CLM00188 Settled Dear SecureLife Motor Insurance Team, I am writing to thank you for the prompt settlement of my claim CLM00188. The amount of Rs. 307,495 was credited to my account within the promised timeline. Special thanks to the surveyor and claims team for the professional handling. I will definitely continue with SecureLife Motor Insurance. Warm regards, Smita Agarwal",,
INT001395,C0427,Call,Inbound,2025-05-03 12:23:00,,"Customer: Hi, I have a question about my motor insurance policy POL00727. Agent: Of course, Aarush. How can I help? Customer: Does my comprehensive plan cover windshield damage without affecting my NCB? Agent: Yes, windshield claims up to Rs. 5,000 are covered under the zero-depreciation add-on without impacting your No Claim Bonus. Customer: Perfect, good to know. Thanks.",,
INT001396,C0257,Call,Inbound,2024-12-09 14:45:00,,"Agent: Good morning, Manisha. This is Sameer T. from SecureLife Motor Insurance. Your policy POL00691 for your Tata Nexon is due for renewal on 2026-09-04. Would you like to renew? Customer: Yes, I am happy with the coverage. Please send me the renewal documents. Agent: Wonderful. I will process this right away. Thank you for continuing with us.",,
INT001397,C0047,Call,Inbound,2025-01-29 17:48:00,,"Customer: Hi, I have a question about my motor insurance policy POL00736. Agent: Of course, Aarush. How can I help? Customer: Does my comprehensive plan cover windshield damage without affecting my NCB? Agent: Yes, windshield claims up to Rs. 5,000 are covered under the zero-depreciation add-on without impacting your No Claim Bonus. Customer: Perfect, good to know. Thanks.",,
INT001398,C0008,Call,Inbound,2025-03-15 13:46:00,,"Customer: I keep getting SMS reminders about overdue payments for policy POL00366. Agent: Yes Prisha, there are 7 pending payments of Rs. 34,265 total. Customer: Your auto-debit failed twice and now you are charging me late fees. This is your system error. Agent: Let me check the transaction logs. I can see the auto-debit attempts were declined by your bank. Customer: Fine, but waive the late fees at least. Otherwise I will let the policy lapse.",,
INT001399,C0348,Call,Inbound,2024-10-27 15:42:00,,"Customer: I just wanted to call and say thank you. Divya P. helped me with my claim last week and the experience was excellent. Very professional. Agent: Thank you so much, Ramesh. We really appreciate your kind words. Is there anything else? Customer: No, keep up the good work. I have already recommended SecureLife Motor Insurance to my colleagues.",,
INT001400,C0055,WhatsApp,Inbound,2025-05-21 12:37:00,,"Mohit: My policy POL00769 payment failed again. This is the third time. Agent: Sorry about that, Mohit. Let me check what happened with the auto-debit. Mohit: I have sufficient balance. Your system is broken. Fix it or I am switching. Agent: I will raise a technical ticket immediately. In the meantime, here is a direct payment link.",,
INT001401,C0020,Email,Inbound,2025-09-20 09:41:00,,"Subject: Formal Complaint - Claim CLM00038 Wrongly Rejected Dear Sir/Madam, I am writing to formally complain about the rejection of my motor insurance claim CLM00038 dated 2023-09-12. The claim was for Rs. 39,300 due to Theft. The rejection reason given was: Policy was in lapsed state at the time of incident. I find this unacceptable as all required documents including the FIR copy, photographs, and repair estimate were submitted within the stipulated timeframe. I demand an immediate review. If not resolved within 7 working days, I will file a complaint with the Insurance Ombudsman and IRDAI. Policy: POL00653 Claim: CLM00038 Regards, Deepak Sharma",,
INT001402,C0200,Call,Outbound,2025-03-13 13:03:00,,"Agent: Good afternoon, Sara. This is Priya S. from SecureLife Motor Insurance. I am calling to remind you that your premium payment of Rs. 3,190 for policy POL00332 was due recently. Would you like to make the payment now? Customer: Oh yes, I forgot. Can I pay through UPI right now? Agent: Absolutely. I will send you a payment link on WhatsApp. The payment is Rs. 3,190. Customer: Got it. Let me pay now. Done. Agent: Payment received. Thank you, Sara. Your policy remains active.",,
INT001403,C0237,Call,Inbound,2025-06-20 16:47:00,,"Customer: I need to update the registration address on my policy POL00392. I moved from Delhi to Pune. Agent: Sure Sanjay, I can help with that. I will need a copy of your new address proof. Customer: I will email it today. How long does the update take? Agent: Typically 2-3 working days after we receive the documents.",,
INT001404,C0344,Call,Inbound,2025-02-15 16:30:00,,"Customer: I need to update the registration address on my policy POL00581. I moved from Delhi to Pune. Agent: Sure Kavita, I can help with that. I will need a copy of your new address proof. Customer: I will email it today. How long does the update take? Agent: Typically 2-3 working days after we receive the documents.",,
INT001405,C0172,Call,Inbound,2024-10-08 18:58:00,,"Customer: Hi, I have a question about my motor insurance policy POL00781. Agent: Of course, Vikram. How can I help? Customer: Does my comprehensive plan cover windshield damage without affecting my NCB? Agent: Yes, windshield claims up to Rs. 5,000 are covered under the zero-depreciation add-on without impacting your No Claim Bonus. Customer: Perfect, good to know. Thanks.",,
INT001406,C0312,Email,Inbound,2025-09-03 11:36:00,,"Customer: Hi, I have a question about my motor insurance policy POL00519. Agent: Of course, Deepak. How can I help? Customer: Does my comprehensive plan cover windshield damage without affecting my NCB? Agent: Yes, windshield claims up to Rs. 5,000 are covered under the zero-depreciation add-on without impacting your No Claim Bonus. Customer: Perfect, good to know. Thanks.",,
INT001407,C0100,Call,Inbound,2025-09-18 11:04:00,,"Agent: Hello, Vikram D. from SecureLife Motor Insurance. Is this Ishaan? Customer: Yes, and I am very upset. My claim CLM00294 for Rs. 5,514 was rejected. Agent: I see the claim dated 2025-01-17 for Roadside Assistance. Let me review it. Customer: Your surveyor gave a wrong report. Incomplete documentation: FIR copy missing - that is simply not true. Agent: I will escalate this to our senior claims officer for a re-evaluation. Customer: Do it fast. I am already talking to HDFC Ergo and Bajaj Allianz for quotes.",,
INT001408,C0098,Call,Inbound,2025-08-25 17:17:00,,"Agent: Good evening, this is Meera R. calling from SecureLife Motor Insurance. May I speak with Vikram? Customer: Speaking. Look, I have called three times about claim CLM00263. Nobody helps me. Agent: I sincerely apologise for the experience. Your claim for Rs. 17,612 shows: Vehicle used for commercial purposes under personal policy. Customer: My Kia Sonet is sitting in the garage for weeks. I need this resolved now or I am cancelling everything.",,
INT001409,C0081,Call,Inbound,2025-02-17 14:21:00,,"Customer: I keep getting SMS reminders about overdue payments for policy POL00644. Agent: Yes Anvi, there are 2 pending payments of Rs. 17,020 total. Customer: Your auto-debit failed twice and now you are charging me late fees. This is your system error. Agent: Let me check the transaction logs. I can see the auto-debit attempts were declined by your bank. Customer: Fine, but waive the late fees at least. Otherwise I will let the policy lapse.",,
INT001410,C0081,Call,Inbound,2024-12-18 16:42:00,,"Customer: I keep getting SMS reminders about overdue payments for policy POL00608. Agent: Yes Anvi, there are 2 pending payments of Rs. 17,020 total. Customer: Your auto-debit failed twice and now you are charging me late fees. This is your system error. Agent: Let me check the transaction logs. I can see the auto-debit attempts were declined by your bank. Customer: Fine, but waive the late fees at least. Otherwise I will let the policy lapse.",,
INT001411,C0056,Email,Inbound,2024-11-21 12:51:00,,"Subject: Formal Complaint - Claim CLM00113 Wrongly Rejected Dear Sir/Madam, I am writing to formally complain about the rejection of my motor insurance claim CLM00113 dated 2025-09-02. The claim was for Rs. 338,111 due to Fire. The rejection reason given was: Incomplete documentation: FIR copy missing. I find this unacceptable as all required documents including the FIR copy, photographs, and repair estimate were submitted within the stipulated timeframe. I demand an immediate review. If not resolved within 7 working days, I will file a complaint with the Insurance Ombudsman and IRDAI. Policy: POL00327 Claim: CLM00113 Regards, Ajay Deshpande",,
INT001412,C0019,Call,Inbound,2025-04-28 16:10:00,,"Customer: I need to update the registration address on my policy POL00733. I moved from Delhi to Pune. Agent: Sure Sara, I can help with that. I will need a copy of your new address proof. Customer: I will email it today. How long does the update take? Agent: Typically 2-3 working days after we receive the documents.",,
INT001413,C0341,Call,Inbound,2025-02-08 11:57:00,,"Customer: Hi, I have a question about my motor insurance policy POL00132. Agent: Of course, Manisha. How can I help? Customer: Does my comprehensive plan cover windshield damage without affecting my NCB? Agent: Yes, windshield claims up to Rs. 5,000 are covered under the zero-depreciation add-on without impacting your No Claim Bonus. Customer: Perfect, good to know. Thanks.",,
INT001414,C0053,Call,Inbound,2025-01-02 17:03:00,,"Customer: I want to cancel my policy POL00208 immediately. Agent: I am sorry to hear that, Ritvik. May I ask the reason? Customer: Your claim service is terrible. My claim N/A was rejected unfairly, I have overdue payment issues, and nobody follows up. I am done with SecureLife Motor Insurance. Agent: I understand your frustration. Let me connect you with our retention team who can review your concerns and possibly offer a resolution. Customer: I have given enough chances. Just process the cancellation.",,
INT001415,C0246,Call,Inbound,2024-10-30 09:20:00,,"Customer: Hi, I have a question about my motor insurance policy POL00560. Agent: Of course, Ishaan. How can I help? Customer: Does my comprehensive plan cover windshield damage without affecting my NCB? Agent: Yes, windshield claims up to Rs. 5,000 are covered under the zero-depreciation add-on without impacting your No Claim Bonus. Customer: Perfect, good to know. Thanks.",,
INT001416,C0056,Call,Inbound,2025-05-22 16:27:00,,"Customer: I need to update the registration address on my policy POL00053. I moved from Delhi to Pune. Agent: Sure Ajay, I can help with that. I will need a copy of your new address proof. Customer: I will email it today. How long does the update take? Agent: Typically 2-3 working days after we receive the documents.",,
INT001417,C0028,Call,Inbound,2025-03-14 14:15:00,,"Agent: Good evening, Ayaan. This is Anita G. from SecureLife Motor Insurance. Your policy POL00590 for your Kia Sonet is due for renewal on 2026-07-17. Would you like to renew? Customer: Yes, I am happy with the coverage. Please send me the renewal documents. Agent: Wonderful. I will process this right away. Thank you for continuing with us.",,
INT001418,C0120,Call,Inbound,2025-07-11 15:58:00,,"Customer: Hi, I have a question about my motor insurance policy POL00161. Agent: Of course, Manisha. How can I help? Customer: Does my comprehensive plan cover windshield damage without affecting my NCB? Agent: Yes, windshield claims up to Rs. 5,000 are covered under the zero-depreciation add-on without impacting your No Claim Bonus. Customer: Perfect, good to know. Thanks.",,
INT001419,C0258,Call,Outbound,2025-01-23 13:13:00,,"Agent: Good morning, Anvi. This is Priya S. from SecureLife Motor Insurance. I am calling to remind you that your premium payment of Rs. 6,099 for policy POL00711 was due recently. Would you like to make the payment now? Customer: Oh yes, I forgot. Can I pay through UPI right now? Agent: Absolutely. I will send you a payment link on WhatsApp. The payment is Rs. 6,099. Customer: Got it. Let me pay now. Done. Agent: Payment received. Thank you, Anvi. Your policy remains active.",,
INT001420,C0328,Call,Inbound,2025-09-24 14:58:00,,"Agent: Good morning, Vijay. This is Meera R. from SecureLife Motor Insurance. Your policy POL00354 for your Hero Splendor Plus is due for renewal on 2026-06-09. Would you like to renew? Customer: Yes, I am happy with the coverage. Please send me the renewal documents. Agent: Wonderful. I will process this right away. Thank you for continuing with us.",,
INT001421,C0130,Call,Inbound,2025-07-07 18:04:00,,"Customer: Hi, I renewed my policy POL00716 online and the process was very smooth. Just wanted to give positive feedback. Agent: Thank you, Aarav! We are glad the digital renewal worked well for you. Customer: Yes, much better than last year. The app has improved a lot.",,
INT001422,C0076,Call,Inbound,2024-12-05 10:38:00,,"Customer: I am comparing motor insurance and SecureLife Motor Insurance seems overpriced. ICICI Lombard and New India Assurance both quoted lower for the same coverage on my Kia Seltos. Agent: Sunita, our plans include benefits like 24x7 roadside assistance and cashless repairs at 5,000+ garages. But let me see what special rate I can offer for your renewal. Customer: OK, but the difference needs to be significant for me to stay.",,
INT001423,C0225,Call,Inbound,2025-01-03 16:51:00,,"Customer: I need to update the registration address on my policy POL00685. I moved from Delhi to Pune. Agent: Sure Karan, I can help with that. I will need a copy of your new address proof. Customer: I will email it today. How long does the update take? Agent: Typically 2-3 working days after we receive the documents.",,
INT001424,C0096,Call,Inbound,2025-05-17 13:50:00,,"Agent: Good evening, Deepa. This is Arun K. from SecureLife Motor Insurance. Your policy POL00652 for your Hyundai Creta is due for renewal on 2026-07-26. Would you like to renew? Customer: Yes, I am happy with the coverage. Please send me the renewal documents. Agent: Wonderful. I will process this right away. Thank you for continuing with us.",,
INT001425,C0478,Call,Inbound,2025-04-08 16:16:00,,"Customer: I just wanted to call and say thank you. Rohit B. helped me with my claim last week and the experience was excellent. Very professional. Agent: Thank you so much, Anand. We really appreciate your kind words. Is there anything else? Customer: No, keep up the good work. I have already recommended SecureLife Motor Insurance to my colleagues.",,
INT001426,C0248,Call,Inbound,2025-01-08 16:28:00,,"Agent: Good evening, Rajesh. This is Raj M. from SecureLife Motor Insurance. Your policy POL00410 for your Royal Enfield Classic 350 is due for renewal on 2026-03-17. Would you like to renew? Customer: Yes, I am happy with the coverage. Please send me the renewal documents. Agent: Wonderful. I will process this right away. Thank you for continuing with us.",,
INT001427,C0463,Email,Inbound,2025-04-11 14:31:00,,"Agent: Good evening, Tanvi. This is Rohit B. from SecureLife Motor Insurance. Your policy POL00381 for your Tata Punch is due for renewal on 2026-04-01. Would you like to renew? Customer: Yes, I am happy with the coverage. Please send me the renewal documents. Agent: Wonderful. I will process this right away. Thank you for continuing with us.",,
INT001428,C0343,Call,Inbound,2024-12-01 09:20:00,,"Customer: Hi, I just received the settlement for claim CLM00022. Rs. 51,312 credited. Agent: Yes Tanvi, glad to confirm. Your Third Party Liability claim has been fully processed. Customer: Excellent. I appreciate the quick turnaround. Will definitely renew my policy.",,
INT001429,C0095,Call,Inbound,2024-12-10 12:17:00,,"Customer: I received a quote from Bajaj Allianz for my Mahindra Bolero Pickup that is 20% cheaper than what I pay you. Agent: Ritvik, I understand price is important. Let me check if we have any loyalty discounts available for your policy POL00158. Your current premium is Rs. 31,900. Customer: Please do. If you cannot match it, I will have to switch. Agent: I will have our retention team call you back with the best possible offer within 48 hours.",,
INT001430,C0024,Call,Inbound,2024-11-20 12:15:00,,"Customer: Hi, I have a question about my motor insurance policy POL00408. Agent: Of course, Varun. How can I help? Customer: Does my comprehensive plan cover windshield damage without affecting my NCB? Agent: Yes, windshield claims up to Rs. 5,000 are covered under the zero-depreciation add-on without impacting your No Claim Bonus. Customer: Perfect, good to know. Thanks.",,
INT001431,C0467,Call,Inbound,2024-09-28 14:39:00,,"Customer: Hi, I have a question about my motor insurance policy POL00190. Agent: Of course, Komal. How can I help? Customer: Does my comprehensive plan cover windshield damage without affecting my NCB? Agent: Yes, windshield claims up to Rs. 5,000 are covered under the zero-depreciation add-on without impacting your No Claim Bonus. Customer: Perfect, good to know. Thanks.",,
INT001432,C0161,Email,Inbound,2025-09-28 17:31:00,,"Agent: Good evening, Dhruv. This is Arun K. from SecureLife Motor Insurance. Your policy POL00501 for your Maruti Suzuki Brezza is due for renewal on 2025-07-26. Would you like to renew? Customer: Yes, I am happy with the coverage. Please send me the renewal documents. Agent: Wonderful. I will process this right away. Thank you for continuing with us.",,
INT001433,C0392,Call,Inbound,2025-02-23 12:03:00,,"Customer: I need to update the registration address on my policy POL00753. I moved from Delhi to Pune. Agent: Sure Ramesh, I can help with that. I will need a copy of your new address proof. Customer: I will email it today. How long does the update take? Agent: Typically 2-3 working days after we receive the documents.",,
INT001434,C0241,Email,Inbound,2025-09-15 18:31:00,,"Subject: Thank you - Claim CLM00116 Settled Dear SecureLife Motor Insurance Team, I am writing to thank you for the prompt settlement of my claim CLM00116. The amount of Rs. 7,459 was credited to my account within the promised timeline. Special thanks to the surveyor and claims team for the professional handling. I will definitely continue with SecureLife Motor Insurance. Warm regards, Rohit Tiwari",,
INT001435,C0256,Email,Inbound,2024-10-25 09:28:00,,"Agent: Good afternoon, Priya. This is Divya P. from SecureLife Motor Insurance. Your policy POL00748 for your Honda Activa 6G is due for renewal on 2025-12-05. Would you like to renew? Customer: Yes, I am happy with the coverage. Please send me the renewal documents. Agent: Wonderful. I will process this right away. Thank you for continuing with us.",,
INT001436,C0308,WhatsApp,Inbound,2025-09-20 16:39:00,,"Arjun: Just received the claim settlement. Thank you! Very quick service this time. Agent: Glad to hear it, Arjun! Is there anything else you need help with? Arjun: No, all good. Will renew my policy next month.",,
INT001437,C0024,Call,Inbound,2025-09-20 14:39:00,,"Customer: I want to cancel my policy POL00407 immediately. Agent: I am sorry to hear that, Varun. May I ask the reason? Customer: Your claim service is terrible. My claim CLM00186 was rejected unfairly, I have overdue payment issues, and nobody follows up. I am done with SecureLife Motor Insurance. Agent: I understand your frustration. Let me connect you with our retention team who can review your concerns and possibly offer a resolution. Customer: I have given enough chances. Just process the cancellation.",,
INT001438,C0011,Call,Inbound,2025-07-06 13:51:00,,"Customer: Hello, I would like to cancel policy POL00011 for my Maruti Suzuki Brezza. Agent: Zara, I am sorry to hear this. Can I understand what went wrong? Customer: I found much better rates with ICICI Lombard. Your premium of Rs. 21,750 is not competitive. Agent: We do have loyalty discounts and NCB benefits. Shall I check what we can offer? Customer: I already compared. Please just cancel it.",,
INT001439,C0284,Call,Inbound,2025-09-25 16:21:00,,"Customer: I need to update the registration address on my policy POL00603. I moved from Delhi to Pune. Agent: Sure Dinesh, I can help with that. I will need a copy of your new address proof. Customer: I will email it today. How long does the update take? Agent: Typically 2-3 working days after we receive the documents.",,
INT001440,C0392,Call,Inbound,2025-07-18 15:33:00,,"Customer: I need to update the registration address on my policy POL00753. I moved from Delhi to Pune. Agent: Sure Ramesh, I can help with that. I will need a copy of your new address proof. Customer: I will email it today. How long does the update take? Agent: Typically 2-3 working days after we receive the documents.",,
INT001441,C0080,Call,Inbound,2025-06-23 09:26:00,,"Agent: Good afternoon, this is Priya S. from SecureLife Motor Insurance. Am I speaking with Aarohi? Customer: Yes. What is it? Agent: I am calling regarding your policy POL00446. We notice 2 overdue payment(s) totalling Rs. 38,120. Customer: I know, I have been having some financial difficulties. The premium of Rs. 19,060 is too high. Agent: I understand. We can discuss flexible payment options. Would you like to switch to quarterly payments? Customer: Maybe. But honestly I am thinking of not renewing at all. It is too expensive.",,
INT001442,C0230,Call,Inbound,2024-12-22 12:35:00,,"Customer: Hi, I renewed my policy POL00263 online and the process was very smooth. Just wanted to give positive feedback. Agent: Thank you, Avni! We are glad the digital renewal worked well for you. Customer: Yes, much better than last year. The app has improved a lot.",,
INT001443,C0015,Call,Inbound,2025-08-02 13:46:00,,"Customer: Hi, my policy POL00420 is coming up for renewal on 2026-03-28. What is the renewal premium? Agent: Good evening, Suresh. Let me check. Your current premium is Rs. 25,190. With your NCB benefits, the renewal premium would be slightly lower. I will email you the exact quote. Customer: OK, and can I add zero-depreciation cover this time? Agent: Absolutely. I will include that in the quote. You should receive it within 24 hours.",,
INT001444,C0159,Call,Outbound,2024-10-11 12:36:00,,"Agent: Hello Aanya, this is a courtesy call from SecureLife Motor Insurance. Your policy POL00074 has an upcoming payment. We wanted to ensure there are no issues with your auto-debit setup. Customer: Thanks for checking. I changed my bank account recently. Let me update the auto-debit mandate. Agent: I can help you with that right now if you have your new bank details handy.",,
INT001445,C0068,Call,Inbound,2025-01-07 10:27:00,,"Customer: I keep getting SMS reminders about overdue payments for policy POL00765. Agent: Yes Sachin, there are 1 pending payments of Rs. 3,650 total. Customer: Your auto-debit failed twice and now you are charging me late fees. This is your system error. Agent: Let me check the transaction logs. I can see the auto-debit attempts were declined by your bank. Customer: Fine, but waive the late fees at least. Otherwise I will let the policy lapse.",,
INT001446,C0102,Call,Inbound,2025-04-02 18:22:00,,"Agent: Good afternoon, Dhruv. This is Vikram D. from SecureLife Motor Insurance. Your policy POL00138 for your Honda Activa 6G is due for renewal on 2026-03-14. Would you like to renew? Customer: Yes, I am happy with the coverage. Please send me the renewal documents. Agent: Wonderful. I will process this right away. Thank you for continuing with us.",,
INT001447,C0125,Email,Inbound,2025-03-31 09:18:00,,"Customer: Hi, I have a question about my motor insurance policy POL00416. Agent: Of course, Reyansh. How can I help? Customer: Does my comprehensive plan cover windshield damage without affecting my NCB? Agent: Yes, windshield claims up to Rs. 5,000 are covered under the zero-depreciation add-on without impacting your No Claim Bonus. Customer: Perfect, good to know. Thanks.",,
INT001448,C0043,Email,Inbound,2025-07-13 12:21:00,,"Subject: Disappointed with Claim Service - Policy POL00169 Dear SecureLife Motor Insurance Team, This is regarding my pending claim CLM00028 for Accident. It has been several weeks since I filed the claim for Rs. 194,512 and I have received no proper update. My Honda City is still at the garage and I am bearing daily commute expenses. I have been a loyal customer but this experience has been very poor. Please expedite the resolution. Regards, Ishaan Rao",,
INT001449,C0150,Email,Inbound,2025-08-01 09:50:00,,"Agent: Good morning, Nikhil. This is Priya S. from SecureLife Motor Insurance. Your policy POL00492 for your Hero Splendor Plus is due for renewal on 2026-01-30. Would you like to renew? Customer: Yes, I am happy with the coverage. Please send me the renewal documents. Agent: Wonderful. I will process this right away. Thank you for continuing with us.",,
INT001450,C0048,Call,Inbound,2025-03-05 15:00:00,,"Customer: Hi, I have a question about my motor insurance policy POL00250. Agent: Of course, Rajesh. How can I help? Customer: Does my comprehensive plan cover windshield damage without affecting my NCB? Agent: Yes, windshield claims up to Rs. 5,000 are covered under the zero-depreciation add-on without impacting your No Claim Bonus. Customer: Perfect, good to know. Thanks.",,
INT001451,C0061,Call,Inbound,2025-02-17 10:14:00,,"Customer: I am comparing motor insurance and SecureLife Motor Insurance seems overpriced. ICICI Lombard and New India Assurance both quoted lower for the same coverage on my Bajaj Pulsar 150. Agent: Ritvik, our plans include benefits like 24x7 roadside assistance and cashless repairs at 5,000+ garages. But let me see what special rate I can offer for your renewal. Customer: OK, but the difference needs to be significant for me to stay.",,
INT001452,C0009,Call,Inbound,2025-09-11 17:37:00,,"Customer: Hello, I would like to cancel policy POL00595 for my Kia Sonet. Agent: Shivam, I am sorry to hear this. Can I understand what went wrong? Customer: I found much better rates with ICICI Lombard. Your premium of Rs. 17,610 is not competitive. Agent: We do have loyalty discounts and NCB benefits. Shall I check what we can offer? Customer: I already compared. Please just cancel it.",,
INT001453,C0081,WhatsApp,Inbound,2024-10-30 15:19:00,,"Anvi: Hi, I need help with claim N/A. It was rejected and I disagree with the reason. Agent: Hello Anvi, I am sorry about this. Let me pull up your details. Anvi: The reason given is 'N/A' but that is wrong. My documents were complete. Agent: I understand. Let me escalate this for review. You will receive a callback within 24 hours. Anvi: Please make sure someone actually calls this time.",,
INT001454,C0158,Email,Inbound,2024-10-28 15:13:00,,"Subject: Thank you - Claim CLM00209 Settled Dear SecureLife Motor Insurance Team, I am writing to thank you for the prompt settlement of my claim CLM00209. The amount of Rs. 3,148 was credited to my account within the promised timeline. Special thanks to the surveyor and claims team for the professional handling. I will definitely continue with SecureLife Motor Insurance. Warm regards, Gaurav Kulkarni",,
INT001455,C0207,Call,Inbound,2025-01-23 09:33:00,,"Customer: Hi, I have a question about my motor insurance policy POL00557. Agent: Of course, Vikram. How can I help? Customer: Does my comprehensive plan cover windshield damage without affecting my NCB? Agent: Yes, windshield claims up to Rs. 5,000 are covered under the zero-depreciation add-on without impacting your No Claim Bonus. Customer: Perfect, good to know. Thanks.",,
INT001456,C0121,WhatsApp,Inbound,2025-05-18 13:41:00,,"Prisha: Just received the claim settlement. Thank you! Very quick service this time. Agent: Glad to hear it, Prisha! Is there anything else you need help with? Prisha: No, all good. Will renew my policy next month.",,
INT001457,C0402,Email,Inbound,2025-06-12 18:58:00,,"Agent: Good afternoon, Ravi. This is Priya S. from SecureLife Motor Insurance. Your policy POL00591 for your Tata Ace Gold is due for renewal on 2026-06-09. Would you like to renew? Customer: Yes, I am happy with the coverage. Please send me the renewal documents. Agent: Wonderful. I will process this right away. Thank you for continuing with us.",,
INT001458,C0281,Email,Inbound,2025-01-18 11:53:00,,"Customer: I need to update the registration address on my policy POL00586. I moved from Delhi to Pune. Agent: Sure Mohit, I can help with that. I will need a copy of your new address proof. Customer: I will email it today. How long does the update take? Agent: Typically 2-3 working days after we receive the documents.",,
INT001459,C0039,Call,Inbound,2025-06-13 10:31:00,,"Agent: Good evening, Preeti. This is Rohit B. from SecureLife Motor Insurance. Your policy POL00605 for your Honda City is due for renewal on 2026-07-07. Would you like to renew? Customer: Yes, I am happy with the coverage. Please send me the renewal documents. Agent: Wonderful. I will process this right away. Thank you for continuing with us.",,
INT001460,C0488,Email,Inbound,2025-06-03 17:18:00,,"Customer: Hi, I have a question about my motor insurance policy POL00527. Agent: Of course, Dhruv. How can I help? Customer: Does my comprehensive plan cover windshield damage without affecting my NCB? Agent: Yes, windshield claims up to Rs. 5,000 are covered under the zero-depreciation add-on without impacting your No Claim Bonus. Customer: Perfect, good to know. Thanks.",,
INT001461,C0056,Call,Inbound,2025-03-23 16:14:00,,"Customer: I want to cancel my policy POL00327 immediately. Agent: I am sorry to hear that, Ajay. May I ask the reason? Customer: Your claim service is terrible. My claim CLM00182 was rejected unfairly, I have overdue payment issues, and nobody follows up. I am done with SecureLife Motor Insurance. Agent: I understand your frustration. Let me connect you with our retention team who can review your concerns and possibly offer a resolution. Customer: I have given enough chances. Just process the cancellation.",,
INT001462,C0045,Call,Inbound,2025-07-02 11:50:00,,"Customer: Hello, I would like to cancel policy POL00311 for my Maruti Suzuki Swift. Agent: Komal, I am sorry to hear this. Can I understand what went wrong? Customer: I found much better rates with ICICI Lombard. Your premium of Rs. 5,978 is not competitive. Agent: We do have loyalty discounts and NCB benefits. Shall I check what we can offer? Customer: I already compared. Please just cancel it.",,
INT001463,C0454,Email,Inbound,2025-03-26 09:35:00,,"Customer: I need to update the registration address on my policy POL00356. I moved from Delhi to Pune. Agent: Sure Navya, I can help with that. I will need a copy of your new address proof. Customer: I will email it today. How long does the update take? Agent: Typically 2-3 working days after we receive the documents.",,
INT001464,C0073,Email,Inbound,2025-08-11 15:02:00,,"Subject: Request to Cancel Policy POL00755 Dear Sir/Madam, I wish to cancel my motor insurance policy POL00755 for my Toyota Innova Crysta. My reasons are: 1. Premium of Rs. 42,340 is not competitive compared to other insurers. 2. Poor claim settlement experience. 3. Unresponsive customer service. Please process the cancellation and refund any applicable pro-rata premium. Regards, Ishaan Yadav",,
INT001465,C0089,Call,Inbound,2025-04-11 09:54:00,,"Customer: I need to update the registration address on my policy POL00049. I moved from Delhi to Pune. Agent: Sure Naveen, I can help with that. I will need a copy of your new address proof. Customer: I will email it today. How long does the update take? Agent: Typically 2-3 working days after we receive the documents.",,
INT001466,C0099,Call,Inbound,2024-11-26 15:47:00,,"Customer: I received a quote from Bajaj Allianz for my Tata Ace Gold that is 20% cheaper than what I pay you. Agent: Shalini, I understand price is important. Let me check if we have any loyalty discounts available for your policy POL00044. Your current premium is Rs. 16,070. Customer: Please do. If you cannot match it, I will have to switch. Agent: I will have our retention team call you back with the best possible offer within 48 hours.",,
INT001467,C0373,Call,Inbound,2024-12-17 09:16:00,,"Customer: I need to update the registration address on my policy POL00710. I moved from Delhi to Pune. Agent: Sure Rakesh, I can help with that. I will need a copy of your new address proof. Customer: I will email it today. How long does the update take? Agent: Typically 2-3 working days after we receive the documents.",,
INT001468,C0249,WhatsApp,Inbound,2025-05-25 18:25:00,,"Rohit: Hi, I renewed my policy POL00004 online. Got the documents instantly. Great experience! Agent: Thank you Rohit! Happy to hear the digital process worked well. Drive safe!",,
INT001469,C0377,Email,Inbound,2025-05-07 10:19:00,,"Customer: I need to update the registration address on my policy POL00452. I moved from Delhi to Pune. Agent: Sure Sunita, I can help with that. I will need a copy of your new address proof. Customer: I will email it today. How long does the update take? Agent: Typically 2-3 working days after we receive the documents.",,
INT001470,C0433,Call,Inbound,2025-06-23 13:09:00,,"Customer: Hi, I renewed my policy POL00252 online and the process was very smooth. Just wanted to give positive feedback. Agent: Thank you, Mohit! We are glad the digital renewal worked well for you. Customer: Yes, much better than last year. The app has improved a lot.",,
INT001471,C0044,Call,Inbound,2025-08-14 12:34:00,,"Agent: Good evening, this is Anita G. from SecureLife Motor Insurance. Am I speaking with Sunita? Customer: Yes. What is it? Agent: I am calling regarding your policy POL00225. We notice 9 overdue payment(s) totalling Rs. 111,654. Customer: I know, I have been having some financial difficulties. The premium of Rs. 40,990 is too high. Agent: I understand. We can discuss flexible payment options. Would you like to switch to quarterly payments? Customer: Maybe. But honestly I am thinking of not renewing at all. It is too expensive.",,
INT001472,C0016,WhatsApp,Inbound,2025-07-18 16:21:00,,"Ritvik: My policy POL00704 payment failed again. This is the third time. Agent: Sorry about that, Ritvik. Let me check what happened with the auto-debit. Ritvik: I have sufficient balance. Your system is broken. Fix it or I am switching. Agent: I will raise a technical ticket immediately. In the meantime, here is a direct payment link.",,
INT001473,C0052,WhatsApp,Inbound,2025-02-16 11:30:00,,"Manoj: Hi, I need help with claim N/A. It was rejected and I disagree with the reason. Agent: Hello Manoj, I am sorry about this. Let me pull up your details. Manoj: The reason given is 'N/A' but that is wrong. My documents were complete. Agent: I understand. Let me escalate this for review. You will receive a callback within 24 hours. Manoj: Please make sure someone actually calls this time.",,
INT001474,C0051,Call,Inbound,2025-01-21 17:59:00,,"Agent: Good evening, this is Meera R. from SecureLife Motor Insurance. Am I speaking with Ira? Customer: Yes. What is it? Agent: I am calling regarding your policy POL00185. We notice 5 overdue payment(s) totalling Rs. 435. Customer: I know, I have been having some financial difficulties. The premium of Rs. 1,043 is too high. Agent: I understand. We can discuss flexible payment options. Would you like to switch to quarterly payments? Customer: Maybe. But honestly I am thinking of not renewing at all. It is too expensive.",,
INT001475,C0032,Call,Inbound,2025-02-11 16:58:00,,"Customer: I want to cancel my policy POL00331 immediately. Agent: I am sorry to hear that, Dinesh. May I ask the reason? Customer: Your claim service is terrible. My claim N/A was rejected unfairly, I have overdue payment issues, and nobody follows up. I am done with SecureLife Motor Insurance. Agent: I understand your frustration. Let me connect you with our retention team who can review your concerns and possibly offer a resolution. Customer: I have given enough chances. Just process the cancellation.",,
INT001476,C0225,Call,Inbound,2025-03-15 17:28:00,,"Customer: I need to update the registration address on my policy POL00685. I moved from Delhi to Pune. Agent: Sure Karan, I can help with that. I will need a copy of your new address proof. Customer: I will email it today. How long does the update take? Agent: Typically 2-3 working days after we receive the documents.",,
INT001477,C0235,Call,Inbound,2025-08-22 12:26:00,,"Customer: Hi, I have a question about my motor insurance policy POL00550. Agent: Of course, Pranav. How can I help? Customer: Does my comprehensive plan cover windshield damage without affecting my NCB? Agent: Yes, windshield claims up to Rs. 5,000 are covered under the zero-depreciation add-on without impacting your No Claim Bonus. Customer: Perfect, good to know. Thanks.",,
INT001478,C0327,WhatsApp,Inbound,2024-09-30 18:56:00,,"Dinesh: Hi, I renewed my policy POL00579 online. Got the documents instantly. Great experience! Agent: Thank you Dinesh! Happy to hear the digital process worked well. Drive safe!",,
INT001479,C0088,Email,Inbound,2025-09-12 12:04:00,,"Subject: Formal Complaint - Claim CLM00048 Wrongly Rejected Dear Sir/Madam, I am writing to formally complain about the rejection of my motor insurance claim CLM00048 dated 2025-01-28. The claim was for Rs. 432,148 due to Natural Disaster. The rejection reason given was: Claim filed after the stipulated 48-hour reporting window. I find this unacceptable as all required documents including the FIR copy, photographs, and repair estimate were submitted within the stipulated timeframe. I demand an immediate review. If not resolved within 7 working days, I will file a complaint with the Insurance Ombudsman and IRDAI. Policy: POL00625 Claim: CLM00048 Regards, Manoj Das",,
INT001480,C0462,Call,Inbound,2025-09-07 12:35:00,,"Customer: I need to update the registration address on my policy POL00382. I moved from Delhi to Pune. Agent: Sure Ramesh, I can help with that. I will need a copy of your new address proof. Customer: I will email it today. How long does the update take? Agent: Typically 2-3 working days after we receive the documents.",,
INT001481,C0114,Email,Inbound,2025-03-09 15:17:00,,"Subject: Thank you - Claim CLM00065 Settled Dear SecureLife Motor Insurance Team, I am writing to thank you for the prompt settlement of my claim CLM00065. The amount of Rs. 10,766 was credited to my account within the promised timeline. Special thanks to the surveyor and claims team for the professional handling. I will definitely continue with SecureLife Motor Insurance. Warm regards, Karan Ghosh",,
INT001482,C0006,Call,Inbound,2025-01-15 17:53:00,,"Agent: Good morning, this is Priya S. from SecureLife Motor Insurance. Am I speaking with Diya? Customer: Yes. What is it? Agent: I am calling regarding your policy POL00146. We notice 2 overdue payment(s) totalling Rs. 1,260. Customer: I know, I have been having some financial difficulties. The premium of Rs. 2,520 is too high. Agent: I understand. We can discuss flexible payment options. Would you like to switch to quarterly payments? Customer: Maybe. But honestly I am thinking of not renewing at all. It is too expensive.",,
INT001483,C0469,Call,Inbound,2024-10-21 12:36:00,,"Agent: Good afternoon, Ashok. This is Arun K. from SecureLife Motor Insurance. Your policy POL00425 for your Maruti Suzuki Swift is due for renewal on 2026-06-06. Would you like to renew? Customer: Yes, I am happy with the coverage. Please send me the renewal documents. Agent: Wonderful. I will process this right away. Thank you for continuing with us.",,
INT001484,C0466,Call,Inbound,2024-10-19 15:49:00,,"Customer: Hi, my policy POL00516 is coming up for renewal on 2026-05-02. What is the renewal premium? Agent: Good morning, Arjun. Let me check. Your current premium is Rs. 39,800. With your NCB benefits, the renewal premium would be slightly lower. I will email you the exact quote. Customer: OK, and can I add zero-depreciation cover this time? Agent: Absolutely. I will include that in the quote. You should receive it within 24 hours.",,
INT001485,C0257,Call,Inbound,2025-09-09 11:26:00,,"Customer: I need to update the registration address on my policy POL00691. I moved from Delhi to Pune. Agent: Sure Manisha, I can help with that. I will need a copy of your new address proof. Customer: I will email it today. How long does the update take? Agent: Typically 2-3 working days after we receive the documents.",,
INT001486,C0335,Email,Inbound,2025-04-09 10:40:00,,"Customer: Hi, I have a question about my motor insurance policy POL00039. Agent: Of course, Shaurya. How can I help? Customer: Does my comprehensive plan cover windshield damage without affecting my NCB? Agent: Yes, windshield claims up to Rs. 5,000 are covered under the zero-depreciation add-on without impacting your No Claim Bonus. Customer: Perfect, good to know. Thanks.",,
INT001487,C0357,Call,Inbound,2025-02-28 11:04:00,,"Customer: Hi, I have a question about my motor insurance policy POL00270. Agent: Of course, Rashmi. How can I help? Customer: Does my comprehensive plan cover windshield damage without affecting my NCB? Agent: Yes, windshield claims up to Rs. 5,000 are covered under the zero-depreciation add-on without impacting your No Claim Bonus. Customer: Perfect, good to know. Thanks.",,
INT001488,C0038,WhatsApp,Inbound,2024-10-30 09:25:00,,"Shivam: My policy POL00210 payment failed again. This is the third time. Agent: Sorry about that, Shivam. Let me check what happened with the auto-debit. Shivam: I have sufficient balance. Your system is broken. Fix it or I am switching. Agent: I will raise a technical ticket immediately. In the meantime, here is a direct payment link.",,
INT001489,C0079,Email,Inbound,2024-12-31 15:26:00,,"Subject: Disappointed with Claim Service - Policy POL00631 Dear SecureLife Motor Insurance Team, This is regarding my pending claim CLM00181 for Natural Disaster. It has been several weeks since I filed the claim for Rs. 182,150 and I have received no proper update. My Ashok Leyland Dost is still at the garage and I am bearing daily commute expenses. I have been a loyal customer but this experience has been very poor. Please expedite the resolution. Regards, Sai Agarwal",,
INT001490,C0026,Email,Inbound,2025-08-01 13:02:00,,"Subject: Formal Complaint - Claim CLM00080 Wrongly Rejected Dear Sir/Madam, I am writing to formally complain about the rejection of my motor insurance claim CLM00080 dated 2024-02-08. The claim was for Rs. 19,083 due to Accident. The rejection reason given was: Damage not covered under Third Party Only plan. I find this unacceptable as all required documents including the FIR copy, photographs, and repair estimate were submitted within the stipulated timeframe. I demand an immediate review. If not resolved within 7 working days, I will file a complaint with the Insurance Ombudsman and IRDAI. Policy: POL00456 Claim: CLM00080 Regards, Reyansh Deshpande",,
INT001491,C0116,Call,Outbound,2025-06-19 18:01:00,,"Agent: Hello Ajay, this is a courtesy call from SecureLife Motor Insurance. Your policy POL00081 has an upcoming payment. We wanted to ensure there are no issues with your auto-debit setup. Customer: Thanks for checking. I changed my bank account recently. Let me update the auto-debit mandate. Agent: I can help you with that right now if you have your new bank details handy.",,
INT001492,C0002,Call,Inbound,2025-09-08 16:00:00,,"Customer: I keep getting SMS reminders about overdue payments for policy POL00512. Agent: Yes Ashok, there are 6 pending payments of Rs. 11,425 total. Customer: Your auto-debit failed twice and now you are charging me late fees. This is your system error. Agent: Let me check the transaction logs. I can see the auto-debit attempts were declined by your bank. Customer: Fine, but waive the late fees at least. Otherwise I will let the policy lapse.",,
INT001493,C0334,Email,Inbound,2025-08-27 12:10:00,,"Customer: Hi, I have a question about my motor insurance policy POL00669. Agent: Of course, Swati. How can I help? Customer: Does my comprehensive plan cover windshield damage without affecting my NCB? Agent: Yes, windshield claims up to Rs. 5,000 are covered under the zero-depreciation add-on without impacting your No Claim Bonus. Customer: Perfect, good to know. Thanks.",,
INT001494,C0273,Email,Inbound,2024-12-08 16:42:00,,"Customer: Hi, my policy POL00399 is coming up for renewal on 2025-10-15. What is the renewal premium? Agent: Good morning, Reyansh. Let me check. Your current premium is Rs. 6,923. With your NCB benefits, the renewal premium would be slightly lower. I will email you the exact quote. Customer: OK, and can I add zero-depreciation cover this time? Agent: Absolutely. I will include that in the quote. You should receive it within 24 hours.",,
INT001495,C0494,Call,Inbound,2025-01-21 14:18:00,,"Customer: Hi, I renewed my policy POL00792 online and the process was very smooth. Just wanted to give positive feedback. Agent: Thank you, Swati! We are glad the digital renewal worked well for you. Customer: Yes, much better than last year. The app has improved a lot.",,
INT001496,C0011,Call,Inbound,2025-01-28 18:11:00,,"Customer: I received a quote from Bajaj Allianz for my Maruti Suzuki Brezza that is 20% cheaper than what I pay you. Agent: Zara, I understand price is important. Let me check if we have any loyalty discounts available for your policy POL00011. Your current premium is Rs. 21,750. Customer: Please do. If you cannot match it, I will have to switch. Agent: I will have our retention team call you back with the best possible offer within 48 hours.",,
INT001497,C0139,Email,Inbound,2025-03-28 14:41:00,,"Customer: I need to update the registration address on my policy POL00695. I moved from Delhi to Pune. Agent: Sure Vihaan, I can help with that. I will need a copy of your new address proof. Customer: I will email it today. How long does the update take? Agent: Typically 2-3 working days after we receive the documents.",,
INT001498,C0044,Call,Inbound,2025-02-03 09:39:00,,"Customer: I keep getting SMS reminders about overdue payments for policy POL00789. Agent: Yes Sunita, there are 9 pending payments of Rs. 111,654 total. Customer: Your auto-debit failed twice and now you are charging me late fees. This is your system error. Agent: Let me check the transaction logs. I can see the auto-debit attempts were declined by your bank. Customer: Fine, but waive the late fees at least. Otherwise I will let the policy lapse.",,
INT001499,C0375,WhatsApp,Inbound,2025-06-04 14:37:00,,"Ira: Just received the claim settlement. Thank you! Very quick service this time. Agent: Glad to hear it, Ira! Is there anything else you need help with? Ira: No, all good. Will renew my policy next month.",,
INT001500,C0002,Call,Inbound,2024-12-05 15:16:00,,"Customer: I keep getting SMS reminders about overdue payments for policy POL00549. Agent: Yes Ashok, there are 6 pending payments of Rs. 11,425 total. Customer: Your auto-debit failed twice and now you are charging me late fees. This is your system error. Agent: Let me check the transaction logs. I can see the auto-debit attempts were declined by your bank. Customer: Fine, but waive the late fees at least. Otherwise I will let the policy lapse.",,
