payment_id,policy_id,customer_id,due_date,paid_date,amount,status,payment_method,late_fee
PAY000001,POL00001,C0018,2023-04-28,2023-05-14,440.0,Paid,UPI,17.6
PAY000002,POL00001,C0018,2023-07-27,2023-07-29,440.0,Paid,Credit Card,0
PAY000003,POL00001,C0018,2023-10-25,2023-11-26,440.0,Overdue,Net Banking,22.0
PAY000004,POL00001,C0018,2024-01-23,2024-01-30,440.0,Paid,Cash,8.8
PAY000005,POL00001,C0018,2024-04-22,2024-05-11,440.0,Overdue,Debit Card,22.0
PAY000006,POL00002,C0243,2024-06-09,2024-06-14,752.0,Paid,Credit Card,15.04
PAY000007,POL00002,C0243,2025-06-04,2025-06-06,752.0,Paid,UPI,0
PAY000008,POL00003,C0365,2024-06-05,2024-06-07,16240.0,Paid,Credit Card,0
PAY000009,POL00003,C0365,2024-12-02,2024-12-01,16240.0,Paid,Auto Debit,0
PAY000010,POL00003,C0365,2025-05-31,2025-06-02,16240.0,Paid,Credit Card,0
PAY000011,POL00004,C0249,2024-04-10,2024-04-09,2190.0,Paid,UPI,0
PAY000012,POL00004,C0249,2025-04-05,2025-04-07,2190.0,Paid,Credit Card,0
PAY000013,POL00005,C0158,2024-09-06,2024-09-08,40770.0,Paid,Credit Card,0
PAY000014,POL00005,C0158,2025-09-01,2025-09-06,40770.0,Paid,Auto Debit,815.4
PAY000015,POL00006,C0472,2024-01-08,2024-01-13,1678.5,Paid,Credit Card,33.57
PAY000016,POL00006,C0472,2024-04-07,2024-04-08,1678.5,Paid,Net Banking,0
PAY000017,POL00006,C0472,2024-07-06,2024-07-05,1678.5,Paid,Auto Debit,0
PAY000018,POL00006,C0472,2024-10-04,2024-10-06,1678.5,Paid,UPI,0
PAY000019,POL00006,C0472,2025-01-02,,1678.5,Failed,Auto Debit,0
PAY000020,POL00007,C0050,2024-09-27,2024-10-10,25170.0,Paid,UPI,503.4
PAY000021,POL00007,C0050,2025-09-22,2025-10-05,25170.0,Paid,Credit Card,503.4
PAY000022,POL00008,C0224,2025-07-31,2025-07-31,1840.0,Paid,Debit Card,0
PAY000023,POL00009,C0412,2023-10-28,2023-10-29,3139.17,Paid,Debit Card,0
PAY000024,POL00009,C0412,2023-11-27,,3139.17,Pending,,0
PAY000025,POL00009,C0412,2023-12-27,2023-12-29,3139.17,Paid,Credit Card,0
PAY000026,POL00009,C0412,2024-01-26,,3139.17,Failed,Credit Card,0
PAY000027,POL00009,C0412,2024-02-25,2024-02-23,3139.17,Paid,UPI,0
PAY000028,POL00009,C0412,2024-03-26,2024-05-07,3139.17,Overdue,Auto Debit,156.96
PAY000029,POL00009,C0412,2024-04-25,,3139.17,Pending,,0
PAY000030,POL00009,C0412,2024-05-25,2024-05-26,3139.17,Paid,Net Banking,0
PAY000031,POL00009,C0412,2024-06-24,2024-06-24,3139.17,Paid,UPI,0
PAY000032,POL00009,C0412,2024-07-24,2024-07-24,3139.17,Paid,Credit Card,0
PAY000033,POL00009,C0412,2024-08-23,2024-08-25,3139.17,Paid,UPI,0
PAY000034,POL00009,C0412,2024-09-22,,3139.17,Pending,,0
PAY000035,POL00009,C0412,2024-10-22,,3139.17,Pending,,0
PAY000036,POL00010,C0049,2024-11-13,,15850.0,Pending,,0
PAY000037,POL00010,C0049,2025-02-11,,15850.0,Failed,Auto Debit,0
PAY000038,POL00010,C0049,2025-05-12,2025-06-01,15850.0,Paid,Debit Card,634.0
PAY000039,POL00010,C0049,2025-08-10,,15850.0,Overdue,,0
PAY000040,POL00011,C0011,2023-07-02,,21750.0,Failed,Credit Card,0
PAY000041,POL00011,C0011,2024-06-26,2024-06-28,21750.0,Paid,Auto Debit,0
PAY000042,POL00012,C0316,2023-10-30,2023-11-04,1290.0,Paid,Cash,25.8
PAY000043,POL00012,C0316,2024-04-27,2024-04-29,1290.0,Paid,Auto Debit,0
PAY000044,POL00012,C0316,2024-10-24,2024-10-23,1290.0,Paid,Cash,0
PAY000045,POL00013,C0408,2024-03-23,,8140.0,Failed,Net Banking,0
PAY000046,POL00013,C0408,2024-06-21,2024-06-21,8140.0,Paid,UPI,0
PAY000047,POL00013,C0408,2024-09-19,2024-09-22,8140.0,Paid,Net Banking,0
PAY000048,POL00013,C0408,2024-12-18,2024-12-19,8140.0,Paid,Credit Card,0
PAY000049,POL00013,C0408,2025-03-18,2025-03-21,8140.0,Paid,Net Banking,0
PAY000050,POL00014,C0005,2023-12-10,2023-12-13,8527.5,Paid,UPI,0
PAY000051,POL00014,C0005,2024-03-09,2024-03-24,8527.5,Paid,UPI,341.1
PAY000052,POL00014,C0005,2024-06-07,,8527.5,Overdue,,0
PAY000053,POL00014,C0005,2024-09-05,2024-09-08,8527.5,Paid,Auto Debit,0
PAY000054,POL00014,C0005,2024-12-04,2024-12-04,8527.5,Paid,UPI,0
PAY000055,POL00015,C0044,2025-03-24,2025-04-11,572.5,Paid,Credit Card,22.9
PAY000056,POL00015,C0044,2025-09-20,,572.5,Pending,,0
PAY000057,POL00016,C0132,2023-06-01,2023-06-06,65290.0,Paid,Credit Card,1305.8
PAY000058,POL00016,C0132,2024-05-26,2024-05-26,65290.0,Paid,Credit Card,0
PAY000059,POL00017,C0090,2025-06-12,2025-06-26,18390.0,Paid,UPI,735.6
PAY000060,POL00018,C0164,2023-05-20,2023-05-24,12390.0,Paid,Credit Card,247.8
PAY000061,POL00018,C0164,2023-11-16,,12390.0,Pending,,0
PAY000062,POL00018,C0164,2024-05-14,,12390.0,Pending,,0
PAY000063,POL00019,C0118,2025-02-24,2025-02-22,5891.0,Paid,UPI,0
PAY000064,POL00020,C0487,2024-05-26,2024-05-27,1700.0,Paid,Debit Card,0
PAY000065,POL00020,C0487,2024-11-22,2024-11-21,1700.0,Paid,Debit Card,0
PAY000066,POL00020,C0487,2025-05-21,2025-05-24,1700.0,Paid,Net Banking,0
PAY000067,POL00021,C0003,2023-10-10,,11880.0,Overdue,,0
PAY000068,POL00021,C0003,2024-04-07,2024-04-20,11880.0,Paid,UPI,237.6
PAY000069,POL00021,C0003,2024-10-04,,11880.0,Failed,Credit Card,0
PAY000070,POL00022,C0375,2023-10-26,2023-10-27,2934.5,Paid,UPI,0
PAY000071,POL00022,C0375,2024-04-23,2024-04-22,2934.5,Paid,Debit Card,0
PAY000072,POL00022,C0375,2024-10-20,2024-10-24,2934.5,Paid,UPI,58.69
PAY000073,POL00023,C0083,2023-10-10,,38360.0,Overdue,,0
PAY000074,POL00023,C0083,2024-10-04,,38360.0,Pending,,0
PAY000075,POL00024,C0349,2025-08-13,2025-08-15,12890.0,Paid,Auto Debit,0
PAY000076,POL00025,C0098,2025-02-15,2025-03-02,1445.0,Paid,UPI,57.8
PAY000077,POL00025,C0098,2025-08-14,2025-08-31,1445.0,Paid,Net Banking,57.8
PAY000078,POL00026,C0464,2024-04-20,2024-04-22,5470.0,Paid,UPI,0
PAY000079,POL00026,C0464,2024-10-17,2024-10-17,5470.0,Paid,Credit Card,0
PAY000080,POL00026,C0464,2025-04-15,2025-04-15,5470.0,Paid,UPI,0
PAY000081,POL00027,C0091,2025-08-21,,883.0,Pending,,0
PAY000082,POL00028,C0330,2024-04-17,2024-04-18,54130.0,Paid,Auto Debit,0
PAY000083,POL00028,C0330,2025-04-12,2025-04-12,54130.0,Paid,UPI,0
PAY000084,POL00029,C0440,2024-01-17,,47190.0,Pending,,0
PAY000085,POL00029,C0440,2025-01-11,,47190.0,Pending,,0
PAY000086,POL00030,C0425,2023-09-15,2023-09-17,30210.0,Paid,Net Banking,0
PAY000087,POL00030,C0425,2024-09-09,2024-09-10,30210.0,Paid,Credit Card,0
PAY000088,POL00031,C0396,2024-09-16,2024-10-17,562.5,Overdue,Net Banking,28.12
PAY000089,POL00031,C0396,2024-12-15,2024-12-20,562.5,Paid,Credit Card,11.25
PAY000090,POL00031,C0396,2025-03-15,2025-03-13,562.5,Paid,Credit Card,0
PAY000091,POL00031,C0396,2025-06-13,2025-06-15,562.5,Paid,UPI,0
PAY000092,POL00031,C0396,2025-09-11,,562.5,Pending,,0
PAY000093,POL00032,C0170,2023-04-29,2023-04-30,782.92,Paid,Net Banking,0
PAY000094,POL00032,C0170,2023-05-29,2023-05-29,782.92,Paid,Cash,0
PAY000095,POL00032,C0170,2023-06-28,,782.92,Overdue,,0
PAY000096,POL00032,C0170,2023-07-28,2023-07-29,782.92,Paid,Net Banking,0
PAY000097,POL00032,C0170,2023-08-27,2023-08-25,782.92,Paid,UPI,0
PAY000098,POL00032,C0170,2023-09-26,,782.92,Pending,,0
PAY000099,POL00032,C0170,2023-10-26,2023-10-28,782.92,Paid,UPI,0
PAY000100,POL00032,C0170,2023-11-25,2023-11-29,782.92,Paid,UPI,15.66
PAY000101,POL00032,C0170,2023-12-25,2024-01-19,782.92,Overdue,Net Banking,39.15
PAY000102,POL00032,C0170,2024-01-24,,782.92,Pending,,0
PAY000103,POL00032,C0170,2024-02-23,2024-02-28,782.92,Paid,UPI,15.66
PAY000104,POL00032,C0170,2024-03-24,2024-03-23,782.92,Paid,Net Banking,0
PAY000105,POL00032,C0170,2024-04-23,2024-04-24,782.92,Paid,Credit Card,0
PAY000106,POL00033,C0151,2024-11-13,2024-11-17,1713.5,Paid,Net Banking,34.27
PAY000107,POL00033,C0151,2025-05-12,2025-05-17,1713.5,Paid,Auto Debit,34.27
PAY000108,POL00034,C0103,2024-04-11,,2110.0,Pending,,0
PAY000109,POL00034,C0103,2025-04-06,2025-04-06,2110.0,Paid,Debit Card,0
PAY000110,POL00035,C0452,2024-04-01,2024-03-30,3962.5,Paid,Net Banking,0
PAY000111,POL00035,C0452,2024-06-30,,3962.5,Pending,,0
PAY000112,POL00035,C0452,2024-09-28,2024-10-02,3962.5,Paid,Net Banking,79.25
PAY000113,POL00035,C0452,2024-12-27,2024-12-26,3962.5,Paid,UPI,0
PAY000114,POL00035,C0452,2025-03-27,2025-03-31,3962.5,Paid,Net Banking,79.25
PAY000115,POL00036,C0076,2023-06-18,,208.33,Pending,,0
PAY000116,POL00036,C0076,2023-07-18,,208.33,Failed,Net Banking,0
PAY000117,POL00036,C0076,2023-08-17,,208.33,Overdue,,0
PAY000118,POL00036,C0076,2023-09-16,,208.33,Overdue,,0
PAY000119,POL00036,C0076,2023-10-16,,208.33,Overdue,,0
PAY000120,POL00036,C0076,2023-11-15,,208.33,Overdue,,0
PAY000121,POL00036,C0076,2023-12-15,2023-12-31,208.33,Paid,Net Banking,8.33
PAY000122,POL00036,C0076,2024-01-14,,208.33,Overdue,,0
PAY000123,POL00036,C0076,2024-02-13,,208.33,Pending,,0
PAY000124,POL00036,C0076,2024-03-14,2024-03-21,208.33,Paid,Credit Card,4.17
PAY000125,POL00036,C0076,2024-04-13,,208.33,Failed,Net Banking,0
PAY000126,POL00036,C0076,2024-05-13,2024-05-19,208.33,Paid,Cash,4.17
PAY000127,POL00036,C0076,2024-06-12,,208.33,Failed,Auto Debit,0
PAY000128,POL00037,C0354,2024-06-07,2024-06-07,19300.0,Paid,Debit Card,0
PAY000129,POL00037,C0354,2025-06-02,2025-05-31,19300.0,Paid,Auto Debit,0
PAY000130,POL00038,C0314,2025-01-31,2025-02-03,5795.0,Paid,UPI,0
PAY000131,POL00038,C0314,2025-07-30,,5795.0,Failed,Credit Card,0
PAY000132,POL00039,C0335,2025-05-20,2025-05-19,496.0,Paid,UPI,0
PAY000133,POL00040,C0451,2023-04-28,2023-04-26,3410.0,Paid,UPI,0
PAY000134,POL00040,C0451,2024-04-22,2024-04-26,3410.0,Paid,UPI,68.2
PAY000135,POL00041,C0376,2024-08-25,2024-08-29,8965.0,Paid,Cash,179.3
PAY000136,POL00041,C0376,2025-02-21,2025-02-20,8965.0,Paid,Net Banking,0
PAY000137,POL00041,C0376,2025-08-20,2025-08-23,8965.0,Paid,Credit Card,0
PAY000138,POL00042,C0293,2024-05-17,2024-05-15,7050.0,Paid,UPI,0
PAY000139,POL00042,C0293,2024-08-15,2024-08-17,7050.0,Paid,Auto Debit,0
PAY000140,POL00042,C0293,2024-11-13,2024-11-15,7050.0,Paid,UPI,0
PAY000141,POL00042,C0293,2025-02-11,2025-02-15,7050.0,Paid,Cash,141.0
PAY000142,POL00042,C0293,2025-05-12,2025-05-14,7050.0,Paid,Debit Card,0
PAY000143,POL00043,C0205,2023-08-26,2023-08-30,21310.0,Paid,Net Banking,426.2
PAY000144,POL00043,C0205,2024-02-22,2024-02-25,21310.0,Paid,Debit Card,0
PAY000145,POL00043,C0205,2024-08-20,2024-08-18,21310.0,Paid,Auto Debit,0
PAY000146,POL00044,C0099,2025-06-28,,16070.0,Pending,,0
PAY000147,POL00045,C0454,2024-03-15,2024-03-18,8110.0,Paid,Net Banking,0
PAY000148,POL00045,C0454,2024-09-11,2024-09-09,8110.0,Paid,Credit Card,0
PAY000149,POL00045,C0454,2025-03-10,2025-03-12,8110.0,Paid,Debit Card,0
PAY000150,POL00046,C0089,2025-08-21,,1167.25,Pending,,0
PAY000151,POL00047,C0250,2023-06-14,2023-06-12,21030.0,Paid,Net Banking,0
PAY000152,POL00047,C0250,2024-06-08,2024-06-11,21030.0,Paid,UPI,0
PAY000153,POL00048,C0420,2024-09-21,2024-09-25,4380.0,Paid,Debit Card,87.6
PAY000154,POL00048,C0420,2025-09-16,2025-10-27,4380.0,Overdue,UPI,219.0
PAY000155,POL00049,C0089,2023-07-16,2023-07-17,5050.0,Paid,Net Banking,0
PAY000156,POL00049,C0089,2024-07-10,2024-07-27,5050.0,Paid,UPI,202.0
PAY000157,POL00050,C0274,2024-03-30,,396.5,Failed,Auto Debit,0
PAY000158,POL00050,C0274,2024-09-26,2024-09-30,396.5,Paid,UPI,7.93
PAY000159,POL00050,C0274,2025-03-25,2025-03-25,396.5,Paid,UPI,0
PAY000160,POL00051,C0450,2024-10-28,2024-11-02,1940.0,Paid,Net Banking,38.8
PAY000161,POL00052,C0233,2024-01-21,,6517.5,Overdue,,0
PAY000162,POL00052,C0233,2024-04-20,2024-04-24,6517.5,Paid,UPI,130.35
PAY000163,POL00052,C0233,2024-07-19,2024-07-18,6517.5,Paid,Net Banking,0
PAY000164,POL00052,C0233,2024-10-17,2024-10-17,6517.5,Paid,UPI,0
PAY000165,POL00052,C0233,2025-01-15,,6517.5,Pending,,0
PAY000166,POL00053,C0056,2024-05-21,2024-06-04,8655.0,Paid,Auto Debit,346.2
PAY000167,POL00053,C0056,2024-11-17,2024-12-01,8655.0,Paid,Credit Card,346.2
PAY000168,POL00053,C0056,2025-05-16,,8655.0,Pending,,0
PAY000169,POL00054,C0443,2025-06-11,2025-06-09,11390.0,Paid,UPI,0
PAY000170,POL00055,C0247,2023-09-24,2023-09-28,2830.0,Paid,Net Banking,56.6
PAY000171,POL00055,C0247,2023-10-24,2023-10-24,2830.0,Paid,UPI,0
PAY000172,POL00055,C0247,2023-11-23,2023-11-26,2830.0,Paid,Net Banking,0
PAY000173,POL00055,C0247,2023-12-23,2023-12-21,2830.0,Paid,Auto Debit,0
PAY000174,POL00055,C0247,2024-01-22,2024-01-22,2830.0,Paid,Cash,0
PAY000175,POL00055,C0247,2024-02-21,2024-02-23,2830.0,Paid,Auto Debit,0
PAY000176,POL00055,C0247,2024-03-22,2024-03-26,2830.0,Paid,UPI,56.6
PAY000177,POL00055,C0247,2024-04-21,2024-04-21,2830.0,Paid,UPI,0
PAY000178,POL00055,C0247,2024-05-21,2024-05-22,2830.0,Paid,Debit Card,0
PAY000179,POL00055,C0247,2024-06-20,,2830.0,Overdue,,0
PAY000180,POL00055,C0247,2024-07-20,2024-07-24,2830.0,Paid,Auto Debit,56.6
PAY000181,POL00055,C0247,2024-08-19,2024-08-24,2830.0,Paid,Credit Card,56.6
PAY000182,POL00055,C0247,2024-09-18,,2830.0,Pending,,0
PAY000183,POL00056,C0115,2025-04-19,2025-04-22,10740.0,Paid,Cash,0
PAY000184,POL00057,C0116,2023-07-27,,5830.0,Pending,,0
PAY000185,POL00057,C0116,2024-07-21,2024-07-21,5830.0,Paid,UPI,0
PAY000186,POL00058,C0133,2025-03-26,2025-03-27,32790.0,Paid,Net Banking,0
PAY000187,POL00059,C0331,2024-06-24,,1632.0,Overdue,,0
PAY000188,POL00059,C0331,2024-12-21,2024-12-23,1632.0,Paid,UPI,0
PAY000189,POL00059,C0331,2025-06-19,2025-06-23,1632.0,Paid,UPI,32.64
PAY000190,POL00060,C0370,2024-06-28,2024-06-30,375.0,Paid,Credit Card,0
PAY000191,POL00060,C0370,2024-09-26,2024-09-26,375.0,Paid,Auto Debit,0
PAY000192,POL00060,C0370,2024-12-25,2025-01-17,375.0,Overdue,Auto Debit,18.75
PAY000193,POL00060,C0370,2025-03-25,2025-03-30,375.0,Paid,UPI,7.5
PAY000194,POL00060,C0370,2025-06-23,2025-06-28,375.0,Paid,Credit Card,7.5
PAY000195,POL00061,C0204,2024-03-31,2024-03-30,2587.5,Paid,Net Banking,0
PAY000196,POL00061,C0204,2024-09-27,,2587.5,Failed,Net Banking,0
PAY000197,POL00061,C0204,2025-03-26,2025-03-27,2587.5,Paid,Credit Card,0
PAY000198,POL00062,C0042,2024-07-29,,22495.0,Overdue,,0
PAY000199,POL00062,C0042,2025-01-25,2025-01-28,22495.0,Paid,UPI,0
PAY000200,POL00062,C0042,2025-07-24,,22495.0,Failed,Credit Card,0
PAY000201,POL00063,C0091,2024-01-22,,1350.0,Overdue,,0
PAY000202,POL00063,C0091,2024-07-20,,1350.0,Failed,Net Banking,0
PAY000203,POL00063,C0091,2025-01-16,2025-01-14,1350.0,Paid,Credit Card,0
PAY000204,POL00064,C0368,2023-12-05,2023-12-04,30590.0,Paid,Credit Card,0
PAY000205,POL00064,C0368,2024-11-29,2024-11-30,30590.0,Paid,Auto Debit,0
PAY000206,POL00065,C0325,2024-03-03,2024-03-04,13700.0,Paid,UPI,0
PAY000207,POL00065,C0325,2024-08-30,2024-08-31,13700.0,Paid,UPI,0
PAY000208,POL00065,C0325,2025-02-26,2025-02-26,13700.0,Paid,UPI,0
PAY000209,POL00066,C0099,2024-01-04,,1103.0,Failed,Net Banking,0
PAY000210,POL00066,C0099,2024-12-29,,1103.0,Failed,Net Banking,0
PAY000211,POL00067,C0012,2025-05-28,2025-06-17,22670.0,Paid,Debit Card,906.8
PAY000212,POL00068,C0371,2024-07-08,2024-07-07,639.0,Paid,Debit Card,0
PAY000213,POL00068,C0371,2025-07-03,2025-07-08,639.0,Paid,Net Banking,12.78
PAY000214,POL00069,C0422,2024-10-02,2024-10-01,9640.0,Paid,Auto Debit,0
PAY000215,POL00069,C0422,2025-09-27,2025-09-27,9640.0,Paid,UPI,0
PAY000216,POL00070,C0115,2024-07-31,2024-08-03,2090.0,Paid,UPI,0
PAY000217,POL00070,C0115,2025-01-27,2025-01-28,2090.0,Paid,Auto Debit,0
PAY000218,POL00070,C0115,2025-07-26,,2090.0,Overdue,,0
PAY000219,POL00071,C0470,2023-11-20,2023-11-21,2010.0,Paid,Net Banking,0
PAY000220,POL00071,C0470,2024-11-14,2024-11-13,2010.0,Paid,UPI,0
PAY000221,POL00072,C0178,2024-07-09,2024-07-12,5057.0,Paid,UPI,0
PAY000222,POL00072,C0178,2025-07-04,2025-07-04,5057.0,Paid,Net Banking,0
PAY000223,POL00073,C0391,2024-06-22,,2500.0,Pending,,0
PAY000224,POL00073,C0391,2025-06-17,2025-06-19,2500.0,Paid,Auto Debit,0
PAY000225,POL00074,C0159,2025-03-11,2025-03-15,7185.0,Paid,Cash,143.7
PAY000226,POL00075,C0149,2024-03-25,2024-03-25,699.0,Paid,Auto Debit,0
PAY000227,POL00075,C0149,2025-03-20,2025-03-18,699.0,Paid,UPI,0
PAY000228,POL00076,C0219,2024-02-07,,14000.0,Pending,,0
PAY000229,POL00076,C0219,2025-02-01,2025-02-01,14000.0,Paid,Auto Debit,0
PAY000230,POL00077,C0335,2024-09-13,2024-09-18,8720.0,Paid,Credit Card,174.4
PAY000231,POL00077,C0335,2024-12-12,2024-12-13,8720.0,Paid,UPI,0
PAY000232,POL00077,C0335,2025-03-12,2025-03-16,8720.0,Paid,Debit Card,174.4
PAY000233,POL00077,C0335,2025-06-10,2025-06-10,8720.0,Paid,Auto Debit,0
PAY000234,POL00077,C0335,2025-09-08,,8720.0,Overdue,,0
PAY000235,POL00078,C0126,2023-09-21,2023-09-21,3000.0,Paid,Net Banking,0
PAY000236,POL00078,C0126,2024-09-15,2024-09-14,3000.0,Paid,UPI,0
PAY000237,POL00079,C0058,2023-07-11,2023-07-29,975.0,Paid,Credit Card,39.0
PAY000238,POL00079,C0058,2024-01-07,,975.0,Overdue,,0
PAY000239,POL00079,C0058,2024-07-05,,975.0,Failed,Credit Card,0
PAY000240,POL00080,C0222,2023-10-11,2023-10-11,14835.0,Paid,Net Banking,0
PAY000241,POL00080,C0222,2024-04-08,2024-04-06,14835.0,Paid,Debit Card,0
PAY000242,POL00080,C0222,2024-10-05,2024-10-06,14835.0,Paid,UPI,0
PAY000243,POL00081,C0116,2025-04-24,2025-04-23,650.83,Paid,UPI,0
PAY000244,POL00081,C0116,2025-05-24,2025-05-22,650.83,Paid,UPI,0
PAY000245,POL00081,C0116,2025-06-23,2025-06-27,650.83,Paid,Net Banking,13.02
PAY000246,POL00081,C0116,2025-07-23,2025-07-21,650.83,Paid,Auto Debit,0
PAY000247,POL00081,C0116,2025-08-22,2025-08-27,650.83,Paid,Debit Card,13.02
PAY000248,POL00081,C0116,2025-09-21,2025-09-20,650.83,Paid,Auto Debit,0
PAY000249,POL00082,C0226,2023-05-17,2023-05-21,848.0,Paid,Debit Card,16.96
PAY000250,POL00082,C0226,2024-05-11,2024-05-12,848.0,Paid,Auto Debit,0
PAY000251,POL00083,C0036,2023-12-18,2023-12-26,1185.0,Paid,Credit Card,23.7
PAY000252,POL00083,C0036,2024-06-15,2024-08-01,1185.0,Overdue,Debit Card,59.25
PAY000253,POL00083,C0036,2024-12-12,,1185.0,Failed,Net Banking,0
PAY000254,POL00084,C0036,2023-10-24,2023-11-08,19620.0,Paid,Credit Card,784.8
PAY000255,POL00084,C0036,2024-10-18,2024-10-25,19620.0,Paid,Net Banking,392.4
PAY000256,POL00085,C0260,2025-04-21,,15625.0,Pending,,0
PAY000257,POL00086,C0155,2023-09-20,2023-09-19,281.5,Paid,UPI,0
PAY000258,POL00086,C0155,2023-10-20,2023-10-18,281.5,Paid,Net Banking,0
PAY000259,POL00086,C0155,2023-11-19,2023-11-19,281.5,Paid,UPI,0
PAY000260,POL00086,C0155,2023-12-19,2023-12-21,281.5,Paid,Auto Debit,0
PAY000261,POL00086,C0155,2024-01-18,,281.5,Pending,,0
PAY000262,POL00086,C0155,2024-02-17,2024-02-22,281.5,Paid,Auto Debit,5.63
PAY000263,POL00086,C0155,2024-03-18,2024-03-16,281.5,Paid,Net Banking,0
PAY000264,POL00086,C0155,2024-04-17,,281.5,Pending,,0
PAY000265,POL00086,C0155,2024-05-17,2024-05-21,281.5,Paid,UPI,5.63
PAY000266,POL00086,C0155,2024-06-16,2024-06-20,281.5,Paid,Auto Debit,5.63
PAY000267,POL00086,C0155,2024-07-16,2024-07-15,281.5,Paid,Debit Card,0
PAY000268,POL00086,C0155,2024-08-15,2024-08-16,281.5,Paid,Cash,0
PAY000269,POL00086,C0155,2024-09-14,2024-09-19,281.5,Paid,Net Banking,5.63
PAY000270,POL00087,C0232,2025-07-07,2025-07-09,1560.83,Paid,Debit Card,0
PAY000271,POL00087,C0232,2025-08-06,2025-08-04,1560.83,Paid,Net Banking,0
PAY000272,POL00087,C0232,2025-09-05,2025-09-06,1560.83,Paid,Net Banking,0
PAY000273,POL00088,C0446,2024-03-18,2024-03-20,31830.0,Paid,Credit Card,0
PAY000274,POL00088,C0446,2025-03-13,2025-03-17,31830.0,Paid,UPI,636.6
PAY000275,POL00089,C0495,2025-06-07,2025-06-05,2740.0,Paid,Net Banking,0
PAY000276,POL00090,C0114,2024-12-17,2024-12-16,27680.0,Paid,Net Banking,0
PAY000277,POL00091,C0090,2023-11-27,,16980.0,Pending,,0
PAY000278,POL00091,C0090,2024-11-21,,16980.0,Overdue,,0
PAY000279,POL00092,C0412,2023-05-11,2023-05-14,7952.5,Paid,UPI,0
PAY000280,POL00092,C0412,2023-08-09,2023-08-13,7952.5,Paid,UPI,159.05
PAY000281,POL00092,C0412,2023-11-07,2023-11-06,7952.5,Paid,Credit Card,0
PAY000282,POL00092,C0412,2024-02-05,2024-03-29,7952.5,Overdue,UPI,397.62
PAY000283,POL00092,C0412,2024-05-05,2024-05-04,7952.5,Paid,UPI,0
PAY000284,POL00093,C0307,2025-06-28,,1870.0,Overdue,,0
PAY000285,POL00094,C0210,2024-06-03,2024-06-03,651.75,Paid,Net Banking,0
PAY000286,POL00094,C0210,2024-09-01,2024-08-31,651.75,Paid,Credit Card,0
PAY000287,POL00094,C0210,2024-11-30,2024-12-03,651.75,Paid,Auto Debit,0
PAY000288,POL00094,C0210,2025-02-28,,651.75,Pending,,0
PAY000289,POL00094,C0210,2025-05-29,2025-06-01,651.75,Paid,UPI,0
PAY000290,POL00095,C0339,2023-12-06,2023-12-05,2790.0,Paid,Net Banking,0
PAY000291,POL00095,C0339,2024-11-30,2024-11-29,2790.0,Paid,Credit Card,0
PAY000292,POL00096,C0302,2023-12-03,2023-12-05,16030.0,Paid,Net Banking,0
PAY000293,POL00096,C0302,2024-11-27,2024-11-26,16030.0,Paid,UPI,0
PAY000294,POL00097,C0296,2025-08-17,2025-08-17,21500.0,Paid,UPI,0
PAY000295,POL00098,C0097,2023-08-18,,16640.0,Overdue,,0
PAY000296,POL00098,C0097,2024-08-12,,16640.0,Pending,,0
PAY000297,POL00099,C0228,2023-11-01,2023-11-01,1890.0,Paid,UPI,0
PAY000298,POL00099,C0228,2024-10-26,2024-10-31,1890.0,Paid,UPI,37.8
PAY000299,POL00100,C0229,2025-08-21,2025-08-26,18070.0,Paid,UPI,361.4
PAY000300,POL00101,C0464,2025-02-04,2025-02-06,1325.0,Paid,Debit Card,0
PAY000301,POL00101,C0464,2025-08-03,2025-08-03,1325.0,Paid,UPI,0
PAY000302,POL00102,C0073,2024-09-20,,42690.0,Overdue,,0
PAY000303,POL00102,C0073,2025-09-15,2025-09-14,42690.0,Paid,UPI,0
PAY000304,POL00103,C0092,2025-01-17,,18350.0,Failed,Auto Debit,0
PAY000305,POL00104,C0120,2023-07-05,2023-07-05,30730.0,Paid,UPI,0
PAY000306,POL00104,C0120,2024-06-29,,30730.0,Overdue,,0
PAY000307,POL00105,C0088,2024-08-23,2024-09-08,3047.5,Paid,UPI,121.9
PAY000308,POL00105,C0088,2024-09-22,2024-11-01,3047.5,Overdue,UPI,152.38
PAY000309,POL00105,C0088,2024-10-22,,3047.5,Overdue,,0
PAY000310,POL00105,C0088,2024-11-21,2024-11-20,3047.5,Paid,Net Banking,0
PAY000311,POL00105,C0088,2024-12-21,2024-12-23,3047.5,Paid,UPI,0
PAY000312,POL00105,C0088,2025-01-20,,3047.5,Failed,Auto Debit,0
PAY000313,POL00105,C0088,2025-02-19,,3047.5,Overdue,,0
PAY000314,POL00105,C0088,2025-03-21,,3047.5,Overdue,,0
PAY000315,POL00105,C0088,2025-04-20,,3047.5,Failed,Net Banking,0
PAY000316,POL00105,C0088,2025-05-20,2025-05-20,3047.5,Paid,Net Banking,0
PAY000317,POL00105,C0088,2025-06-19,,3047.5,Overdue,,0
PAY000318,POL00105,C0088,2025-07-19,2025-08-19,3047.5,Overdue,Debit Card,152.38
PAY000319,POL00105,C0088,2025-08-18,2025-08-20,3047.5,Paid,Cash,0
PAY000320,POL00106,C0310,2025-07-16,2025-07-19,3305.0,Paid,UPI,0
PAY000321,POL00107,C0078,2023-04-15,2023-04-24,3930.0,Paid,Auto Debit,78.6
PAY000322,POL00107,C0078,2024-04-09,,3930.0,Overdue,,0
PAY000323,POL00108,C0455,2023-10-06,2023-10-05,585.0,Paid,Credit Card,0
PAY000324,POL00108,C0455,2024-09-30,,585.0,Pending,,0
PAY000325,POL00109,C0067,2025-03-07,,2920.0,Overdue,,0
PAY000326,POL00110,C0189,2025-02-16,2025-04-14,38390.0,Overdue,UPI,1919.5
PAY000327,POL00111,C0213,2024-02-28,2024-02-27,26410.0,Paid,Debit Card,0
PAY000328,POL00111,C0213,2025-02-22,2025-02-25,26410.0,Paid,UPI,0
PAY000329,POL00112,C0213,2025-01-27,2025-02-01,270.0,Paid,UPI,5.4
PAY000330,POL00112,C0213,2025-04-27,2025-04-28,270.0,Paid,UPI,0
PAY000331,POL00112,C0213,2025-07-26,2025-07-30,270.0,Paid,Credit Card,5.4
PAY000332,POL00113,C0479,2024-03-26,2024-03-24,9755.0,Paid,Cash,0
PAY000333,POL00113,C0479,2024-09-22,2024-09-21,9755.0,Paid,Auto Debit,0
PAY000334,POL00113,C0479,2025-03-21,2025-03-23,9755.0,Paid,Credit Card,0
PAY000335,POL00114,C0169,2024-01-12,2024-01-14,6153.0,Paid,UPI,0
PAY000336,POL00114,C0169,2025-01-06,2025-01-11,6153.0,Paid,Net Banking,123.06
PAY000337,POL00115,C0211,2024-06-20,2024-06-21,2490.0,Paid,Auto Debit,0
PAY000338,POL00115,C0211,2025-06-15,2025-06-15,2490.0,Paid,Credit Card,0
PAY000339,POL00116,C0414,2024-05-31,2024-06-05,12460.0,Paid,Debit Card,249.2
PAY000340,POL00116,C0414,2025-05-26,2025-05-25,12460.0,Paid,Cash,0
PAY000341,POL00117,C0382,2023-05-29,2023-05-29,23360.0,Paid,Cash,0
PAY000342,POL00117,C0382,2024-05-23,2024-05-25,23360.0,Paid,Auto Debit,0
PAY000343,POL00118,C0434,2023-04-20,2023-04-19,2900.0,Paid,UPI,0
PAY000344,POL00118,C0434,2024-04-14,2024-04-14,2900.0,Paid,Net Banking,0
PAY000345,POL00119,C0060,2024-09-22,,23190.0,Overdue,,0
PAY000346,POL00119,C0060,2025-09-17,2025-09-20,23190.0,Paid,UPI,0
PAY000347,POL00120,C0026,2023-07-21,,55620.0,Failed,Auto Debit,0
PAY000348,POL00120,C0026,2024-07-15,,55620.0,Pending,,0
PAY000349,POL00121,C0009,2023-06-20,,1102.0,Failed,Credit Card,0
PAY000350,POL00121,C0009,2023-09-18,2023-09-24,1102.0,Paid,Net Banking,22.04
PAY000351,POL00121,C0009,2023-12-17,,1102.0,Failed,Auto Debit,0
PAY000352,POL00121,C0009,2024-03-16,2024-03-18,1102.0,Paid,Net Banking,0
PAY000353,POL00121,C0009,2024-06-14,2024-06-20,1102.0,Paid,Cash,22.04
PAY000354,POL00122,C0194,2025-01-08,2025-01-12,1361.25,Paid,Net Banking,27.23
PAY000355,POL00122,C0194,2025-04-08,2025-04-09,1361.25,Paid,Cash,0
PAY000356,POL00122,C0194,2025-07-07,,1361.25,Pending,,0
PAY000357,POL00123,C0117,2024-06-16,,510.0,Overdue,,0
PAY000358,POL00123,C0117,2024-09-14,2024-09-16,510.0,Paid,Cash,0
PAY000359,POL00123,C0117,2024-12-13,2024-12-14,510.0,Paid,Net Banking,0
PAY000360,POL00123,C0117,2025-03-13,,510.0,Pending,,0
PAY000361,POL00123,C0117,2025-06-11,,510.0,Failed,Net Banking,0
PAY000362,POL00124,C0268,2023-08-05,2023-08-05,17090.0,Paid,Net Banking,0
PAY000363,POL00124,C0268,2024-07-30,2024-07-28,17090.0,Paid,Net Banking,0
PAY000364,POL00125,C0005,2023-09-22,2023-09-28,20425.0,Paid,Debit Card,408.5
PAY000365,POL00125,C0005,2024-03-20,2024-04-01,20425.0,Paid,Credit Card,408.5
PAY000366,POL00125,C0005,2024-09-16,2024-09-25,20425.0,Paid,Cash,408.5
PAY000367,POL00126,C0221,2024-09-25,2024-09-25,3239.0,Paid,Debit Card,0
PAY000368,POL00126,C0221,2025-09-20,2025-09-18,3239.0,Paid,Net Banking,0
PAY000369,POL00127,C0068,2025-02-18,2025-02-26,33470.0,Paid,UPI,669.4
PAY000370,POL00128,C0188,2025-07-28,2025-07-30,23360.0,Paid,Debit Card,0
PAY000371,POL00129,C0369,2025-01-31,2025-01-30,18260.0,Paid,Auto Debit,0
PAY000372,POL00130,C0013,2024-07-25,2024-07-25,4495.0,Paid,Cash,0
PAY000373,POL00130,C0013,2024-10-23,,4495.0,Overdue,,0
PAY000374,POL00130,C0013,2025-01-21,2025-02-07,4495.0,Paid,Cash,179.8
PAY000375,POL00130,C0013,2025-04-21,2025-04-29,4495.0,Paid,Auto Debit,89.9
PAY000376,POL00130,C0013,2025-07-20,,4495.0,Overdue,,0
PAY000377,POL00131,C0252,2025-01-31,2025-01-31,38760.0,Paid,UPI,0
PAY000378,POL00132,C0341,2023-09-28,2023-10-01,24490.0,Paid,Auto Debit,0
PAY000379,POL00132,C0341,2024-09-22,2024-09-24,24490.0,Paid,Credit Card,0
PAY000380,POL00133,C0409,2024-01-25,2024-01-25,2040.0,Paid,Cash,0
PAY000381,POL00133,C0409,2025-01-19,,2040.0,Overdue,,0
PAY000382,POL00134,C0469,2024-05-19,2024-05-22,2229.0,Paid,Debit Card,0
PAY000383,POL00134,C0469,2024-11-15,,2229.0,Failed,Net Banking,0
PAY000384,POL00134,C0469,2025-05-14,2025-06-08,2229.0,Overdue,Auto Debit,111.45
PAY000385,POL00135,C0014,2024-05-18,,2010.0,Failed,Credit Card,0
PAY000386,POL00135,C0014,2024-11-14,,2010.0,Pending,,0
PAY000387,POL00135,C0014,2025-05-13,2025-05-14,2010.0,Paid,UPI,0
PAY000388,POL00136,C0166,2023-11-25,,27990.0,Overdue,,0
PAY000389,POL00136,C0166,2024-11-19,,27990.0,Failed,Net Banking,0
PAY000390,POL00137,C0265,2025-04-27,,13740.0,Pending,,0
PAY000391,POL00138,C0102,2025-03-14,2025-03-16,815.0,Paid,Net Banking,0
PAY000392,POL00139,C0469,2025-07-22,,2380.0,Overdue,,0
PAY000393,POL00140,C0154,2023-08-30,2023-08-28,1020.0,Paid,Cash,0
PAY000394,POL00140,C0154,2024-02-26,2024-03-02,1020.0,Paid,Debit Card,20.4
PAY000395,POL00140,C0154,2024-08-24,,1020.0,Overdue,,0
PAY000396,POL00141,C0359,2024-11-01,2024-11-04,3300.0,Paid,Debit Card,0
PAY000397,POL00142,C0352,2025-07-25,2025-07-28,1690.0,Paid,Credit Card,0
PAY000398,POL00143,C0391,2023-08-27,,3191.5,Failed,Credit Card,0
PAY000399,POL00143,C0391,2024-02-23,2024-02-22,3191.5,Paid,UPI,0
PAY000400,POL00143,C0391,2024-08-21,,3191.5,Pending,,0
PAY000401,POL00144,C0151,2024-12-17,2024-12-18,13145.0,Paid,Cash,0
PAY000402,POL00144,C0151,2025-06-15,2025-06-13,13145.0,Paid,UPI,0
PAY000403,POL00145,C0004,2025-01-16,,555.0,Failed,Auto Debit,0
PAY000404,POL00145,C0004,2025-07-15,2025-07-24,555.0,Paid,UPI,11.1
PAY000405,POL00146,C0006,2024-10-03,2024-10-07,630.0,Paid,Net Banking,12.6
PAY000406,POL00146,C0006,2025-01-01,,630.0,Overdue,,0
PAY000407,POL00146,C0006,2025-04-01,,630.0,Failed,Auto Debit,0
PAY000408,POL00146,C0006,2025-06-30,2025-07-07,630.0,Paid,Credit Card,12.6
PAY000409,POL00146,C0006,2025-09-28,,630.0,Pending,,0
PAY000410,POL00147,C0187,2025-05-13,,3830.0,Pending,,0
PAY000411,POL00148,C0031,2024-11-17,,8120.0,Pending,,0
PAY000412,POL00148,C0031,2025-05-16,2025-06-02,8120.0,Paid,Credit Card,324.8
PAY000413,POL00149,C0457,2025-05-17,2025-05-20,21180.0,Paid,UPI,0
PAY000414,POL00150,C0408,2023-09-16,2023-09-19,1540.83,Paid,Credit Card,0
PAY000415,POL00150,C0408,2023-10-16,2023-10-14,1540.83,Paid,Net Banking,0
PAY000416,POL00150,C0408,2023-11-15,2023-11-13,1540.83,Paid,Net Banking,0
PAY000417,POL00150,C0408,2023-12-15,2023-12-13,1540.83,Paid,Credit Card,0
PAY000418,POL00150,C0408,2024-01-14,2024-01-18,1540.83,Paid,Auto Debit,30.82
PAY000419,POL00150,C0408,2024-02-13,,1540.83,Failed,Credit Card,0
PAY000420,POL00150,C0408,2024-03-14,2024-03-18,1540.83,Paid,Debit Card,30.82
PAY000421,POL00150,C0408,2024-04-13,2024-04-11,1540.83,Paid,Debit Card,0
PAY000422,POL00150,C0408,2024-05-13,,1540.83,Overdue,,0
PAY000423,POL00150,C0408,2024-06-12,2024-06-12,1540.83,Paid,Debit Card,0
PAY000424,POL00150,C0408,2024-07-12,,1540.83,Pending,,0
PAY000425,POL00150,C0408,2024-08-11,2024-08-13,1540.83,Paid,UPI,0
PAY000426,POL00150,C0408,2024-09-10,2024-09-13,1540.83,Paid,Auto Debit,0
PAY000427,POL00151,C0370,2025-08-11,2025-08-15,47990.0,Paid,Net Banking,959.8
PAY000428,POL00152,C0254,2025-08-08,2025-08-08,41050.0,Paid,UPI,0
PAY000429,POL00153,C0025,2025-02-04,2025-02-07,33300.0,Paid,Credit Card,0
PAY000430,POL00154,C0425,2025-07-20,2025-08-17,1065.0,Overdue,Cash,53.25
PAY000431,POL00155,C0500,2025-01-31,2025-01-31,821.0,Paid,Auto Debit,0
PAY000432,POL00156,C0137,2024-06-03,2024-06-02,34260.0,Paid,Net Banking,0
PAY000433,POL00156,C0137,2025-05-29,2025-05-27,34260.0,Paid,Credit Card,0
PAY000434,POL00157,C0084,2025-05-28,,1840.0,Overdue,,0
PAY000435,POL00158,C0095,2023-08-22,,31900.0,Failed,Auto Debit,0
PAY000436,POL00158,C0095,2024-08-16,,31900.0,Failed,Net Banking,0
PAY000437,POL00159,C0079,2023-06-21,2023-06-22,7540.0,Paid,UPI,0
PAY000438,POL00159,C0079,2024-06-15,2024-07-02,7540.0,Overdue,Credit Card,377.0
PAY000439,POL00160,C0195,2023-12-14,,21940.0,Overdue,,0
PAY000440,POL00160,C0195,2024-12-08,2024-12-09,21940.0,Paid,UPI,0
PAY000441,POL00161,C0120,2023-07-14,2023-07-18,2500.5,Paid,Net Banking,50.01
PAY000442,POL00161,C0120,2023-10-12,2023-10-12,2500.5,Paid,Auto Debit,0
PAY000443,POL00161,C0120,2024-01-10,2024-01-14,2500.5,Paid,Net Banking,50.01
PAY000444,POL00161,C0120,2024-04-09,2024-04-09,2500.5,Paid,Credit Card,0
PAY000445,POL00161,C0120,2024-07-08,2024-07-11,2500.5,Paid,Cash,0
PAY000446,POL00162,C0267,2024-10-20,,15750.0,Failed,Net Banking,0
PAY000447,POL00163,C0094,2025-02-16,2025-03-04,3703.0,Paid,Credit Card,148.12
PAY000448,POL00164,C0269,2024-08-12,,2778.33,Pending,,0
PAY000449,POL00164,C0269,2024-09-11,2024-09-11,2778.33,Paid,UPI,0
PAY000450,POL00164,C0269,2024-10-11,2024-10-15,2778.33,Paid,UPI,55.57
PAY000451,POL00164,C0269,2024-11-10,2024-11-11,2778.33,Paid,Cash,0
PAY000452,POL00164,C0269,2024-12-10,2024-12-10,2778.33,Paid,Debit Card,0
PAY000453,POL00164,C0269,2025-01-09,2025-02-16,2778.33,Overdue,Net Banking,138.92
PAY000454,POL00164,C0269,2025-02-08,2025-02-10,2778.33,Paid,Net Banking,0
PAY000455,POL00164,C0269,2025-03-10,2025-03-08,2778.33,Paid,Credit Card,0
PAY000456,POL00164,C0269,2025-04-09,2025-04-14,2778.33,Paid,UPI,55.57
PAY000457,POL00164,C0269,2025-05-09,2025-05-09,2778.33,Paid,UPI,0
PAY000458,POL00164,C0269,2025-06-08,2025-06-06,2778.33,Paid,UPI,0
PAY000459,POL00164,C0269,2025-07-08,2025-07-08,2778.33,Paid,UPI,0
PAY000460,POL00164,C0269,2025-08-07,2025-08-07,2778.33,Paid,UPI,0
PAY000461,POL00165,C0024,2025-03-16,,1202.5,Pending,,0
PAY000462,POL00165,C0024,2025-04-15,2025-06-05,1202.5,Overdue,Auto Debit,60.12
PAY000463,POL00165,C0024,2025-05-15,,1202.5,Overdue,,0
PAY000464,POL00165,C0024,2025-06-14,,1202.5,Overdue,,0
PAY000465,POL00165,C0024,2025-07-14,,1202.5,Failed,Credit Card,0
PAY000466,POL00165,C0024,2025-08-13,2025-08-28,1202.5,Paid,Net Banking,48.1
PAY000467,POL00165,C0024,2025-09-12,2025-11-03,1202.5,Overdue,Auto Debit,60.12
PAY000468,POL00166,C0323,2023-09-16,2023-09-21,20865.0,Paid,Credit Card,417.3
PAY000469,POL00166,C0323,2024-03-14,2024-03-13,20865.0,Paid,Net Banking,0
PAY000470,POL00166,C0323,2024-09-10,2024-09-08,20865.0,Paid,Debit Card,0
PAY000471,POL00167,C0313,2023-10-07,2023-10-08,22280.0,Paid,Net Banking,0
PAY000472,POL00167,C0313,2024-04-04,2024-04-05,22280.0,Paid,UPI,0
PAY000473,POL00167,C0313,2024-10-01,,22280.0,Pending,,0
PAY000474,POL00168,C0309,2023-04-21,2023-04-21,170.0,Paid,Net Banking,0
PAY000475,POL00168,C0309,2023-05-21,2023-05-21,170.0,Paid,Auto Debit,0
PAY000476,POL00168,C0309,2023-06-20,2023-06-22,170.0,Paid,Auto Debit,0
PAY000477,POL00168,C0309,2023-07-20,2023-07-20,170.0,Paid,UPI,0
PAY000478,POL00168,C0309,2023-08-19,2023-08-19,170.0,Paid,UPI,0
PAY000479,POL00168,C0309,2023-09-18,2023-09-19,170.0,Paid,Credit Card,0
PAY000480,POL00168,C0309,2023-10-18,2023-10-19,170.0,Paid,UPI,0
PAY000481,POL00168,C0309,2023-11-17,,170.0,Pending,,0
PAY000482,POL00168,C0309,2023-12-17,2023-12-16,170.0,Paid,UPI,0
PAY000483,POL00168,C0309,2024-01-16,2024-01-18,170.0,Paid,Credit Card,0
PAY000484,POL00168,C0309,2024-02-15,2024-02-14,170.0,Paid,UPI,0
PAY000485,POL00168,C0309,2024-03-16,,170.0,Pending,,0
PAY000486,POL00168,C0309,2024-04-15,,170.0,Pending,,0
PAY000487,POL00169,C0043,2025-02-17,,2758.0,Overdue,,0
PAY000488,POL00170,C0191,2023-10-25,2023-10-25,82.83,Paid,Debit Card,0
PAY000489,POL00170,C0191,2023-11-24,2023-11-24,82.83,Paid,UPI,0
PAY000490,POL00170,C0191,2023-12-24,2023-12-22,82.83,Paid,UPI,0
PAY000491,POL00170,C0191,2024-01-23,2024-01-23,82.83,Paid,UPI,0
PAY000492,POL00170,C0191,2024-02-22,2024-02-27,82.83,Paid,Net Banking,1.66
PAY000493,POL00170,C0191,2024-03-23,2024-04-13,82.83,Overdue,UPI,4.14
PAY000494,POL00170,C0191,2024-04-22,2024-04-20,82.83,Paid,Auto Debit,0
PAY000495,POL00170,C0191,2024-05-22,2024-05-21,82.83,Paid,Net Banking,0
PAY000496,POL00170,C0191,2024-06-21,,82.83,Overdue,,0
PAY000497,POL00170,C0191,2024-07-21,2024-07-19,82.83,Paid,Credit Card,0
PAY000498,POL00170,C0191,2024-08-20,,82.83,Overdue,,0
PAY000499,POL00170,C0191,2024-09-19,2024-09-20,82.83,Paid,Auto Debit,0
PAY000500,POL00170,C0191,2024-10-19,2024-10-24,82.83,Paid,Net Banking,1.66
PAY000501,POL00171,C0155,2024-01-21,,2828.0,Failed,Auto Debit,0
PAY000502,POL00171,C0155,2025-01-15,2025-01-16,2828.0,Paid,UPI,0
PAY000503,POL00172,C0274,2023-05-17,2023-05-15,40.67,Paid,Credit Card,0
PAY000504,POL00172,C0274,2023-06-16,,40.67,Pending,,0
PAY000505,POL00172,C0274,2023-07-16,2023-07-15,40.67,Paid,Net Banking,0
PAY000506,POL00172,C0274,2023-08-15,2023-08-13,40.67,Paid,Auto Debit,0
PAY000507,POL00172,C0274,2023-09-14,2023-09-15,40.67,Paid,UPI,0
PAY000508,POL00172,C0274,2023-10-14,2023-10-16,40.67,Paid,UPI,0
PAY000509,POL00172,C0274,2023-11-13,,40.67,Pending,,0
PAY000510,POL00172,C0274,2023-12-13,2023-12-15,40.67,Paid,UPI,0
PAY000511,POL00172,C0274,2024-01-12,2024-01-12,40.67,Paid,UPI,0
PAY000512,POL00172,C0274,2024-02-11,2024-02-12,40.67,Paid,Auto Debit,0
PAY000513,POL00172,C0274,2024-03-12,2024-03-10,40.67,Paid,Net Banking,0
PAY000514,POL00172,C0274,2024-04-11,2024-04-14,40.67,Paid,Cash,0
PAY000515,POL00172,C0274,2024-05-11,2024-05-15,40.67,Paid,Net Banking,0.81
PAY000516,POL00173,C0403,2024-08-11,2024-08-09,5630.0,Paid,Net Banking,0
PAY000517,POL00173,C0403,2025-08-06,2025-08-06,5630.0,Paid,UPI,0
PAY000518,POL00174,C0152,2023-07-24,2023-07-28,2110.0,Paid,Net Banking,42.2
PAY000519,POL00174,C0152,2024-07-18,2024-07-20,2110.0,Paid,Debit Card,0
PAY000520,POL00175,C0064,2025-03-12,,12652.5,Failed,Net Banking,0
PAY000521,POL00175,C0064,2025-06-10,,12652.5,Overdue,,0
PAY000522,POL00175,C0064,2025-09-08,2025-09-12,12652.5,Paid,Credit Card,253.05
PAY000523,POL00176,C0385,2025-05-18,2025-05-19,810.0,Paid,Debit Card,0
PAY000524,POL00177,C0386,2024-03-15,2024-03-18,1720.0,Paid,UPI,0
PAY000525,POL00177,C0386,2025-03-10,2025-03-14,1720.0,Paid,UPI,34.4
PAY000526,POL00178,C0176,2024-08-15,2024-08-15,7051.0,Paid,Net Banking,0
PAY000527,POL00178,C0176,2025-08-10,2025-08-09,7051.0,Paid,UPI,0
PAY000528,POL00179,C0448,2024-09-25,,13330.0,Pending,,0
PAY000529,POL00179,C0448,2025-09-20,2025-09-24,13330.0,Paid,Credit Card,266.6
PAY000530,POL00180,C0484,2023-09-13,,2050.0,Failed,Credit Card,0
PAY000531,POL00180,C0484,2024-09-07,2024-09-10,2050.0,Paid,UPI,0
PAY000532,POL00181,C0457,2023-11-15,2023-11-13,68770.0,Paid,Net Banking,0
PAY000533,POL00181,C0457,2024-11-09,2024-11-08,68770.0,Paid,Debit Card,0
PAY000534,POL00182,C0253,2025-01-02,,2383.0,Pending,,0
PAY000535,POL00182,C0253,2025-07-01,2025-07-02,2383.0,Paid,Debit Card,0
PAY000536,POL00183,C0152,2023-10-25,,17400.0,Failed,Credit Card,0
PAY000537,POL00183,C0152,2024-10-19,2024-10-23,17400.0,Paid,UPI,348.0
PAY000538,POL00184,C0147,2024-01-22,2024-01-25,11035.0,Paid,Auto Debit,0
PAY000539,POL00184,C0147,2024-04-21,,11035.0,Overdue,,0
PAY000540,POL00184,C0147,2024-07-20,,11035.0,Pending,,0
PAY000541,POL00184,C0147,2024-10-18,2024-10-23,11035.0,Paid,Cash,220.7
PAY000542,POL00184,C0147,2025-01-16,2025-01-19,11035.0,Paid,Credit Card,0
PAY000543,POL00185,C0051,2024-05-08,2024-05-13,86.92,Paid,UPI,1.74
PAY000544,POL00185,C0051,2024-06-07,2024-06-11,86.92,Paid,Auto Debit,1.74
PAY000545,POL00185,C0051,2024-07-07,2024-07-27,86.92,Paid,UPI,3.48
PAY000546,POL00185,C0051,2024-08-06,2024-08-15,86.92,Paid,Auto Debit,1.74
PAY000547,POL00185,C0051,2024-09-05,,86.92,Overdue,,0
PAY000548,POL00185,C0051,2024-10-05,2024-10-11,86.92,Paid,Net Banking,1.74
PAY000549,POL00185,C0051,2024-11-04,,86.92,Overdue,,0
PAY000550,POL00185,C0051,2024-12-04,,86.92,Pending,,0
PAY000551,POL00185,C0051,2025-01-03,2025-02-08,86.92,Overdue,Debit Card,4.35
PAY000552,POL00185,C0051,2025-02-02,2025-02-22,86.92,Paid,Auto Debit,3.48
PAY000553,POL00185,C0051,2025-03-04,,86.92,Failed,Net Banking,0
PAY000554,POL00185,C0051,2025-04-03,,86.92,Overdue,,0
PAY000555,POL00185,C0051,2025-05-03,,86.92,Pending,,0
PAY000556,POL00186,C0123,2023-09-13,2023-09-14,1408.33,Paid,Net Banking,0
PAY000557,POL00186,C0123,2023-10-13,2023-10-16,1408.33,Paid,Credit Card,0
PAY000558,POL00186,C0123,2023-11-12,,1408.33,Pending,,0
PAY000559,POL00186,C0123,2023-12-12,2023-12-16,1408.33,Paid,Auto Debit,28.17
PAY000560,POL00186,C0123,2024-01-11,2024-01-15,1408.33,Paid,Cash,28.17
PAY000561,POL00186,C0123,2024-02-10,2024-02-11,1408.33,Paid,Auto Debit,0
PAY000562,POL00186,C0123,2024-03-11,2024-03-11,1408.33,Paid,UPI,0
PAY000563,POL00186,C0123,2024-04-10,2024-04-08,1408.33,Paid,Credit Card,0
PAY000564,POL00186,C0123,2024-05-10,,1408.33,Failed,Credit Card,0
PAY000565,POL00186,C0123,2024-06-09,,1408.33,Failed,Net Banking,0
PAY000566,POL00186,C0123,2024-07-09,2024-07-12,1408.33,Paid,UPI,0
PAY000567,POL00186,C0123,2024-08-08,2024-08-08,1408.33,Paid,UPI,0
PAY000568,POL00186,C0123,2024-09-07,,1408.33,Pending,,0
PAY000569,POL00187,C0100,2023-10-18,,353.5,Overdue,,0
PAY000570,POL00187,C0100,2024-04-15,,353.5,Failed,Auto Debit,0
PAY000571,POL00187,C0100,2024-10-12,2024-10-17,353.5,Paid,UPI,7.07
PAY000572,POL00188,C0267,2023-06-07,2023-07-07,8630.0,Overdue,Net Banking,431.5
PAY000573,POL00188,C0267,2024-06-01,2024-05-31,8630.0,Paid,UPI,0
PAY000574,POL00189,C0046,2023-08-07,2023-08-14,8300.0,Paid,UPI,166.0
PAY000575,POL00189,C0046,2024-02-03,2024-03-23,8300.0,Overdue,Credit Card,415.0
PAY000576,POL00189,C0046,2024-08-01,2024-08-04,8300.0,Paid,Auto Debit,0
PAY000577,POL00190,C0467,2024-11-05,2024-11-07,3931.0,Paid,Debit Card,0
PAY000578,POL00191,C0305,2024-08-05,2024-08-23,19830.0,Overdue,Net Banking,991.5
PAY000579,POL00191,C0305,2025-07-31,2025-08-05,19830.0,Paid,UPI,396.6
PAY000580,POL00192,C0149,2023-10-04,,25290.0,Pending,,0
PAY000581,POL00192,C0149,2024-09-28,2024-09-26,25290.0,Paid,UPI,0
PAY000582,POL00193,C0358,2025-04-03,2025-04-02,2580.0,Paid,Net Banking,0
PAY000583,POL00194,C0027,2025-04-02,,316.0,Overdue,,0
PAY000584,POL00195,C0288,2025-04-25,2025-04-24,2143.33,Paid,UPI,0
PAY000585,POL00195,C0288,2025-05-25,2025-05-30,2143.33,Paid,UPI,42.87
PAY000586,POL00195,C0288,2025-06-24,,2143.33,Pending,,0
PAY000587,POL00195,C0288,2025-07-24,2025-07-24,2143.33,Paid,UPI,0
PAY000588,POL00195,C0288,2025-08-23,2025-08-25,2143.33,Paid,Debit Card,0
PAY000589,POL00195,C0288,2025-09-22,2025-09-27,2143.33,Paid,UPI,42.87
PAY000590,POL00196,C0315,2023-05-23,,47880.0,Overdue,,0
PAY000591,POL00196,C0315,2024-05-17,2024-05-15,47880.0,Paid,UPI,0
PAY000592,POL00197,C0013,2023-08-16,2023-08-19,5220.0,Paid,Auto Debit,0
PAY000593,POL00197,C0013,2023-11-14,,5220.0,Pending,,0
PAY000594,POL00197,C0013,2024-02-12,,5220.0,Overdue,,0
PAY000595,POL00197,C0013,2024-05-12,2024-05-20,5220.0,Paid,Auto Debit,104.4
PAY000596,POL00197,C0013,2024-08-10,,5220.0,Failed,Auto Debit,0
PAY000597,POL00198,C0457,2024-09-07,,20650.0,Failed,Net Banking,0
PAY000598,POL00198,C0457,2025-09-02,2025-09-06,20650.0,Paid,Net Banking,413.0
PAY000599,POL00199,C0354,2025-04-17,2025-04-18,6589.0,Paid,UPI,0
PAY000600,POL00200,C0025,2023-09-17,2023-09-23,31810.0,Paid,Auto Debit,636.2
PAY000601,POL00200,C0025,2024-09-11,2024-11-05,31810.0,Overdue,Debit Card,1590.5
PAY000602,POL00201,C0043,2025-08-20,,3102.5,Failed,Net Banking,0
PAY000603,POL00202,C0068,2025-07-03,,4207.5,Pending,,0
PAY000604,POL00203,C0201,2024-12-22,2024-12-25,1190.0,Paid,UPI,0
PAY000605,POL00203,C0201,2025-06-20,2025-06-18,1190.0,Paid,UPI,0
PAY000606,POL00204,C0062,2023-06-07,,2587.5,Pending,,0
PAY000607,POL00204,C0062,2023-12-04,,2587.5,Overdue,,0
PAY000608,POL00204,C0062,2024-06-01,2024-06-27,2587.5,Overdue,UPI,129.38
PAY000609,POL00205,C0312,2025-04-29,2025-04-30,2750.0,Paid,UPI,0
PAY000610,POL00206,C0375,2024-11-22,2024-11-24,21690.0,Paid,UPI,0
PAY000611,POL00207,C0168,2023-08-30,2023-08-29,1990.0,Paid,Debit Card,0
PAY000612,POL00207,C0168,2024-08-24,2024-08-28,1990.0,Paid,Net Banking,39.8
PAY000613,POL00208,C0053,2023-05-15,2023-06-09,2261.0,Overdue,Auto Debit,113.05
PAY000614,POL00208,C0053,2024-05-09,2024-05-13,2261.0,Paid,Net Banking,45.22
PAY000615,POL00209,C0300,2023-06-12,2023-06-12,12660.0,Paid,Net Banking,0
PAY000616,POL00209,C0300,2023-12-09,2023-12-07,12660.0,Paid,Credit Card,0
PAY000617,POL00209,C0300,2024-06-06,2024-06-11,12660.0,Paid,Debit Card,253.2
PAY000618,POL00210,C0038,2024-05-29,2024-06-07,5948.0,Paid,Cash,118.96
PAY000619,POL00210,C0038,2025-05-24,2025-06-12,5948.0,Paid,Credit Card,237.92
PAY000620,POL00211,C0322,2023-07-20,,3100.0,Failed,Auto Debit,0
PAY000621,POL00211,C0322,2024-07-14,2024-07-19,3100.0,Paid,UPI,62.0
PAY000622,POL00212,C0351,2024-10-26,2024-10-26,24260.0,Paid,UPI,0
PAY000623,POL00213,C0266,2024-09-03,2024-09-08,2150.0,Paid,Credit Card,43.0
PAY000624,POL00213,C0266,2025-08-29,,2150.0,Overdue,,0
PAY000625,POL00214,C0432,2025-01-21,2025-01-24,340.0,Paid,UPI,0
PAY000626,POL00214,C0432,2025-04-21,2025-04-25,340.0,Paid,UPI,6.8
PAY000627,POL00214,C0432,2025-07-20,2025-07-18,340.0,Paid,Net Banking,0
PAY000628,POL00215,C0193,2025-06-14,2025-06-12,16540.0,Paid,Credit Card,0
PAY000629,POL00216,C0353,2023-09-18,2023-09-18,40610.0,Paid,Net Banking,0
PAY000630,POL00216,C0353,2024-09-12,2024-09-11,40610.0,Paid,Debit Card,0
PAY000631,POL00217,C0072,2023-05-12,,3358.5,Failed,Auto Debit,0
PAY000632,POL00217,C0072,2023-11-08,2023-11-09,3358.5,Paid,UPI,0
PAY000633,POL00217,C0072,2024-05-06,2024-05-16,3358.5,Paid,UPI,67.17
PAY000634,POL00218,C0306,2023-12-20,2023-12-21,2330.0,Paid,Auto Debit,0
PAY000635,POL00218,C0306,2024-12-14,2024-12-14,2330.0,Paid,Debit Card,0
PAY000636,POL00219,C0022,2023-06-25,,462.5,Pending,,0
PAY000637,POL00219,C0022,2023-09-23,,462.5,Overdue,,0
PAY000638,POL00219,C0022,2023-12-22,,462.5,Overdue,,0
PAY000639,POL00219,C0022,2024-03-21,,462.5,Failed,Credit Card,0
PAY000640,POL00219,C0022,2024-06-19,,462.5,Failed,Net Banking,0
PAY000641,POL00220,C0486,2023-06-20,2023-06-23,132.5,Paid,Net Banking,0
PAY000642,POL00220,C0486,2023-07-20,2023-07-20,132.5,Paid,UPI,0
PAY000643,POL00220,C0486,2023-08-19,,132.5,Pending,,0
PAY000644,POL00220,C0486,2023-09-18,2023-09-18,132.5,Paid,UPI,0
PAY000645,POL00220,C0486,2023-10-18,2023-10-16,132.5,Paid,Credit Card,0
PAY000646,POL00220,C0486,2023-11-17,2023-11-19,132.5,Paid,UPI,0
PAY000647,POL00220,C0486,2023-12-17,2023-12-17,132.5,Paid,Debit Card,0
PAY000648,POL00220,C0486,2024-01-16,2024-01-16,132.5,Paid,UPI,0
PAY000649,POL00220,C0486,2024-02-15,,132.5,Pending,,0
PAY000650,POL00220,C0486,2024-03-16,2024-03-20,132.5,Paid,UPI,2.65
PAY000651,POL00220,C0486,2024-04-15,,132.5,Overdue,,0
PAY000652,POL00220,C0486,2024-05-15,2024-05-18,132.5,Paid,Credit Card,0
PAY000653,POL00220,C0486,2024-06-14,,132.5,Failed,Auto Debit,0
PAY000654,POL00221,C0057,2024-09-06,,983.0,Failed,Credit Card,0
PAY000655,POL00221,C0057,2025-09-01,,983.0,Failed,Net Banking,0
PAY000656,POL00222,C0379,2023-07-22,2023-09-16,19470.0,Overdue,UPI,973.5
PAY000657,POL00222,C0379,2024-07-16,2024-07-20,19470.0,Paid,Credit Card,389.4
PAY000658,POL00223,C0328,2025-04-21,2025-04-20,33910.0,Paid,Auto Debit,0
PAY000659,POL00224,C0007,2023-08-18,2023-09-06,2840.0,Paid,UPI,113.6
PAY000660,POL00224,C0007,2024-08-12,,2840.0,Failed,Net Banking,0
PAY000661,POL00225,C0044,2024-09-01,,40990.0,Failed,Credit Card,0
PAY000662,POL00225,C0044,2025-08-27,2025-10-23,40990.0,Overdue,UPI,2049.5
PAY000663,POL00226,C0231,2025-01-07,2025-01-07,2370.0,Paid,Net Banking,0
PAY000664,POL00226,C0231,2025-02-06,2025-02-08,2370.0,Paid,Credit Card,0
PAY000665,POL00226,C0231,2025-03-08,2025-03-13,2370.0,Paid,Credit Card,47.4
PAY000666,POL00226,C0231,2025-04-07,2025-04-10,2370.0,Paid,Debit Card,0
PAY000667,POL00226,C0231,2025-05-07,2025-05-05,2370.0,Paid,Net Banking,0
PAY000668,POL00226,C0231,2025-06-06,2025-06-05,2370.0,Paid,Debit Card,0
PAY000669,POL00226,C0231,2025-07-06,,2370.0,Pending,,0
PAY000670,POL00226,C0231,2025-08-05,2025-08-08,2370.0,Paid,UPI,0
PAY000671,POL00226,C0231,2025-09-04,,2370.0,Pending,,0
PAY000672,POL00227,C0124,2025-05-26,2025-05-25,9550.0,Paid,Credit Card,0
PAY000673,POL00228,C0026,2023-08-12,,1230.0,Pending,,0
PAY000674,POL00228,C0026,2024-08-06,2024-08-17,1230.0,Paid,UPI,24.6
PAY000675,POL00229,C0311,2025-08-22,2025-08-21,2755.0,Paid,Credit Card,0
PAY000676,POL00230,C0065,2025-03-10,2025-03-14,1223.0,Paid,Credit Card,24.46
PAY000677,POL00230,C0065,2025-09-06,,1223.0,Overdue,,0
PAY000678,POL00231,C0244,2025-07-08,2025-07-06,23090.0,Paid,Net Banking,0
PAY000679,POL00232,C0075,2024-04-22,2024-04-24,4931.0,Paid,UPI,0
PAY000680,POL00232,C0075,2025-04-17,2025-04-20,4931.0,Paid,Credit Card,0
PAY000681,POL00233,C0082,2024-03-20,2024-04-07,2375.83,Paid,Net Banking,95.03
PAY000682,POL00233,C0082,2024-04-19,2024-05-08,2375.83,Paid,UPI,95.03
PAY000683,POL00233,C0082,2024-05-19,2024-05-23,2375.83,Paid,Credit Card,47.52
PAY000684,POL00233,C0082,2024-06-18,,2375.83,Failed,Net Banking,0
PAY000685,POL00233,C0082,2024-07-18,,2375.83,Pending,,0
PAY000686,POL00233,C0082,2024-08-17,,2375.83,Overdue,,0
PAY000687,POL00233,C0082,2024-09-16,,2375.83,Overdue,,0
PAY000688,POL00233,C0082,2024-10-16,2024-10-30,2375.83,Paid,Net Banking,95.03
PAY000689,POL00233,C0082,2024-11-15,2024-11-26,2375.83,Paid,Net Banking,47.52
PAY000690,POL00233,C0082,2024-12-15,2025-02-06,2375.83,Overdue,Cash,118.79
PAY000691,POL00233,C0082,2025-01-14,2025-01-26,2375.83,Paid,Credit Card,47.52
PAY000692,POL00233,C0082,2025-02-13,2025-03-21,2375.83,Overdue,Credit Card,118.79
PAY000693,POL00233,C0082,2025-03-15,,2375.83,Pending,,0
PAY000694,POL00234,C0093,2023-12-08,,540.0,Overdue,,0
PAY000695,POL00234,C0093,2024-12-02,,540.0,Overdue,,0
PAY000696,POL00235,C0192,2025-08-20,,1740.0,Overdue,,0
PAY000697,POL00236,C0165,2023-10-27,,22150.0,Pending,,0
PAY000698,POL00236,C0165,2024-10-21,2024-10-23,22150.0,Paid,UPI,0
PAY000699,POL00237,C0135,2023-10-27,2023-10-31,189.17,Paid,UPI,3.78
PAY000700,POL00237,C0135,2023-11-26,2023-11-29,189.17,Paid,UPI,0
PAY000701,POL00237,C0135,2023-12-26,2023-12-24,189.17,Paid,UPI,0
PAY000702,POL00237,C0135,2024-01-25,2024-01-28,189.17,Paid,Auto Debit,0
PAY000703,POL00237,C0135,2024-02-24,2024-02-29,189.17,Paid,Auto Debit,3.78
PAY000704,POL00237,C0135,2024-03-25,2024-03-27,189.17,Paid,Credit Card,0
PAY000705,POL00237,C0135,2024-04-24,2024-04-26,189.17,Paid,Net Banking,0
PAY000706,POL00237,C0135,2024-05-24,2024-05-22,189.17,Paid,UPI,0
PAY000707,POL00237,C0135,2024-06-23,,189.17,Pending,,0
PAY000708,POL00237,C0135,2024-07-23,2024-07-25,189.17,Paid,UPI,0
PAY000709,POL00237,C0135,2024-08-22,2024-08-26,189.17,Paid,Net Banking,3.78
PAY000710,POL00237,C0135,2024-09-21,2024-09-26,189.17,Paid,Credit Card,3.78
PAY000711,POL00237,C0135,2024-10-21,,189.17,Failed,Auto Debit,0
PAY000712,POL00238,C0093,2025-05-08,2025-05-12,1540.0,Paid,Net Banking,30.8
PAY000713,POL00239,C0436,2023-10-18,2023-10-16,9560.0,Paid,UPI,0
PAY000714,POL00239,C0436,2024-10-12,2024-10-10,9560.0,Paid,Net Banking,0
PAY000715,POL00240,C0106,2023-07-22,2023-07-23,3120.0,Paid,Net Banking,0
PAY000716,POL00240,C0106,2024-07-16,2024-07-20,3120.0,Paid,Cash,62.4
PAY000717,POL00241,C0034,2025-03-23,,26480.0,Overdue,,0
PAY000718,POL00242,C0442,2024-11-06,,2240.0,Pending,,0
PAY000719,POL00243,C0259,2024-12-03,2024-12-02,3200.0,Paid,Auto Debit,0
PAY000720,POL00244,C0166,2023-08-13,2023-08-16,3270.0,Paid,UPI,0
PAY000721,POL00244,C0166,2024-08-07,2024-08-08,3270.0,Paid,UPI,0
PAY000722,POL00245,C0285,2025-02-14,2025-02-17,19650.0,Paid,Credit Card,0
PAY000723,POL00246,C0346,2024-10-20,2024-10-20,15480.0,Paid,Net Banking,0
PAY000724,POL00247,C0489,2024-08-22,2024-08-22,16080.0,Paid,Net Banking,0
PAY000725,POL00247,C0489,2025-08-17,2025-08-21,16080.0,Paid,UPI,321.6
PAY000726,POL00248,C0312,2025-01-24,,590.0,Pending,,0
PAY000727,POL00248,C0312,2025-07-23,,590.0,Overdue,,0
PAY000728,POL00249,C0373,2025-05-22,,2100.0,Failed,Credit Card,0
PAY000729,POL00250,C0048,2024-01-04,,4460.0,Failed,Credit Card,0
PAY000730,POL00250,C0048,2024-07-02,,4460.0,Failed,Credit Card,0
PAY000731,POL00250,C0048,2024-12-29,2025-01-05,4460.0,Paid,Net Banking,89.2
PAY000732,POL00251,C0304,2025-04-18,2025-04-20,12255.0,Paid,Cash,0
PAY000733,POL00251,C0304,2025-07-17,2025-07-19,12255.0,Paid,Debit Card,0
PAY000734,POL00252,C0433,2024-02-17,2024-02-19,47480.0,Paid,Debit Card,0
PAY000735,POL00252,C0433,2025-02-11,2025-02-13,47480.0,Paid,Credit Card,0
PAY000736,POL00253,C0337,2024-06-27,2024-06-28,3717.0,Paid,Debit Card,0
PAY000737,POL00253,C0337,2025-06-22,2025-06-24,3717.0,Paid,UPI,0
PAY000738,POL00254,C0140,2025-05-01,2025-05-02,2886.5,Paid,Credit Card,0
PAY000739,POL00255,C0460,2023-12-25,2023-12-29,3010.0,Paid,UPI,60.2
PAY000740,POL00255,C0460,2024-12-19,2024-12-19,3010.0,Paid,UPI,0
PAY000741,POL00256,C0029,2024-03-02,2024-03-10,9512.0,Paid,Net Banking,190.24
PAY000742,POL00256,C0029,2025-02-25,2025-03-10,9512.0,Paid,Debit Card,190.24
PAY000743,POL00257,C0361,2024-07-26,2024-07-28,9293.0,Paid,UPI,0
PAY000744,POL00257,C0361,2025-07-21,2025-07-19,9293.0,Paid,Cash,0
PAY000745,POL00258,C0065,2023-09-05,,1007.0,Failed,Net Banking,0
PAY000746,POL00258,C0065,2024-08-30,2024-09-19,1007.0,Paid,UPI,40.28
PAY000747,POL00259,C0105,2025-01-12,,1047.0,Overdue,,0
PAY000748,POL00260,C0052,2024-12-18,,11275.0,Overdue,,0
PAY000749,POL00260,C0052,2025-06-16,,11275.0,Failed,Net Banking,0
PAY000750,POL00261,C0169,2024-10-01,2024-10-05,138.33,Paid,Net Banking,2.77
PAY000751,POL00261,C0169,2024-10-31,2024-10-31,138.33,Paid,Auto Debit,0
PAY000752,POL00261,C0169,2024-11-30,2024-12-01,138.33,Paid,UPI,0
PAY000753,POL00261,C0169,2024-12-30,2025-01-03,138.33,Paid,Auto Debit,2.77
PAY000754,POL00261,C0169,2025-01-29,2025-01-28,138.33,Paid,UPI,0
PAY000755,POL00261,C0169,2025-02-28,2025-02-26,138.33,Paid,Auto Debit,0
PAY000756,POL00261,C0169,2025-03-30,2025-04-02,138.33,Paid,UPI,0
PAY000757,POL00261,C0169,2025-04-29,2025-04-30,138.33,Paid,Debit Card,0
PAY000758,POL00261,C0169,2025-05-29,2025-06-02,138.33,Paid,Auto Debit,2.77
PAY000759,POL00261,C0169,2025-06-28,2025-07-02,138.33,Paid,UPI,2.77
PAY000760,POL00261,C0169,2025-07-28,2025-08-02,138.33,Paid,Cash,2.77
PAY000761,POL00261,C0169,2025-08-27,2025-08-31,138.33,Paid,Cash,2.77
PAY000762,POL00261,C0169,2025-09-26,2025-09-27,138.33,Paid,Auto Debit,0
PAY000763,POL00262,C0482,2025-07-02,2025-07-05,783.0,Paid,Credit Card,0
PAY000764,POL00263,C0230,2023-06-25,2023-06-28,1645.0,Paid,Net Banking,0
PAY000765,POL00263,C0230,2023-12-22,2023-12-21,1645.0,Paid,UPI,0
PAY000766,POL00263,C0230,2024-06-19,2024-06-22,1645.0,Paid,UPI,0
PAY000767,POL00264,C0034,2023-12-20,2023-12-23,15210.0,Paid,UPI,0
PAY000768,POL00264,C0034,2024-06-17,2024-07-06,15210.0,Paid,Debit Card,608.4
PAY000769,POL00264,C0034,2024-12-14,2024-12-19,15210.0,Paid,UPI,304.2
PAY000770,POL00265,C0023,2023-07-21,2023-08-31,8792.5,Overdue,UPI,439.62
PAY000771,POL00265,C0023,2023-10-19,2023-10-26,8792.5,Paid,UPI,175.85
PAY000772,POL00265,C0023,2024-01-17,,8792.5,Overdue,,0
PAY000773,POL00265,C0023,2024-04-16,,8792.5,Overdue,,0
PAY000774,POL00265,C0023,2024-07-15,,8792.5,Failed,Net Banking,0
PAY000775,POL00266,C0427,2025-02-21,2025-02-19,8350.0,Paid,UPI,0
PAY000776,POL00267,C0396,2025-03-01,2025-03-04,1400.0,Paid,Debit Card,0
PAY000777,POL00268,C0038,2023-11-08,,24140.0,Failed,Credit Card,0
PAY000778,POL00268,C0038,2024-11-02,,24140.0,Failed,Net Banking,0
PAY000779,POL00269,C0399,2023-05-06,2023-05-04,1970.0,Paid,UPI,0
PAY000780,POL00269,C0399,2024-04-30,2024-04-29,1970.0,Paid,Credit Card,0
PAY000781,POL00270,C0357,2023-06-10,,3150.0,Pending,,0
PAY000782,POL00270,C0357,2024-06-04,2024-06-06,3150.0,Paid,UPI,0
PAY000783,POL00271,C0171,2025-06-03,2025-06-01,2136.0,Paid,UPI,0
PAY000784,POL00271,C0171,2025-09-01,2025-09-30,2136.0,Overdue,Net Banking,106.8
PAY000785,POL00272,C0158,2023-09-21,2023-09-24,17910.0,Paid,Auto Debit,0
PAY000786,POL00272,C0158,2024-09-15,2024-09-17,17910.0,Paid,Net Banking,0
PAY000787,POL00273,C0283,2025-04-06,2025-04-11,6275.0,Paid,Debit Card,125.5
PAY000788,POL00273,C0283,2025-07-05,2025-07-05,6275.0,Paid,UPI,0
PAY000789,POL00274,C0411,2023-09-29,2023-09-29,329.17,Paid,Credit Card,0
PAY000790,POL00274,C0411,2023-10-29,2023-10-29,329.17,Paid,UPI,0
PAY000791,POL00274,C0411,2023-11-28,2023-11-27,329.17,Paid,UPI,0
PAY000792,POL00274,C0411,2023-12-28,2024-01-26,329.17,Overdue,UPI,16.46
PAY000793,POL00274,C0411,2024-01-27,2024-02-01,329.17,Paid,UPI,6.58
PAY000794,POL00274,C0411,2024-02-26,2024-03-01,329.17,Paid,Debit Card,6.58
PAY000795,POL00274,C0411,2024-03-27,2024-03-25,329.17,Paid,Net Banking,0
PAY000796,POL00274,C0411,2024-04-26,2024-05-01,329.17,Paid,Credit Card,6.58
PAY000797,POL00274,C0411,2024-05-26,2024-05-29,329.17,Paid,UPI,0
PAY000798,POL00274,C0411,2024-06-25,2024-06-25,329.17,Paid,UPI,0
PAY000799,POL00274,C0411,2024-07-25,2024-07-23,329.17,Paid,UPI,0
PAY000800,POL00274,C0411,2024-08-24,,329.17,Failed,Auto Debit,0
PAY000801,POL00274,C0411,2024-09-23,2024-09-25,329.17,Paid,Auto Debit,0
PAY000802,POL00275,C0042,2025-06-12,2025-06-10,2910.0,Paid,UPI,0
PAY000803,POL00276,C0468,2023-12-24,2023-12-24,1260.0,Paid,UPI,0
PAY000804,POL00276,C0468,2024-12-18,2024-12-23,1260.0,Paid,UPI,25.2
PAY000805,POL00277,C0233,2024-11-25,,1238.25,Pending,,0
PAY000806,POL00277,C0233,2025-02-23,2025-02-21,1238.25,Paid,UPI,0
PAY000807,POL00277,C0233,2025-05-24,2025-05-24,1238.25,Paid,Credit Card,0
PAY000808,POL00277,C0233,2025-08-22,2025-08-20,1238.25,Paid,Auto Debit,0
PAY000809,POL00278,C0069,2025-04-01,2025-04-12,1658.5,Paid,Auto Debit,33.17
PAY000810,POL00278,C0069,2025-09-28,2025-10-13,1658.5,Paid,Net Banking,66.34
PAY000811,POL00279,C0176,2025-04-03,2025-04-02,11575.0,Paid,Auto Debit,0
PAY000812,POL00280,C0121,2023-06-09,2023-06-14,20990.0,Paid,UPI,419.8
PAY000813,POL00280,C0121,2024-06-03,2024-06-02,20990.0,Paid,Credit Card,0
PAY000814,POL00281,C0003,2024-03-02,,35640.0,Failed,Auto Debit,0
PAY000815,POL00281,C0003,2025-02-25,,35640.0,Pending,,0
PAY000816,POL00282,C0120,2023-09-19,2023-09-22,1021.0,Paid,Credit Card,0
PAY000817,POL00282,C0120,2024-09-13,2024-09-18,1021.0,Paid,UPI,20.42
PAY000818,POL00283,C0415,2024-08-23,2024-08-23,407.5,Paid,UPI,0
PAY000819,POL00283,C0415,2024-11-21,2024-12-15,407.5,Overdue,UPI,20.38
PAY000820,POL00283,C0415,2025-02-19,2025-02-22,407.5,Paid,Net Banking,0
PAY000821,POL00283,C0415,2025-05-20,2025-05-22,407.5,Paid,Debit Card,0
PAY000822,POL00283,C0415,2025-08-18,,407.5,Failed,Credit Card,0
PAY000823,POL00284,C0143,2025-04-04,2025-04-05,624.0,Paid,Net Banking,0
PAY000824,POL00285,C0406,2025-05-01,2025-05-06,12385.0,Paid,Credit Card,247.7
PAY000825,POL00286,C0263,2023-09-11,,5579.0,Pending,,0
PAY000826,POL00286,C0263,2024-09-05,2024-09-04,5579.0,Paid,UPI,0
PAY000827,POL00287,C0070,2025-08-17,2025-08-16,11480.0,Paid,UPI,0
PAY000828,POL00288,C0052,2024-10-27,,13550.0,Overdue,,0
PAY000829,POL00289,C0030,2025-07-28,2025-08-06,4445.0,Paid,Cash,88.9
PAY000830,POL00290,C0477,2024-05-21,2024-05-19,169.17,Paid,Credit Card,0
PAY000831,POL00290,C0477,2024-06-20,,169.17,Overdue,,0
PAY000832,POL00290,C0477,2024-07-20,2024-07-18,169.17,Paid,Auto Debit,0
PAY000833,POL00290,C0477,2024-08-19,2024-08-17,169.17,Paid,Debit Card,0
PAY000834,POL00290,C0477,2024-09-18,,169.17,Pending,,0
PAY000835,POL00290,C0477,2024-10-18,2024-10-21,169.17,Paid,UPI,0
PAY000836,POL00290,C0477,2024-11-17,,169.17,Pending,,0
PAY000837,POL00290,C0477,2024-12-17,2024-12-20,169.17,Paid,UPI,0
PAY000838,POL00290,C0477,2025-01-16,2025-01-15,169.17,Paid,Net Banking,0
PAY000839,POL00290,C0477,2025-02-15,2025-02-15,169.17,Paid,Auto Debit,0
PAY000840,POL00290,C0477,2025-03-17,,169.17,Pending,,0
PAY000841,POL00290,C0477,2025-04-16,2025-04-17,169.17,Paid,UPI,0
PAY000842,POL00290,C0477,2025-05-16,2025-05-16,169.17,Paid,UPI,0
PAY000843,POL00291,C0416,2024-03-13,2024-04-04,1395.0,Overdue,Net Banking,69.75
PAY000844,POL00291,C0416,2024-04-12,2024-04-15,1395.0,Paid,Credit Card,0
PAY000845,POL00291,C0416,2024-05-12,2024-05-16,1395.0,Paid,Auto Debit,27.9
PAY000846,POL00291,C0416,2024-06-11,2024-06-12,1395.0,Paid,Debit Card,0
PAY000847,POL00291,C0416,2024-07-11,2024-07-12,1395.0,Paid,UPI,0
PAY000848,POL00291,C0416,2024-08-10,2024-08-12,1395.0,Paid,Net Banking,0
PAY000849,POL00291,C0416,2024-09-09,,1395.0,Failed,Auto Debit,0
PAY000850,POL00291,C0416,2024-10-09,2024-10-14,1395.0,Paid,Net Banking,27.9
PAY000851,POL00291,C0416,2024-11-08,2024-11-11,1395.0,Paid,UPI,0
PAY000852,POL00291,C0416,2024-12-08,2024-12-08,1395.0,Paid,UPI,0
PAY000853,POL00291,C0416,2025-01-07,2025-01-11,1395.0,Paid,Debit Card,27.9
PAY000854,POL00291,C0416,2025-02-06,2025-02-05,1395.0,Paid,Credit Card,0
PAY000855,POL00291,C0416,2025-03-08,2025-05-05,1395.0,Overdue,Net Banking,69.75
PAY000856,POL00292,C0355,2023-12-19,2023-12-19,1571.67,Paid,Net Banking,0
PAY000857,POL00292,C0355,2024-01-18,2024-01-19,1571.67,Paid,UPI,0
PAY000858,POL00292,C0355,2024-02-17,,1571.67,Overdue,,0
PAY000859,POL00292,C0355,2024-03-18,2024-03-20,1571.67,Paid,UPI,0
PAY000860,POL00292,C0355,2024-04-17,,1571.67,Failed,Net Banking,0
PAY000861,POL00292,C0355,2024-05-17,2024-05-17,1571.67,Paid,UPI,0
PAY000862,POL00292,C0355,2024-06-16,2024-06-16,1571.67,Paid,UPI,0
PAY000863,POL00292,C0355,2024-07-16,2024-07-20,1571.67,Paid,UPI,31.43
PAY000864,POL00292,C0355,2024-08-15,2024-08-15,1571.67,Paid,UPI,0
PAY000865,POL00292,C0355,2024-09-14,2024-09-14,1571.67,Paid,UPI,0
PAY000866,POL00292,C0355,2024-10-14,2024-10-13,1571.67,Paid,UPI,0
PAY000867,POL00292,C0355,2024-11-13,,1571.67,Overdue,,0
PAY000868,POL00292,C0355,2024-12-13,2024-12-11,1571.67,Paid,UPI,0
PAY000869,POL00293,C0090,2025-03-14,2025-04-02,9790.0,Paid,Debit Card,391.6
PAY000870,POL00293,C0090,2025-06-12,2025-06-23,9790.0,Paid,UPI,195.8
PAY000871,POL00293,C0090,2025-09-10,,9790.0,Overdue,,0
PAY000872,POL00294,C0181,2025-08-01,2025-08-01,445.0,Paid,Auto Debit,0
PAY000873,POL00295,C0240,2024-12-26,2024-12-26,126.67,Paid,UPI,0
PAY000874,POL00295,C0240,2025-01-25,2025-01-28,126.67,Paid,Credit Card,0
PAY000875,POL00295,C0240,2025-02-24,2025-02-22,126.67,Paid,Credit Card,0
PAY000876,POL00295,C0240,2025-03-26,2025-03-25,126.67,Paid,UPI,0
PAY000877,POL00295,C0240,2025-04-25,2025-04-26,126.67,Paid,Credit Card,0
PAY000878,POL00295,C0240,2025-05-25,2025-05-23,126.67,Paid,UPI,0
PAY000879,POL00295,C0240,2025-06-24,2025-06-25,126.67,Paid,Debit Card,0
PAY000880,POL00295,C0240,2025-07-24,2025-07-23,126.67,Paid,UPI,0
PAY000881,POL00295,C0240,2025-08-23,2025-08-23,126.67,Paid,Debit Card,0
PAY000882,POL00295,C0240,2025-09-22,2025-09-24,126.67,Paid,Net Banking,0
PAY000883,POL00296,C0486,2024-08-29,,16990.0,Failed,Auto Debit,0
PAY000884,POL00296,C0486,2025-08-24,2025-08-24,16990.0,Paid,Auto Debit,0
PAY000885,POL00297,C0218,2024-07-08,2024-07-13,29320.0,Paid,Cash,586.4
PAY000886,POL00297,C0218,2025-07-03,2025-07-01,29320.0,Paid,UPI,0
PAY000887,POL00298,C0082,2025-07-22,,22610.0,Overdue,,0
PAY000888,POL00299,C0199,2023-07-04,2023-07-02,589.5,Paid,Net Banking,0
PAY000889,POL00299,C0199,2023-12-31,,589.5,Pending,,0
PAY000890,POL00299,C0199,2024-06-28,2024-06-26,589.5,Paid,UPI,0
PAY000891,POL00300,C0343,2024-09-16,2024-09-21,23865.0,Paid,Net Banking,477.3
PAY000892,POL00300,C0343,2025-03-15,2025-03-16,23865.0,Paid,Auto Debit,0
PAY000893,POL00300,C0343,2025-09-11,2025-09-15,23865.0,Paid,Credit Card,477.3
PAY000894,POL00301,C0300,2025-03-26,2025-03-30,28650.0,Paid,Debit Card,573.0
PAY000895,POL00301,C0300,2025-09-22,2025-09-21,28650.0,Paid,Credit Card,0
PAY000896,POL00302,C0467,2024-05-21,2024-05-22,571.0,Paid,UPI,0
PAY000897,POL00302,C0467,2025-05-16,2025-05-16,571.0,Paid,Debit Card,0
PAY000898,POL00303,C0119,2024-12-08,2024-12-08,970.0,Paid,UPI,0
PAY000899,POL00303,C0119,2025-06-06,2025-06-04,970.0,Paid,UPI,0
PAY000900,POL00304,C0095,2024-08-22,2024-08-29,33710.0,Paid,UPI,674.2
PAY000901,POL00304,C0095,2025-08-17,2025-08-21,33710.0,Paid,Debit Card,674.2
PAY000902,POL00305,C0146,2024-10-12,2024-10-17,9740.0,Paid,Auto Debit,194.8
PAY000903,POL00305,C0146,2025-04-10,,9740.0,Failed,Credit Card,0
PAY000904,POL00306,C0438,2024-12-22,2024-12-21,20835.0,Paid,UPI,0
PAY000905,POL00306,C0438,2025-06-20,,20835.0,Overdue,,0
PAY000906,POL00307,C0419,2024-07-28,,21030.0,Overdue,,0
PAY000907,POL00307,C0419,2025-07-23,2025-07-25,21030.0,Paid,Credit Card,0
PAY000908,POL00308,C0439,2025-05-10,2025-05-10,4820.0,Paid,Net Banking,0
PAY000909,POL00308,C0439,2025-08-08,2025-08-06,4820.0,Paid,UPI,0
PAY000910,POL00309,C0111,2023-12-20,,40260.0,Overdue,,0
PAY000911,POL00309,C0111,2024-12-14,2024-12-14,40260.0,Paid,Debit Card,0
PAY000912,POL00310,C0245,2025-01-23,2025-01-26,2060.0,Paid,Auto Debit,0
PAY000913,POL00311,C0045,2025-01-25,,5978.0,Overdue,,0
PAY000914,POL00312,C0136,2024-11-22,2024-11-26,32090.0,Paid,UPI,641.8
PAY000915,POL00313,C0049,2025-07-05,2025-07-13,48860.0,Paid,Credit Card,977.2
PAY000916,POL00314,C0142,2023-09-24,2023-09-24,17530.0,Paid,UPI,0
PAY000917,POL00314,C0142,2024-09-18,,17530.0,Overdue,,0
PAY000918,POL00315,C0208,2023-08-20,2023-08-18,35370.0,Paid,Auto Debit,0
PAY000919,POL00315,C0208,2024-08-14,2024-08-14,35370.0,Paid,Auto Debit,0
PAY000920,POL00316,C0381,2024-04-05,,4293.33,Overdue,,0
PAY000921,POL00316,C0381,2024-05-05,2024-05-03,4293.33,Paid,UPI,0
PAY000922,POL00316,C0381,2024-06-04,2024-06-08,4293.33,Paid,UPI,85.87
PAY000923,POL00316,C0381,2024-07-04,2024-07-08,4293.33,Paid,Auto Debit,85.87
PAY000924,POL00316,C0381,2024-08-03,2024-09-22,4293.33,Overdue,Cash,214.67
PAY000925,POL00316,C0381,2024-09-02,2024-09-06,4293.33,Paid,Credit Card,85.87
PAY000926,POL00316,C0381,2024-10-02,2024-11-16,4293.33,Overdue,Net Banking,214.67
PAY000927,POL00316,C0381,2024-11-01,2024-11-04,4293.33,Paid,Credit Card,0
PAY000928,POL00316,C0381,2024-12-01,,4293.33,Overdue,,0
PAY000929,POL00316,C0381,2024-12-31,,4293.33,Failed,Net Banking,0
PAY000930,POL00316,C0381,2025-01-30,2025-02-04,4293.33,Paid,UPI,85.87
PAY000931,POL00316,C0381,2025-03-01,2025-03-03,4293.33,Paid,Cash,0
PAY000932,POL00316,C0381,2025-03-31,2025-03-30,4293.33,Paid,UPI,0
PAY000933,POL00317,C0367,2023-04-30,2023-04-30,2160.0,Paid,UPI,0
PAY000934,POL00317,C0367,2024-04-24,2024-04-24,2160.0,Paid,UPI,0
PAY000935,POL00318,C0008,2024-06-25,,4895.0,Overdue,,0
PAY000936,POL00318,C0008,2024-07-25,,4895.0,Pending,,0
PAY000937,POL00318,C0008,2024-08-24,2024-08-27,4895.0,Paid,Net Banking,0
PAY000938,POL00318,C0008,2024-09-23,,4895.0,Overdue,,0
PAY000939,POL00318,C0008,2024-10-23,,4895.0,Overdue,,0
PAY000940,POL00318,C0008,2024-11-22,,4895.0,Pending,,0
PAY000941,POL00318,C0008,2024-12-22,,4895.0,Overdue,,0
PAY000942,POL00318,C0008,2025-01-21,2025-02-03,4895.0,Paid,Net Banking,97.9
PAY000943,POL00318,C0008,2025-02-20,2025-02-19,4895.0,Paid,Net Banking,0
PAY000944,POL00318,C0008,2025-03-22,,4895.0,Overdue,,0
PAY000945,POL00318,C0008,2025-04-21,2025-06-09,4895.0,Overdue,Net Banking,244.75
PAY000946,POL00318,C0008,2025-05-21,,4895.0,Failed,Net Banking,0
PAY000947,POL00318,C0008,2025-06-20,2025-06-20,4895.0,Paid,Credit Card,0
PAY000948,POL00319,C0194,2023-10-04,2023-10-09,21090.0,Paid,Cash,421.8
PAY000949,POL00319,C0194,2024-09-28,2024-09-27,21090.0,Paid,Net Banking,0
PAY000950,POL00320,C0086,2023-11-04,,13500.0,Overdue,,0
PAY000951,POL00320,C0086,2024-05-02,2024-06-30,13500.0,Overdue,UPI,675.0
PAY000952,POL00320,C0086,2024-10-29,2024-12-26,13500.0,Overdue,UPI,675.0
PAY000953,POL00321,C0148,2023-07-08,2023-07-08,5588.0,Paid,Debit Card,0
PAY000954,POL00321,C0148,2024-07-02,2024-07-06,5588.0,Paid,Net Banking,111.76
PAY000955,POL00322,C0167,2023-10-24,2023-10-27,28660.0,Paid,Credit Card,0
PAY000956,POL00322,C0167,2024-10-18,2024-10-21,28660.0,Paid,Net Banking,0
PAY000957,POL00323,C0455,2025-08-13,2025-08-13,2950.0,Paid,UPI,0
PAY000958,POL00324,C0101,2025-07-27,2025-07-29,27360.0,Paid,Credit Card,0
PAY000959,POL00325,C0205,2025-04-24,2025-04-22,2340.0,Paid,Debit Card,0
PAY000960,POL00326,C0033,2024-11-12,,55240.0,Overdue,,0
PAY000961,POL00327,C0056,2025-08-03,,36270.0,Overdue,,0
PAY000962,POL00328,C0316,2024-06-15,2024-06-20,42610.0,Paid,UPI,852.2
PAY000963,POL00328,C0316,2025-06-10,2025-06-14,42610.0,Paid,Credit Card,852.2
PAY000964,POL00329,C0353,2023-08-15,,28460.0,Pending,,0
PAY000965,POL00329,C0353,2024-08-09,2024-08-14,28460.0,Paid,Credit Card,569.2
PAY000966,POL00330,C0063,2023-04-19,2023-04-17,9170.0,Paid,Credit Card,0
PAY000967,POL00330,C0063,2023-10-16,,9170.0,Overdue,,0
PAY000968,POL00330,C0063,2024-04-13,2024-05-02,9170.0,Paid,Net Banking,366.8
PAY000969,POL00331,C0032,2023-11-25,,18270.0,Overdue,,0
PAY000970,POL00331,C0032,2024-11-19,,18270.0,Failed,Net Banking,0
PAY000971,POL00332,C0200,2024-05-22,2024-05-21,3190.0,Paid,Cash,0
PAY000972,POL00332,C0200,2025-05-17,2025-05-19,3190.0,Paid,UPI,0
PAY000973,POL00333,C0020,2023-05-26,2023-07-09,1880.0,Overdue,Net Banking,94.0
PAY000974,POL00333,C0020,2023-11-22,2024-01-13,1880.0,Overdue,Net Banking,94.0
PAY000975,POL00333,C0020,2024-05-20,,1880.0,Overdue,,0
PAY000976,POL00334,C0043,2023-11-15,2023-12-01,24035.0,Paid,Net Banking,961.4
PAY000977,POL00334,C0043,2024-05-13,2024-05-21,24035.0,Paid,UPI,480.7
PAY000978,POL00334,C0043,2024-11-09,,24035.0,Overdue,,0
PAY000979,POL00335,C0321,2024-12-04,2024-12-08,8850.0,Paid,Auto Debit,177.0
PAY000980,POL00336,C0028,2023-06-07,2023-06-10,1570.0,Paid,UPI,0
PAY000981,POL00336,C0028,2024-06-01,,1570.0,Failed,Auto Debit,0
PAY000982,POL00337,C0484,2023-05-25,2023-05-25,7975.0,Paid,Cash,0
PAY000983,POL00337,C0484,2023-08-23,2023-08-27,7975.0,Paid,UPI,159.5
PAY000984,POL00337,C0484,2023-11-21,2023-11-19,7975.0,Paid,UPI,0
PAY000985,POL00337,C0484,2024-02-19,2024-02-21,7975.0,Paid,Net Banking,0
PAY000986,POL00337,C0484,2024-05-19,2024-05-18,7975.0,Paid,Debit Card,0
PAY000987,POL00338,C0215,2023-12-10,2023-12-11,1470.0,Paid,Auto Debit,0
PAY000988,POL00338,C0215,2024-12-04,2024-12-07,1470.0,Paid,Net Banking,0
PAY000989,POL00339,C0203,2023-07-12,2023-07-13,18750.0,Paid,Credit Card,0
PAY000990,POL00339,C0203,2024-07-06,2024-07-08,18750.0,Paid,Auto Debit,0
PAY000991,POL00340,C0483,2025-04-22,2025-04-21,4800.0,Paid,Credit Card,0
PAY000992,POL00341,C0413,2024-07-16,2024-07-17,989.0,Paid,UPI,0
PAY000993,POL00341,C0413,2025-07-11,,989.0,Failed,Net Banking,0
PAY000994,POL00342,C0183,2024-01-06,2024-01-04,970.0,Paid,UPI,0
PAY000995,POL00342,C0183,2024-07-04,2024-07-07,970.0,Paid,Debit Card,0
PAY000996,POL00342,C0183,2024-12-31,2025-01-04,970.0,Paid,UPI,19.4
PAY000997,POL00343,C0206,2023-12-01,,10785.0,Overdue,,0
PAY000998,POL00343,C0206,2024-02-29,2024-03-01,10785.0,Paid,UPI,0
PAY000999,POL00343,C0206,2024-05-29,,10785.0,Pending,,0
PAY001000,POL00343,C0206,2024-08-27,2024-08-29,10785.0,Paid,UPI,0
PAY001001,POL00343,C0206,2024-11-25,2024-11-26,10785.0,Paid,Auto Debit,0
PAY001002,POL00344,C0034,2024-12-13,,1283.33,Pending,,0
PAY001003,POL00344,C0034,2025-01-12,,1283.33,Overdue,,0
PAY001004,POL00344,C0034,2025-02-11,2025-02-23,1283.33,Paid,Credit Card,25.67
PAY001005,POL00344,C0034,2025-03-13,,1283.33,Overdue,,0
PAY001006,POL00344,C0034,2025-04-12,2025-05-04,1283.33,Overdue,Net Banking,64.17
PAY001007,POL00344,C0034,2025-05-12,2025-05-30,1283.33,Paid,Auto Debit,51.33
PAY001008,POL00344,C0034,2025-06-11,2025-06-29,1283.33,Paid,Debit Card,51.33
PAY001009,POL00344,C0034,2025-07-11,2025-07-31,1283.33,Paid,UPI,51.33
PAY001010,POL00344,C0034,2025-08-10,2025-08-17,1283.33,Paid,UPI,25.67
PAY001011,POL00344,C0034,2025-09-09,,1283.33,Pending,,0
PAY001012,POL00345,C0090,2023-06-12,2023-06-29,2060.0,Paid,Auto Debit,82.4
PAY001013,POL00345,C0090,2024-06-06,2024-06-12,2060.0,Paid,Credit Card,41.2
PAY001014,POL00346,C0083,2023-09-25,,3101.0,Pending,,0
PAY001015,POL00346,C0083,2024-09-19,,3101.0,Overdue,,0
PAY001016,POL00347,C0157,2024-03-08,2024-03-11,6870.0,Paid,UPI,0
PAY001017,POL00347,C0157,2024-09-04,,6870.0,Pending,,0
PAY001018,POL00347,C0157,2025-03-03,2025-03-03,6870.0,Paid,UPI,0
PAY001019,POL00348,C0035,2024-06-10,,22755.0,Pending,,0
PAY001020,POL00348,C0035,2024-12-07,,22755.0,Overdue,,0
PAY001021,POL00348,C0035,2025-06-05,,22755.0,Overdue,,0
PAY001022,POL00349,C0089,2024-05-23,2024-05-26,2330.0,Paid,UPI,0
PAY001023,POL00349,C0089,2025-05-18,,2330.0,Failed,Auto Debit,0
PAY001024,POL00350,C0398,2025-08-25,2025-08-28,2130.0,Paid,UPI,0
PAY001025,POL00351,C0401,2023-11-08,,1022.0,Pending,,0
PAY001026,POL00351,C0401,2024-11-02,2024-11-04,1022.0,Paid,Net Banking,0
PAY001027,POL00352,C0299,2024-02-07,2024-02-12,45080.0,Paid,UPI,901.6
PAY001028,POL00352,C0299,2025-02-01,,45080.0,Failed,Net Banking,0
PAY001029,POL00353,C0221,2023-04-19,2023-04-22,12765.0,Paid,Net Banking,0
PAY001030,POL00353,C0221,2023-07-18,2023-07-22,12765.0,Paid,UPI,255.3
PAY001031,POL00353,C0221,2023-10-16,2023-10-17,12765.0,Paid,Net Banking,0
PAY001032,POL00353,C0221,2024-01-14,2024-01-19,12765.0,Paid,Auto Debit,255.3
PAY001033,POL00353,C0221,2024-04-13,,12765.0,Pending,,0
PAY001034,POL00354,C0328,2024-06-09,2024-06-12,715.0,Paid,UPI,0
PAY001035,POL00354,C0328,2024-12-06,2024-12-04,715.0,Paid,UPI,0
PAY001036,POL00354,C0328,2025-06-04,2025-06-04,715.0,Paid,Credit Card,0
PAY001037,POL00355,C0320,2024-12-07,,6057.5,Pending,,0
PAY001038,POL00355,C0320,2025-03-07,,6057.5,Pending,,0
PAY001039,POL00355,C0320,2025-06-05,2025-06-10,6057.5,Paid,UPI,121.15
PAY001040,POL00355,C0320,2025-09-03,2025-09-03,6057.5,Paid,Credit Card,0
PAY001041,POL00356,C0454,2023-05-21,2023-05-21,830.0,Paid,Net Banking,0
PAY001042,POL00356,C0454,2023-11-17,2023-11-18,830.0,Paid,Credit Card,0
PAY001043,POL00356,C0454,2024-05-15,2024-05-18,830.0,Paid,Credit Card,0
PAY001044,POL00357,C0191,2023-04-12,2023-04-14,1075.0,Paid,UPI,0
PAY001045,POL00357,C0191,2023-10-09,2023-11-13,1075.0,Overdue,UPI,53.75
PAY001046,POL00357,C0191,2024-04-06,2024-04-09,1075.0,Paid,Net Banking,0
PAY001047,POL00358,C0043,2024-04-15,,20570.0,Overdue,,0
PAY001048,POL00358,C0043,2025-04-10,2025-04-09,20570.0,Paid,Net Banking,0
PAY001049,POL00359,C0062,2025-06-06,,40870.0,Overdue,,0
PAY001050,POL00360,C0040,2025-06-29,2025-08-12,226.25,Overdue,UPI,11.31
PAY001051,POL00360,C0040,2025-07-29,,226.25,Overdue,,0
PAY001052,POL00360,C0040,2025-08-28,,226.25,Overdue,,0
PAY001053,POL00360,C0040,2025-09-27,2025-10-09,226.25,Paid,Auto Debit,4.53
PAY001054,POL00361,C0202,2024-03-07,2024-03-09,31510.0,Paid,UPI,0
PAY001055,POL00361,C0202,2025-03-02,2025-03-07,31510.0,Paid,UPI,630.2
PAY001056,POL00362,C0216,2025-01-17,2025-01-22,741.25,Paid,UPI,14.83
PAY001057,POL00362,C0216,2025-04-17,2025-04-18,741.25,Paid,UPI,0
PAY001058,POL00362,C0216,2025-07-16,2025-07-14,741.25,Paid,UPI,0
PAY001059,POL00363,C0308,2024-11-18,2024-11-19,46690.0,Paid,Net Banking,0
PAY001060,POL00364,C0214,2025-08-13,2025-09-09,7940.0,Overdue,UPI,397.0
PAY001061,POL00365,C0200,2025-04-30,2025-04-30,945.0,Paid,Net Banking,0
PAY001062,POL00366,C0008,2025-07-06,2025-07-19,2820.0,Paid,Net Banking,56.4
PAY001063,POL00367,C0125,2025-02-17,,5561.0,Overdue,,0
PAY001064,POL00368,C0378,2025-05-08,2025-05-11,18780.0,Paid,Debit Card,0
PAY001065,POL00369,C0236,2023-09-13,2023-09-18,5492.5,Paid,UPI,109.85
PAY001066,POL00369,C0236,2023-12-12,2023-12-16,5492.5,Paid,UPI,109.85
PAY001067,POL00369,C0236,2024-03-11,2024-03-14,5492.5,Paid,UPI,0
PAY001068,POL00369,C0236,2024-06-09,2024-06-11,5492.5,Paid,Net Banking,0
PAY001069,POL00369,C0236,2024-09-07,2024-10-12,5492.5,Overdue,Debit Card,274.62
PAY001070,POL00370,C0415,2024-11-08,2024-11-06,7330.0,Paid,UPI,0
PAY001071,POL00371,C0374,2024-10-11,2024-10-10,1186.0,Paid,Net Banking,0
PAY001072,POL00372,C0285,2025-03-01,2025-03-02,10011.0,Paid,UPI,0
PAY001073,POL00373,C0278,2024-04-16,,20750.0,Overdue,,0
PAY001074,POL00373,C0278,2025-04-11,2025-04-16,20750.0,Paid,Debit Card,415.0
PAY001075,POL00374,C0210,2024-03-10,,4005.0,Pending,,0
PAY001076,POL00374,C0210,2024-06-08,2024-06-12,4005.0,Paid,Credit Card,80.1
PAY001077,POL00374,C0210,2024-09-06,2024-09-08,4005.0,Paid,UPI,0
PAY001078,POL00374,C0210,2024-12-05,2024-12-05,4005.0,Paid,Credit Card,0
PAY001079,POL00374,C0210,2025-03-05,2025-03-09,4005.0,Paid,Credit Card,80.1
PAY001080,POL00375,C0340,2024-12-09,2024-12-12,529.17,Paid,UPI,0
PAY001081,POL00375,C0340,2025-01-08,2025-01-06,529.17,Paid,Credit Card,0
PAY001082,POL00375,C0340,2025-02-07,2025-02-10,529.17,Paid,Net Banking,0
PAY001083,POL00375,C0340,2025-03-09,2025-03-10,529.17,Paid,Auto Debit,0
PAY001084,POL00375,C0340,2025-04-08,2025-04-11,529.17,Paid,UPI,0
PAY001085,POL00375,C0340,2025-05-08,2025-05-12,529.17,Paid,Credit Card,10.58
PAY001086,POL00375,C0340,2025-06-07,2025-06-09,529.17,Paid,UPI,0
PAY001087,POL00375,C0340,2025-07-07,2025-07-09,529.17,Paid,Debit Card,0
PAY001088,POL00375,C0340,2025-08-06,2025-08-08,529.17,Paid,Credit Card,0
PAY001089,POL00375,C0340,2025-09-05,,529.17,Pending,,0
PAY001090,POL00376,C0393,2023-04-19,,506.0,Overdue,,0
PAY001091,POL00376,C0393,2023-10-16,2023-10-19,506.0,Paid,Net Banking,0
PAY001092,POL00376,C0393,2024-04-13,2024-04-16,506.0,Paid,Auto Debit,0
PAY001093,POL00377,C0289,2025-04-06,,36530.0,Overdue,,0
PAY001094,POL00378,C0197,2024-08-08,2024-08-11,2142.5,Paid,Debit Card,0
PAY001095,POL00378,C0197,2024-09-07,2024-09-06,2142.5,Paid,Auto Debit,0
PAY001096,POL00378,C0197,2024-10-07,2024-10-07,2142.5,Paid,UPI,0
PAY001097,POL00378,C0197,2024-11-06,2024-11-11,2142.5,Paid,Debit Card,42.85
PAY001098,POL00378,C0197,2024-12-06,2024-12-05,2142.5,Paid,Auto Debit,0
PAY001099,POL00378,C0197,2025-01-05,2025-01-06,2142.5,Paid,Credit Card,0
PAY001100,POL00378,C0197,2025-02-04,,2142.5,Failed,Net Banking,0
PAY001101,POL00378,C0197,2025-03-06,,2142.5,Overdue,,0
PAY001102,POL00378,C0197,2025-04-05,,2142.5,Failed,Credit Card,0
PAY001103,POL00378,C0197,2025-05-05,2025-05-07,2142.5,Paid,Auto Debit,0
PAY001104,POL00378,C0197,2025-06-04,2025-06-06,2142.5,Paid,Debit Card,0
PAY001105,POL00378,C0197,2025-07-04,2025-07-09,2142.5,Paid,Debit Card,42.85
PAY001106,POL00378,C0197,2025-08-03,2025-08-07,2142.5,Paid,Cash,42.85
PAY001107,POL00379,C0292,2024-09-24,2024-09-24,47200.0,Paid,Debit Card,0
PAY001108,POL00379,C0292,2025-09-19,2025-09-20,47200.0,Paid,Net Banking,0
PAY001109,POL00380,C0397,2025-04-26,2025-04-30,645.0,Paid,Auto Debit,12.9
PAY001110,POL00380,C0397,2025-07-25,2025-07-24,645.0,Paid,Credit Card,0
PAY001111,POL00381,C0463,2025-04-01,2025-04-06,944.17,Paid,Auto Debit,18.88
PAY001112,POL00381,C0463,2025-05-01,2025-05-04,944.17,Paid,Credit Card,0
PAY001113,POL00381,C0463,2025-05-31,2025-07-24,944.17,Overdue,Credit Card,47.21
PAY001114,POL00381,C0463,2025-06-30,,944.17,Overdue,,0
PAY001115,POL00381,C0463,2025-07-30,2025-07-30,944.17,Paid,Auto Debit,0
PAY001116,POL00381,C0463,2025-08-29,2025-08-27,944.17,Paid,Net Banking,0
PAY001117,POL00381,C0463,2025-09-28,2025-10-02,944.17,Paid,Auto Debit,18.88
PAY001118,POL00382,C0462,2024-05-22,2024-05-23,2170.0,Paid,Auto Debit,0
PAY001119,POL00382,C0462,2025-05-17,2025-05-20,2170.0,Paid,Debit Card,0
PAY001120,POL00383,C0354,2025-07-09,2025-07-07,510.0,Paid,Debit Card,0
PAY001121,POL00384,C0485,2023-08-10,2023-08-08,21580.0,Paid,Debit Card,0
PAY001122,POL00384,C0485,2024-08-04,2024-08-05,21580.0,Paid,UPI,0
PAY001123,POL00385,C0082,2024-07-30,2024-07-31,750.0,Paid,UPI,0
PAY001124,POL00385,C0082,2025-01-26,2025-02-11,750.0,Paid,UPI,30.0
PAY001125,POL00385,C0082,2025-07-25,2025-08-09,750.0,Paid,UPI,30.0
PAY001126,POL00386,C0028,2024-06-09,,9770.0,Overdue,,0
PAY001127,POL00386,C0028,2025-06-04,2025-06-12,9770.0,Paid,UPI,195.4
PAY001128,POL00387,C0069,2024-06-29,2024-07-10,3734.0,Paid,UPI,74.68
PAY001129,POL00387,C0069,2025-06-24,2025-07-08,3734.0,Paid,UPI,149.36
PAY001130,POL00388,C0174,2024-08-10,2024-08-09,21130.0,Paid,Auto Debit,0
PAY001131,POL00388,C0174,2025-08-05,2025-08-03,21130.0,Paid,UPI,0
PAY001132,POL00389,C0422,2024-09-01,2024-09-01,2630.0,Paid,UPI,0
PAY001133,POL00389,C0422,2025-08-27,2025-08-28,2630.0,Paid,Net Banking,0
PAY001134,POL00390,C0395,2023-12-09,,6150.0,Failed,Credit Card,0
PAY001135,POL00390,C0395,2024-06-06,2024-06-11,6150.0,Paid,UPI,123.0
PAY001136,POL00390,C0395,2024-12-03,2024-12-03,6150.0,Paid,Auto Debit,0
PAY001137,POL00391,C0005,2024-11-02,2024-11-22,7552.5,Paid,UPI,302.1
PAY001138,POL00391,C0005,2025-01-31,,7552.5,Overdue,,0
PAY001139,POL00391,C0005,2025-05-01,2025-05-10,7552.5,Paid,UPI,151.05
PAY001140,POL00391,C0005,2025-07-30,,7552.5,Overdue,,0
PAY001141,POL00392,C0237,2025-07-05,2025-07-08,6343.0,Paid,Cash,0
PAY001142,POL00393,C0455,2024-09-24,,18490.0,Pending,,0
PAY001143,POL00393,C0455,2025-09-19,,18490.0,Overdue,,0
PAY001144,POL00394,C0145,2025-04-12,2025-04-14,148.33,Paid,Net Banking,0
PAY001145,POL00394,C0145,2025-05-12,2025-05-15,148.33,Paid,Auto Debit,0
PAY001146,POL00394,C0145,2025-06-11,2025-07-27,148.33,Overdue,Credit Card,7.42
PAY001147,POL00394,C0145,2025-07-11,2025-07-10,148.33,Paid,UPI,0
PAY001148,POL00394,C0145,2025-08-10,2025-08-14,148.33,Paid,Cash,2.97
PAY001149,POL00394,C0145,2025-09-09,2025-09-09,148.33,Paid,Auto Debit,0
PAY001150,POL00395,C0033,2025-05-04,,560.0,Pending,,0
PAY001151,POL00396,C0426,2024-06-01,2024-06-01,482.5,Paid,Net Banking,0
PAY001152,POL00396,C0426,2024-08-30,,482.5,Overdue,,0
PAY001153,POL00396,C0426,2024-11-28,2024-12-02,482.5,Paid,Net Banking,9.65
PAY001154,POL00396,C0426,2025-02-26,2025-02-27,482.5,Paid,UPI,0
PAY001155,POL00396,C0426,2025-05-27,2025-05-31,482.5,Paid,Auto Debit,9.65
PAY001156,POL00397,C0180,2023-12-11,2023-12-15,6578.0,Paid,UPI,131.56
PAY001157,POL00397,C0180,2024-12-05,,6578.0,Overdue,,0
PAY001158,POL00398,C0410,2025-03-08,2025-03-11,1250.0,Paid,Credit Card,0
PAY001159,POL00398,C0410,2025-09-04,2025-09-06,1250.0,Paid,Net Banking,0
PAY001160,POL00399,C0273,2023-10-16,2023-10-19,6923.0,Paid,Cash,0
PAY001161,POL00399,C0273,2024-10-10,2024-10-08,6923.0,Paid,UPI,0
PAY001162,POL00400,C0041,2024-07-27,,3000.0,Pending,,0
PAY001163,POL00400,C0041,2025-07-22,2025-07-24,3000.0,Paid,Net Banking,0
PAY001164,POL00401,C0059,2025-04-09,2025-04-11,86320.0,Paid,Auto Debit,0
PAY001165,POL00402,C0301,2024-04-01,2024-03-31,2965.0,Paid,UPI,0
PAY001166,POL00402,C0301,2024-06-30,2024-07-02,2965.0,Paid,Net Banking,0
PAY001167,POL00402,C0301,2024-09-28,2024-09-29,2965.0,Paid,Credit Card,0
PAY001168,POL00402,C0301,2024-12-27,2024-12-25,2965.0,Paid,Credit Card,0
PAY001169,POL00402,C0301,2025-03-27,2025-03-25,2965.0,Paid,Net Banking,0
PAY001170,POL00403,C0303,2023-08-28,2023-08-26,19200.0,Paid,Credit Card,0
PAY001171,POL00403,C0303,2024-08-22,2024-08-24,19200.0,Paid,Auto Debit,0
PAY001172,POL00404,C0184,2024-05-03,2024-05-05,7100.0,Paid,Auto Debit,0
PAY001173,POL00404,C0184,2025-04-28,2025-05-01,7100.0,Paid,UPI,0
PAY001174,POL00405,C0297,2023-05-03,2023-05-06,8703.0,Paid,Net Banking,0
PAY001175,POL00405,C0297,2024-04-27,2024-06-12,8703.0,Overdue,UPI,435.15
PAY001176,POL00406,C0128,2024-04-29,2024-04-30,515.92,Paid,UPI,0
PAY001177,POL00406,C0128,2024-05-29,,515.92,Pending,,0
PAY001178,POL00406,C0128,2024-06-28,2024-06-27,515.92,Paid,Debit Card,0
PAY001179,POL00406,C0128,2024-07-28,2024-07-30,515.92,Paid,Debit Card,0
PAY001180,POL00406,C0128,2024-08-27,2024-08-25,515.92,Paid,UPI,0
PAY001181,POL00406,C0128,2024-09-26,,515.92,Pending,,0
PAY001182,POL00406,C0128,2024-10-26,2024-10-25,515.92,Paid,Net Banking,0
PAY001183,POL00406,C0128,2024-11-25,2024-11-30,515.92,Paid,Net Banking,10.32
PAY001184,POL00406,C0128,2024-12-25,2024-12-26,515.92,Paid,Debit Card,0
PAY001185,POL00406,C0128,2025-01-24,2025-01-26,515.92,Paid,Debit Card,0
PAY001186,POL00406,C0128,2025-02-23,2025-02-25,515.92,Paid,UPI,0
PAY001187,POL00406,C0128,2025-03-25,2025-03-23,515.92,Paid,Credit Card,0
PAY001188,POL00406,C0128,2025-04-24,2025-04-27,515.92,Paid,UPI,0
PAY001189,POL00407,C0024,2024-08-01,,22375.0,Failed,Net Banking,0
PAY001190,POL00407,C0024,2025-01-28,,22375.0,Pending,,0
PAY001191,POL00407,C0024,2025-07-27,2025-07-29,22375.0,Paid,Net Banking,0
PAY001192,POL00408,C0024,2025-06-16,2025-06-19,2815.0,Paid,Cash,0
PAY001193,POL00408,C0024,2025-09-14,,2815.0,Pending,,0
PAY001194,POL00409,C0211,2024-08-08,2024-08-08,13650.0,Paid,Auto Debit,0
PAY001195,POL00409,C0211,2025-02-04,2025-02-03,13650.0,Paid,Credit Card,0
PAY001196,POL00409,C0211,2025-08-03,2025-08-06,13650.0,Paid,Net Banking,0
PAY001197,POL00410,C0248,2025-03-17,2025-03-19,5530.0,Paid,Debit Card,0
PAY001198,POL00411,C0046,2024-08-26,2024-08-25,432.5,Paid,Debit Card,0
PAY001199,POL00411,C0046,2024-11-24,,432.5,Overdue,,0
PAY001200,POL00411,C0046,2025-02-22,2025-03-22,432.5,Overdue,UPI,21.62
PAY001201,POL00411,C0046,2025-05-23,2025-05-28,432.5,Paid,Auto Debit,8.65
PAY001202,POL00411,C0046,2025-08-21,2025-10-05,432.5,Overdue,Debit Card,21.62
PAY001203,POL00412,C0311,2023-11-11,2023-11-11,5940.0,Paid,UPI,0
PAY001204,POL00412,C0311,2024-02-09,2024-02-14,5940.0,Paid,UPI,118.8
PAY001205,POL00412,C0311,2024-05-09,2024-05-14,5940.0,Paid,UPI,118.8
PAY001206,POL00412,C0311,2024-08-07,2024-08-09,5940.0,Paid,Auto Debit,0
PAY001207,POL00412,C0311,2024-11-05,2024-11-06,5940.0,Paid,UPI,0
PAY001208,POL00413,C0042,2025-04-10,2025-04-23,40830.0,Paid,Auto Debit,816.6
PAY001209,POL00414,C0167,2023-06-20,2023-06-20,6762.0,Paid,UPI,0
PAY001210,POL00414,C0167,2024-06-14,2024-06-15,6762.0,Paid,UPI,0
PAY001211,POL00415,C0295,2024-12-15,2024-12-13,170.83,Paid,UPI,0
PAY001212,POL00415,C0295,2025-01-14,2025-01-18,170.83,Paid,UPI,3.42
PAY001213,POL00415,C0295,2025-02-13,2025-02-11,170.83,Paid,Net Banking,0
PAY001214,POL00415,C0295,2025-03-15,2025-03-19,170.83,Paid,Net Banking,3.42
PAY001215,POL00415,C0295,2025-04-14,2025-04-12,170.83,Paid,Auto Debit,0
PAY001216,POL00415,C0295,2025-05-14,2025-05-12,170.83,Paid,UPI,0
PAY001217,POL00415,C0295,2025-06-13,2025-06-14,170.83,Paid,Net Banking,0
PAY001218,POL00415,C0295,2025-07-13,2025-07-13,170.83,Paid,UPI,0
PAY001219,POL00415,C0295,2025-08-12,2025-08-16,170.83,Paid,Cash,3.42
PAY001220,POL00415,C0295,2025-09-11,2025-09-09,170.83,Paid,UPI,0
PAY001221,POL00416,C0125,2023-12-13,2023-12-16,13420.0,Paid,UPI,0
PAY001222,POL00416,C0125,2024-12-07,2024-12-08,13420.0,Paid,UPI,0
PAY001223,POL00417,C0251,2025-07-30,,32510.0,Pending,,0
PAY001224,POL00418,C0171,2023-07-16,2023-07-14,17460.0,Paid,UPI,0
PAY001225,POL00418,C0171,2024-07-10,2024-07-15,17460.0,Paid,UPI,349.2
PAY001226,POL00419,C0324,2023-12-11,2023-12-09,1920.0,Paid,Credit Card,0
PAY001227,POL00419,C0324,2024-12-05,2024-12-04,1920.0,Paid,UPI,0
PAY001228,POL00420,C0015,2024-03-28,,25190.0,Overdue,,0
PAY001229,POL00420,C0015,2025-03-23,2025-04-06,25190.0,Paid,Net Banking,1007.6
PAY001230,POL00421,C0130,2025-02-10,2025-02-14,6730.0,Paid,Net Banking,134.6
PAY001231,POL00421,C0130,2025-08-09,2025-08-07,6730.0,Paid,Auto Debit,0
PAY001232,POL00422,C0490,2025-04-23,2025-04-25,20220.0,Paid,Debit Card,0
PAY001233,POL00423,C0291,2024-06-08,2024-06-13,2040.0,Paid,UPI,40.8
PAY001234,POL00423,C0291,2025-06-03,2025-06-02,2040.0,Paid,Net Banking,0
PAY001235,POL00424,C0054,2023-05-25,2023-05-31,1330.0,Paid,UPI,26.6
PAY001236,POL00424,C0054,2023-11-21,2023-11-23,1330.0,Paid,Auto Debit,0
PAY001237,POL00424,C0054,2024-05-19,,1330.0,Failed,Net Banking,0
PAY001238,POL00425,C0469,2024-06-06,,2727.0,Overdue,,0
PAY001239,POL00425,C0469,2025-06-01,2025-06-04,2727.0,Paid,UPI,0
PAY001240,POL00426,C0452,2023-10-27,2023-10-25,14830.0,Paid,UPI,0
PAY001241,POL00426,C0452,2024-04-24,2024-04-26,14830.0,Paid,Debit Card,0
PAY001242,POL00426,C0452,2024-10-21,2024-10-19,14830.0,Paid,Credit Card,0
PAY001243,POL00427,C0128,2024-02-12,2024-02-17,1850.0,Paid,Debit Card,37.0
PAY001244,POL00427,C0128,2025-02-06,2025-02-06,1850.0,Paid,Net Banking,0
PAY001245,POL00428,C0079,2023-09-07,2023-09-26,4645.0,Paid,UPI,185.8
PAY001246,POL00428,C0079,2023-12-06,,4645.0,Overdue,,0
PAY001247,POL00428,C0079,2024-03-05,2024-03-07,4645.0,Paid,Net Banking,0
PAY001248,POL00428,C0079,2024-06-03,2024-06-15,4645.0,Paid,Credit Card,92.9
PAY001249,POL00428,C0079,2024-09-01,2024-09-16,4645.0,Paid,UPI,185.8
PAY001250,POL00429,C0460,2024-10-21,,17130.0,Pending,,0
PAY001251,POL00430,C0296,2024-05-22,2024-05-25,6285.0,Paid,Auto Debit,0
PAY001252,POL00430,C0296,2024-11-18,2024-11-21,6285.0,Paid,UPI,0
PAY001253,POL00430,C0296,2025-05-17,2025-05-16,6285.0,Paid,UPI,0
PAY001254,POL00431,C0070,2025-06-04,,430.0,Overdue,,0
PAY001255,POL00431,C0070,2025-09-02,,430.0,Pending,,0
PAY001256,POL00432,C0143,2023-10-24,2023-10-23,30080.0,Paid,UPI,0
PAY001257,POL00432,C0143,2024-10-18,2024-10-22,30080.0,Paid,Cash,601.6
PAY001258,POL00433,C0021,2023-05-04,,1470.0,Overdue,,0
PAY001259,POL00433,C0021,2024-04-28,,1470.0,Failed,Net Banking,0
PAY001260,POL00434,C0267,2023-12-02,2023-12-06,2446.5,Paid,Debit Card,48.93
PAY001261,POL00434,C0267,2024-05-30,,2446.5,Failed,Credit Card,0
PAY001262,POL00434,C0267,2024-11-26,2024-11-26,2446.5,Paid,UPI,0
PAY001263,POL00435,C0057,2024-11-08,2024-11-07,990.83,Paid,Auto Debit,0
PAY001264,POL00435,C0057,2024-12-08,2025-01-21,990.83,Overdue,UPI,49.54
PAY001265,POL00435,C0057,2025-01-07,2025-03-05,990.83,Overdue,Credit Card,49.54
PAY001266,POL00435,C0057,2025-02-06,2025-02-22,990.83,Paid,UPI,39.63
PAY001267,POL00435,C0057,2025-03-08,2025-03-15,990.83,Paid,Credit Card,19.82
PAY001268,POL00435,C0057,2025-04-07,2025-05-11,990.83,Overdue,UPI,49.54
PAY001269,POL00435,C0057,2025-05-07,2025-05-21,990.83,Paid,Auto Debit,39.63
PAY001270,POL00435,C0057,2025-06-06,,990.83,Failed,Auto Debit,0
PAY001271,POL00435,C0057,2025-07-06,2025-07-24,990.83,Paid,UPI,39.63
PAY001272,POL00435,C0057,2025-08-05,2025-08-13,990.83,Paid,Cash,19.82
PAY001273,POL00435,C0057,2025-09-04,2025-09-10,990.83,Paid,Net Banking,19.82
PAY001274,POL00436,C0426,2025-03-16,2025-03-14,46370.0,Paid,Net Banking,0
PAY001275,POL00437,C0441,2024-11-22,2024-11-26,9440.0,Paid,UPI,188.8
PAY001276,POL00437,C0441,2025-05-21,2025-05-21,9440.0,Paid,Debit Card,0
PAY001277,POL00438,C0073,2023-06-20,2023-06-20,1020.0,Paid,Cash,0
PAY001278,POL00438,C0073,2023-12-17,2023-12-30,1020.0,Paid,Credit Card,20.4
PAY001279,POL00438,C0073,2024-06-14,,1020.0,Overdue,,0
PAY001280,POL00439,C0356,2023-04-15,2023-04-18,3725.0,Paid,UPI,0
PAY001281,POL00439,C0356,2023-07-14,2023-07-15,3725.0,Paid,UPI,0
PAY001282,POL00439,C0356,2023-10-12,2023-10-16,3725.0,Paid,UPI,74.5
PAY001283,POL00439,C0356,2024-01-10,2024-01-14,3725.0,Paid,Net Banking,74.5
PAY001284,POL00439,C0356,2024-04-09,2024-04-07,3725.0,Paid,UPI,0
PAY001285,POL00440,C0360,2025-07-01,2025-06-30,2350.0,Paid,UPI,0
PAY001286,POL00441,C0332,2024-12-07,2024-12-05,5430.0,Paid,UPI,0
PAY001287,POL00441,C0332,2025-06-05,,5430.0,Pending,,0
PAY001288,POL00442,C0390,2025-05-04,,1153.0,Overdue,,0
PAY001289,POL00443,C0085,2024-12-07,,1015.83,Failed,Credit Card,0
PAY001290,POL00443,C0085,2025-01-06,2025-01-11,1015.83,Paid,UPI,20.32
PAY001291,POL00443,C0085,2025-02-05,,1015.83,Overdue,,0
PAY001292,POL00443,C0085,2025-03-07,,1015.83,Overdue,,0
PAY001293,POL00443,C0085,2025-04-06,,1015.83,Overdue,,0
PAY001294,POL00443,C0085,2025-05-06,,1015.83,Overdue,,0
PAY001295,POL00443,C0085,2025-06-05,,1015.83,Overdue,,0
PAY001296,POL00443,C0085,2025-07-05,,1015.83,Overdue,,0
PAY001297,POL00443,C0085,2025-08-04,2025-08-04,1015.83,Paid,Auto Debit,0
PAY001298,POL00443,C0085,2025-09-03,,1015.83,Failed,Credit Card,0
PAY001299,POL00444,C0113,2025-05-10,2025-05-12,1096.0,Paid,Net Banking,0
PAY001300,POL00445,C0023,2025-06-17,2025-06-15,1995.0,Paid,Auto Debit,0
PAY001301,POL00446,C0080,2024-07-08,,19060.0,Failed,Credit Card,0
PAY001302,POL00446,C0080,2025-07-03,,19060.0,Overdue,,0
PAY001303,POL00447,C0293,2025-03-29,2025-03-28,27510.0,Paid,Auto Debit,0
PAY001304,POL00448,C0303,2024-01-12,2024-01-13,3900.0,Paid,Cash,0
PAY001305,POL00448,C0303,2025-01-06,2025-01-05,3900.0,Paid,Net Banking,0
PAY001306,POL00449,C0226,2025-06-11,2025-06-10,58440.0,Paid,Credit Card,0
PAY001307,POL00450,C0209,2023-12-17,2023-12-20,5823.0,Paid,Credit Card,0
PAY001308,POL00450,C0209,2024-06-14,2024-06-14,5823.0,Paid,Debit Card,0
PAY001309,POL00450,C0209,2024-12-11,,5823.0,Pending,,0
PAY001310,POL00451,C0382,2023-07-05,2023-07-03,35860.0,Paid,UPI,0
PAY001311,POL00451,C0382,2024-06-29,2024-06-27,35860.0,Paid,UPI,0
PAY001312,POL00452,C0377,2024-07-06,2024-07-07,468.5,Paid,UPI,0
PAY001313,POL00452,C0377,2025-01-02,2025-01-07,468.5,Paid,UPI,9.37
PAY001314,POL00452,C0377,2025-07-01,,468.5,Pending,,0
PAY001315,POL00453,C0283,2024-01-24,2024-01-26,2600.0,Paid,UPI,0
PAY001316,POL00453,C0283,2025-01-18,2025-02-27,2600.0,Overdue,Net Banking,130.0
PAY001317,POL00454,C0317,2023-06-07,2023-06-05,2631.5,Paid,UPI,0
PAY001318,POL00454,C0317,2023-12-04,2023-12-06,2631.5,Paid,Auto Debit,0
PAY001319,POL00454,C0317,2024-06-01,2024-06-01,2631.5,Paid,Debit Card,0
PAY001320,POL00455,C0314,2025-02-26,2025-02-25,10400.0,Paid,Credit Card,0
PAY001321,POL00455,C0314,2025-08-25,2025-08-25,10400.0,Paid,Credit Card,0
PAY001322,POL00456,C0026,2023-07-31,,204.17,Overdue,,0
PAY001323,POL00456,C0026,2023-08-30,,204.17,Failed,Auto Debit,0
PAY001324,POL00456,C0026,2023-09-29,2023-10-09,204.17,Paid,UPI,4.08
PAY001325,POL00456,C0026,2023-10-29,,204.17,Overdue,,0
PAY001326,POL00456,C0026,2023-11-28,2023-12-04,204.17,Paid,Credit Card,4.08
PAY001327,POL00456,C0026,2023-12-28,,204.17,Pending,,0
PAY001328,POL00456,C0026,2024-01-27,,204.17,Overdue,,0
PAY001329,POL00456,C0026,2024-02-26,2024-03-01,204.17,Paid,Net Banking,4.08
PAY001330,POL00456,C0026,2024-03-27,2024-04-01,204.17,Paid,UPI,4.08
PAY001331,POL00456,C0026,2024-04-26,2024-05-16,204.17,Overdue,UPI,10.21
PAY001332,POL00456,C0026,2024-05-26,2024-06-10,204.17,Paid,Cash,8.17
PAY001333,POL00456,C0026,2024-06-25,,204.17,Overdue,,0
PAY001334,POL00456,C0026,2024-07-25,,204.17,Overdue,,0
PAY001335,POL00457,C0122,2024-07-28,,5360.0,Pending,,0
PAY001336,POL00457,C0122,2024-10-26,2024-10-29,5360.0,Paid,UPI,0
PAY001337,POL00457,C0122,2025-01-24,2025-01-28,5360.0,Paid,UPI,107.2
PAY001338,POL00457,C0122,2025-04-24,2025-04-29,5360.0,Paid,Credit Card,107.2
PAY001339,POL00457,C0122,2025-07-23,2025-07-25,5360.0,Paid,Net Banking,0
PAY001340,POL00458,C0141,2023-05-08,2023-05-07,35190.0,Paid,UPI,0
PAY001341,POL00458,C0141,2024-05-02,2024-05-02,35190.0,Paid,Net Banking,0
PAY001342,POL00459,C0325,2024-08-31,2024-08-31,5275.0,Paid,UPI,0
PAY001343,POL00459,C0325,2025-02-27,,5275.0,Failed,Credit Card,0
PAY001344,POL00459,C0325,2025-08-26,2025-08-30,5275.0,Paid,UPI,105.5
PAY001345,POL00460,C0160,2025-02-23,2025-02-21,44040.0,Paid,Credit Card,0
PAY001346,POL00461,C0063,2024-05-22,2024-06-06,4530.0,Paid,Debit Card,181.2
PAY001347,POL00461,C0063,2024-11-18,2024-11-29,4530.0,Paid,Net Banking,90.6
PAY001348,POL00461,C0063,2025-05-17,2025-05-23,4530.0,Paid,UPI,90.6
PAY001349,POL00462,C0109,2024-03-17,2024-03-19,17780.0,Paid,Credit Card,0
PAY001350,POL00462,C0109,2025-03-12,,17780.0,Overdue,,0
PAY001351,POL00463,C0405,2025-04-05,2025-04-06,28230.0,Paid,Auto Debit,0
PAY001352,POL00464,C0435,2024-09-08,2024-09-06,48550.0,Paid,UPI,0
PAY001353,POL00464,C0435,2025-09-03,2025-09-04,48550.0,Paid,UPI,0
PAY001354,POL00465,C0333,2023-07-20,2023-07-21,2818.33,Paid,Cash,0
PAY001355,POL00465,C0333,2023-08-19,2023-08-19,2818.33,Paid,UPI,0
PAY001356,POL00465,C0333,2023-09-18,2023-09-22,2818.33,Paid,UPI,56.37
PAY001357,POL00465,C0333,2023-10-18,,2818.33,Pending,,0
PAY001358,POL00465,C0333,2023-11-17,2023-11-17,2818.33,Paid,Auto Debit,0
PAY001359,POL00465,C0333,2023-12-17,2023-12-17,2818.33,Paid,Auto Debit,0
PAY001360,POL00465,C0333,2024-01-16,2024-01-16,2818.33,Paid,Net Banking,0
PAY001361,POL00465,C0333,2024-02-15,,2818.33,Pending,,0
PAY001362,POL00465,C0333,2024-03-16,2024-03-20,2818.33,Paid,Debit Card,56.37
PAY001363,POL00465,C0333,2024-04-15,2024-04-18,2818.33,Paid,Auto Debit,0
PAY001364,POL00465,C0333,2024-05-15,2024-05-15,2818.33,Paid,Auto Debit,0
PAY001365,POL00465,C0333,2024-06-14,2024-06-13,2818.33,Paid,Cash,0
PAY001366,POL00465,C0333,2024-07-14,2024-07-19,2818.33,Paid,Auto Debit,56.37
PAY001367,POL00466,C0213,2025-07-20,2025-07-25,654.0,Paid,Net Banking,13.08
PAY001368,POL00467,C0453,2024-11-14,,27360.0,Overdue,,0
PAY001369,POL00468,C0006,2025-05-09,2025-05-21,56190.0,Paid,Auto Debit,1123.8
PAY001370,POL00469,C0420,2025-04-11,2025-04-09,11081.0,Paid,Credit Card,0
PAY001371,POL00470,C0152,2024-09-29,2024-09-27,1961.0,Paid,Net Banking,0
PAY001372,POL00470,C0152,2025-03-28,,1961.0,Pending,,0
PAY001373,POL00470,C0152,2025-09-24,2025-09-26,1961.0,Paid,Net Banking,0
PAY001374,POL00471,C0430,2025-07-21,2025-07-23,1169.5,Paid,Cash,0
PAY001375,POL00472,C0473,2024-01-07,2024-01-10,13750.0,Paid,Auto Debit,0
PAY001376,POL00472,C0473,2025-01-01,2025-01-03,13750.0,Paid,UPI,0
PAY001377,POL00473,C0016,2025-02-07,,990.0,Overdue,,0
PAY001378,POL00474,C0393,2023-09-02,2023-09-02,1150.0,Paid,Auto Debit,0
PAY001379,POL00474,C0393,2024-02-29,2024-03-03,1150.0,Paid,Debit Card,0
PAY001380,POL00474,C0393,2024-08-27,2024-08-29,1150.0,Paid,Credit Card,0
PAY001381,POL00475,C0482,2025-02-26,2025-02-26,63950.0,Paid,Net Banking,0
PAY001382,POL00476,C0499,2024-02-20,2024-02-20,28760.0,Paid,UPI,0
PAY001383,POL00476,C0499,2025-02-14,2025-02-16,28760.0,Paid,Auto Debit,0
PAY001384,POL00477,C0456,2025-05-03,2025-05-02,7930.0,Paid,Debit Card,0
PAY001385,POL00478,C0014,2024-04-16,2024-05-06,1515.5,Paid,Credit Card,60.62
PAY001386,POL00478,C0014,2024-07-15,,1515.5,Failed,Credit Card,0
PAY001387,POL00478,C0014,2024-10-13,,1515.5,Overdue,,0
PAY001388,POL00478,C0014,2025-01-11,2025-03-09,1515.5,Overdue,Net Banking,75.78
PAY001389,POL00478,C0014,2025-04-11,2025-04-19,1515.5,Paid,Credit Card,30.31
PAY001390,POL00479,C0100,2024-07-07,,3570.0,Failed,Credit Card,0
PAY001391,POL00479,C0100,2024-10-05,,3570.0,Failed,Credit Card,0
PAY001392,POL00479,C0100,2025-01-03,,3570.0,Failed,Credit Card,0
PAY001393,POL00479,C0100,2025-04-03,2025-04-17,3570.0,Paid,UPI,142.8
PAY001394,POL00479,C0100,2025-07-02,,3570.0,Failed,Credit Card,0
PAY001395,POL00480,C0028,2025-07-05,2025-07-15,5583.0,Paid,Net Banking,111.66
PAY001396,POL00481,C0148,2024-02-28,2024-03-20,3587.5,Overdue,Auto Debit,179.38
PAY001397,POL00481,C0148,2024-05-28,,3587.5,Pending,,0
PAY001398,POL00481,C0148,2024-08-26,2024-08-26,3587.5,Paid,Auto Debit,0
PAY001399,POL00481,C0148,2024-11-24,2024-11-25,3587.5,Paid,Credit Card,0
PAY001400,POL00481,C0148,2025-02-22,2025-02-22,3587.5,Paid,UPI,0
PAY001401,POL00482,C0486,2023-05-31,2023-06-04,6190.0,Paid,UPI,123.8
PAY001402,POL00482,C0486,2023-11-27,2023-12-01,6190.0,Paid,UPI,123.8
PAY001403,POL00482,C0486,2024-05-25,,6190.0,Pending,,0
PAY001404,POL00483,C0417,2025-03-22,2025-03-21,7980.0,Paid,Debit Card,0
PAY001405,POL00484,C0491,2024-07-02,2024-07-06,29640.0,Paid,UPI,592.8
PAY001406,POL00484,C0491,2025-06-27,2025-06-27,29640.0,Paid,UPI,0
PAY001407,POL00485,C0497,2025-03-22,2025-03-21,2190.0,Paid,Credit Card,0
PAY001408,POL00486,C0196,2023-10-28,2023-10-26,9065.0,Paid,UPI,0
PAY001409,POL00486,C0196,2024-04-25,2024-04-23,9065.0,Paid,Auto Debit,0
PAY001410,POL00486,C0196,2024-10-22,2024-10-27,9065.0,Paid,Auto Debit,181.3
PAY001411,POL00487,C0091,2024-06-30,2024-07-20,945.0,Paid,Net Banking,37.8
PAY001412,POL00487,C0091,2024-12-27,2025-01-08,945.0,Paid,Debit Card,18.9
PAY001413,POL00487,C0091,2025-06-25,2025-07-16,945.0,Overdue,Auto Debit,47.25
PAY001414,POL00488,C0275,2023-12-18,2023-12-18,5304.0,Paid,Debit Card,0
PAY001415,POL00488,C0275,2024-12-12,,5304.0,Pending,,0
PAY001416,POL00489,C0165,2025-02-03,2025-02-01,4575.0,Paid,Debit Card,0
PAY001417,POL00490,C0348,2024-11-11,2024-11-13,23850.0,Paid,Auto Debit,0
PAY001418,POL00491,C0401,2024-08-13,2024-08-16,35640.0,Paid,Auto Debit,0
PAY001419,POL00491,C0401,2025-08-08,,35640.0,Failed,Credit Card,0
PAY001420,POL00492,C0150,2024-01-31,2024-02-01,939.0,Paid,Cash,0
PAY001421,POL00492,C0150,2025-01-25,2025-01-28,939.0,Paid,Net Banking,0
PAY001422,POL00493,C0282,2023-12-31,2023-12-29,1093.33,Paid,Net Banking,0
PAY001423,POL00493,C0282,2024-01-30,2024-02-04,1093.33,Paid,Net Banking,21.87
PAY001424,POL00493,C0282,2024-02-29,2024-02-29,1093.33,Paid,Debit Card,0
PAY001425,POL00493,C0282,2024-03-30,2024-03-28,1093.33,Paid,Debit Card,0
PAY001426,POL00493,C0282,2024-04-29,2024-05-03,1093.33,Paid,UPI,21.87
PAY001427,POL00493,C0282,2024-05-29,2024-05-28,1093.33,Paid,Debit Card,0
PAY001428,POL00493,C0282,2024-06-28,2024-06-28,1093.33,Paid,UPI,0
PAY001429,POL00493,C0282,2024-07-28,2024-08-01,1093.33,Paid,UPI,21.87
PAY001430,POL00493,C0282,2024-08-27,2024-08-26,1093.33,Paid,Net Banking,0
PAY001431,POL00493,C0282,2024-09-26,2024-09-27,1093.33,Paid,UPI,0
PAY001432,POL00493,C0282,2024-10-26,,1093.33,Overdue,,0
PAY001433,POL00493,C0282,2024-11-25,2024-11-23,1093.33,Paid,UPI,0
PAY001434,POL00493,C0282,2024-12-25,2024-12-23,1093.33,Paid,Credit Card,0
PAY001435,POL00494,C0098,2024-12-14,,1291.0,Overdue,,0
PAY001436,POL00494,C0098,2025-06-12,2025-06-26,1291.0,Paid,UPI,51.64
PAY001437,POL00495,C0200,2025-08-24,2025-08-26,14980.0,Paid,Credit Card,0
PAY001438,POL00496,C0363,2023-09-04,2023-09-04,29100.0,Paid,UPI,0
PAY001439,POL00496,C0363,2024-08-29,2024-08-29,29100.0,Paid,UPI,0
PAY001440,POL00497,C0458,2025-08-16,,7170.0,Overdue,,0
PAY001441,POL00498,C0423,2023-05-30,2023-06-03,989.0,Paid,Credit Card,19.78
PAY001442,POL00498,C0423,2024-05-24,2024-05-27,989.0,Paid,Auto Debit,0
PAY001443,POL00499,C0496,2023-10-07,2023-10-12,22250.0,Paid,UPI,445.0
PAY001444,POL00499,C0496,2024-10-01,2024-10-04,22250.0,Paid,UPI,0
PAY001445,POL00500,C0003,2023-12-10,2024-01-30,46100.0,Overdue,Auto Debit,2305.0
PAY001446,POL00500,C0003,2024-12-04,,46100.0,Pending,,0
PAY001447,POL00501,C0161,2023-07-27,2023-07-27,18620.0,Paid,UPI,0
PAY001448,POL00501,C0161,2024-07-21,2024-07-20,18620.0,Paid,Auto Debit,0
PAY001449,POL00502,C0292,2025-08-24,,1340.0,Overdue,,0
PAY001450,POL00503,C0217,2025-06-22,2025-06-20,2550.0,Paid,Net Banking,0
PAY001451,POL00504,C0052,2024-01-09,2024-01-13,4710.0,Paid,Net Banking,94.2
PAY001452,POL00504,C0052,2024-04-08,,4710.0,Pending,,0
PAY001453,POL00504,C0052,2024-07-07,,4710.0,Pending,,0
PAY001454,POL00504,C0052,2024-10-05,,4710.0,Overdue,,0
PAY001455,POL00504,C0052,2025-01-03,,4710.0,Failed,Auto Debit,0
PAY001456,POL00505,C0280,2024-01-01,2024-01-02,34050.0,Paid,Debit Card,0
PAY001457,POL00505,C0280,2024-12-26,2024-12-27,34050.0,Paid,Credit Card,0
PAY001458,POL00506,C0097,2024-08-02,2024-08-09,541.5,Paid,Net Banking,10.83
PAY001459,POL00506,C0097,2025-01-29,2025-01-27,541.5,Paid,UPI,0
PAY001460,POL00506,C0097,2025-07-28,2025-08-08,541.5,Paid,Credit Card,10.83
PAY001461,POL00507,C0182,2025-08-27,2025-08-25,5978.0,Paid,UPI,0
PAY001462,POL00508,C0056,2025-07-07,2025-07-09,20710.0,Paid,UPI,0
PAY001463,POL00509,C0242,2024-08-08,,12310.0,Failed,Net Banking,0
PAY001464,POL00509,C0242,2025-08-03,2025-08-06,12310.0,Paid,Debit Card,0
PAY001465,POL00510,C0112,2025-03-12,2025-03-16,7252.5,Paid,Credit Card,145.05
PAY001466,POL00510,C0112,2025-06-10,2025-06-11,7252.5,Paid,UPI,0
PAY001467,POL00510,C0112,2025-09-08,,7252.5,Overdue,,0
PAY001468,POL00511,C0335,2023-09-18,2023-09-20,6691.0,Paid,Net Banking,0
PAY001469,POL00511,C0335,2024-09-12,2024-09-15,6691.0,Paid,UPI,0
PAY001470,POL00512,C0002,2023-10-13,2023-10-19,15750.0,Paid,Auto Debit,315.0
PAY001471,POL00512,C0002,2024-10-07,2024-10-09,15750.0,Paid,Net Banking,0
PAY001472,POL00513,C0234,2025-02-10,,3711.67,Overdue,,0
PAY001473,POL00513,C0234,2025-03-12,2025-03-11,3711.67,Paid,UPI,0
PAY001474,POL00513,C0234,2025-04-11,2025-04-14,3711.67,Paid,UPI,0
PAY001475,POL00513,C0234,2025-05-11,2025-05-10,3711.67,Paid,UPI,0
PAY001476,POL00513,C0234,2025-06-10,2025-06-15,3711.67,Paid,Auto Debit,74.23
PAY001477,POL00513,C0234,2025-07-10,2025-07-09,3711.67,Paid,UPI,0
PAY001478,POL00513,C0234,2025-08-09,2025-08-14,3711.67,Paid,Net Banking,74.23
PAY001479,POL00513,C0234,2025-09-08,2025-09-10,3711.67,Paid,UPI,0
PAY001480,POL00514,C0304,2025-08-16,,12150.0,Overdue,,0
PAY001481,POL00515,C0053,2025-07-02,,20170.0,Failed,Credit Card,0
PAY001482,POL00516,C0466,2024-05-02,2024-05-03,39800.0,Paid,Debit Card,0
PAY001483,POL00516,C0466,2025-04-27,2025-04-29,39800.0,Paid,Debit Card,0
PAY001484,POL00517,C0299,2023-08-07,2023-08-10,22300.0,Paid,Debit Card,0
PAY001485,POL00517,C0299,2024-08-01,2024-08-06,22300.0,Paid,Net Banking,446.0
PAY001486,POL00518,C0023,2024-02-19,2024-02-19,16170.0,Paid,Net Banking,0
PAY001487,POL00518,C0023,2025-02-13,2025-02-17,16170.0,Paid,UPI,323.4
PAY001488,POL00519,C0312,2025-03-09,2025-03-08,1173.0,Paid,Net Banking,0
PAY001489,POL00519,C0312,2025-06-07,2025-06-12,1173.0,Paid,Net Banking,23.46
PAY001490,POL00519,C0312,2025-09-05,2025-09-06,1173.0,Paid,Net Banking,0
PAY001491,POL00520,C0033,2023-10-16,2023-12-01,21830.0,Overdue,UPI,1091.5
PAY001492,POL00520,C0033,2024-10-10,,21830.0,Pending,,0
PAY001493,POL00521,C0189,2025-02-07,2025-02-07,2790.0,Paid,Auto Debit,0
PAY001494,POL00522,C0319,2024-01-26,2024-01-25,15610.0,Paid,Auto Debit,0
PAY001495,POL00522,C0319,2025-01-20,2025-01-23,15610.0,Paid,Debit Card,0
PAY001496,POL00523,C0418,2025-02-20,2025-02-24,685.0,Paid,UPI,13.7
PAY001497,POL00523,C0418,2025-08-19,2025-08-22,685.0,Paid,UPI,0
PAY001498,POL00524,C0156,2024-12-20,2024-12-24,3890.0,Paid,Cash,77.8
PAY001499,POL00524,C0156,2025-03-20,2025-05-07,3890.0,Overdue,Auto Debit,194.5
PAY001500,POL00524,C0156,2025-06-18,,3890.0,Pending,,0
PAY001501,POL00524,C0156,2025-09-16,2025-09-20,3890.0,Paid,UPI,77.8
PAY001502,POL00525,C0036,2024-11-17,2024-12-05,18000.0,Paid,Auto Debit,720.0
PAY001503,POL00526,C0296,2024-12-02,2024-12-02,9190.0,Paid,Net Banking,0
PAY001504,POL00526,C0296,2025-05-31,2025-06-01,9190.0,Paid,Auto Debit,0
PAY001505,POL00527,C0488,2025-07-23,2025-07-27,17870.0,Paid,Net Banking,357.4
PAY001506,POL00528,C0036,2023-11-07,,31970.0,Overdue,,0
PAY001507,POL00528,C0036,2024-11-01,2024-11-15,31970.0,Paid,Net Banking,1278.8
PAY001508,POL00529,C0292,2023-07-31,2023-08-05,6226.0,Paid,Credit Card,124.52
PAY001509,POL00529,C0292,2024-07-25,2024-07-23,6226.0,Paid,Debit Card,0
PAY001510,POL00530,C0013,2023-11-22,,4690.0,Overdue,,0
PAY001511,POL00530,C0013,2024-11-16,,4690.0,Pending,,0
PAY001512,POL00531,C0136,2025-05-14,2025-05-15,2377.0,Paid,UPI,0
PAY001513,POL00532,C0437,2024-08-28,2024-08-31,2930.0,Paid,Debit Card,0
PAY001514,POL00532,C0437,2025-08-23,2025-08-26,2930.0,Paid,Debit Card,0
PAY001515,POL00533,C0186,2024-07-17,2024-07-17,42000.0,Paid,Net Banking,0
PAY001516,POL00533,C0186,2025-07-12,2025-07-11,42000.0,Paid,Cash,0
PAY001517,POL00534,C0071,2025-01-02,2025-01-14,4559.0,Paid,Net Banking,91.18
PAY001518,POL00535,C0083,2023-12-31,2023-12-29,11620.0,Paid,UPI,0
PAY001519,POL00535,C0083,2024-12-25,,11620.0,Overdue,,0
PAY001520,POL00536,C0034,2025-04-18,2025-04-17,17945.0,Paid,Debit Card,0
PAY001521,POL00537,C0496,2024-05-17,2024-05-22,3930.0,Paid,Net Banking,78.6
PAY001522,POL00537,C0496,2024-08-15,2024-08-17,3930.0,Paid,UPI,0
PAY001523,POL00537,C0496,2024-11-13,,3930.0,Overdue,,0
PAY001524,POL00537,C0496,2025-02-11,2025-03-31,3930.0,Overdue,UPI,196.5
PAY001525,POL00537,C0496,2025-05-12,,3930.0,Overdue,,0
PAY001526,POL00538,C0498,2024-06-08,,592.5,Overdue,,0
PAY001527,POL00538,C0498,2024-09-06,2024-09-07,592.5,Paid,UPI,0
PAY001528,POL00538,C0498,2024-12-05,2024-12-05,592.5,Paid,Auto Debit,0
PAY001529,POL00538,C0498,2025-03-05,2025-03-04,592.5,Paid,UPI,0
PAY001530,POL00538,C0498,2025-06-03,2025-06-08,592.5,Paid,Auto Debit,11.85
PAY001531,POL00539,C0047,2023-09-26,,10530.0,Overdue,,0
PAY001532,POL00539,C0047,2024-09-20,,10530.0,Overdue,,0
PAY001533,POL00540,C0478,2024-10-08,2024-10-08,2884.0,Paid,UPI,0
PAY001534,POL00541,C0160,2023-10-14,2023-10-17,25780.0,Paid,UPI,0
PAY001535,POL00541,C0160,2024-10-08,2024-10-12,25780.0,Paid,Credit Card,515.6
PAY001536,POL00542,C0065,2023-12-13,2023-12-22,4730.0,Paid,UPI,94.6
PAY001537,POL00542,C0065,2024-03-12,2024-03-23,4730.0,Paid,Cash,94.6
PAY001538,POL00542,C0065,2024-06-10,2024-06-26,4730.0,Paid,Auto Debit,189.2
PAY001539,POL00542,C0065,2024-09-08,2024-09-06,4730.0,Paid,Auto Debit,0
PAY001540,POL00542,C0065,2024-12-07,,4730.0,Overdue,,0
PAY001541,POL00543,C0375,2024-06-10,,15100.0,Pending,,0
PAY001542,POL00543,C0375,2025-06-05,2025-06-03,15100.0,Paid,UPI,0
PAY001543,POL00544,C0457,2024-06-24,,26410.0,Pending,,0
PAY001544,POL00544,C0457,2025-06-19,2025-06-23,26410.0,Paid,UPI,528.2
PAY001545,POL00545,C0142,2024-07-11,2024-08-29,13680.0,Overdue,UPI,684.0
PAY001546,POL00545,C0142,2025-01-07,2025-01-12,13680.0,Paid,Auto Debit,273.6
PAY001547,POL00545,C0142,2025-07-06,2025-07-07,13680.0,Paid,Auto Debit,0
PAY001548,POL00546,C0112,2024-04-19,2024-04-20,1800.0,Paid,Net Banking,0
PAY001549,POL00546,C0112,2025-04-14,2025-04-17,1800.0,Paid,Credit Card,0
PAY001550,POL00547,C0055,2023-05-31,,13615.0,Pending,,0
PAY001551,POL00547,C0055,2023-11-27,2023-12-01,13615.0,Paid,UPI,272.3
PAY001552,POL00547,C0055,2024-05-25,2024-06-06,13615.0,Paid,UPI,272.3
PAY001553,POL00548,C0476,2025-02-27,,5088.0,Failed,Net Banking,0
PAY001554,POL00549,C0002,2024-01-03,,1904.17,Overdue,,0
PAY001555,POL00549,C0002,2024-02-02,,1904.17,Failed,Net Banking,0
PAY001556,POL00549,C0002,2024-03-03,2024-03-09,1904.17,Paid,Debit Card,38.08
PAY001557,POL00549,C0002,2024-04-02,2024-04-07,1904.17,Paid,Auto Debit,38.08
PAY001558,POL00549,C0002,2024-05-02,2024-05-07,1904.17,Paid,Cash,38.08
PAY001559,POL00549,C0002,2024-06-01,2024-06-11,1904.17,Paid,Debit Card,38.08
PAY001560,POL00549,C0002,2024-07-01,2024-06-30,1904.17,Paid,UPI,0
PAY001561,POL00549,C0002,2024-07-31,2024-08-17,1904.17,Paid,Auto Debit,76.17
PAY001562,POL00549,C0002,2024-08-30,2024-10-22,1904.17,Overdue,UPI,95.21
PAY001563,POL00549,C0002,2024-09-29,2024-11-27,1904.17,Overdue,UPI,95.21
PAY001564,POL00549,C0002,2024-10-29,,1904.17,Failed,Auto Debit,0
PAY001565,POL00549,C0002,2024-11-28,2025-01-18,1904.17,Overdue,UPI,95.21
PAY001566,POL00549,C0002,2024-12-28,2025-01-06,1904.17,Paid,Credit Card,38.08
PAY001567,POL00550,C0235,2024-04-15,2024-04-19,29950.0,Paid,UPI,599.0
PAY001568,POL00550,C0235,2025-04-10,,29950.0,Overdue,,0
PAY001569,POL00551,C0344,2024-02-21,2024-02-24,5585.0,Paid,Auto Debit,0
PAY001570,POL00551,C0344,2024-05-21,2024-05-21,5585.0,Paid,Credit Card,0
PAY001571,POL00551,C0344,2024-08-19,2024-08-20,5585.0,Paid,Credit Card,0
PAY001572,POL00551,C0344,2024-11-17,2024-11-20,5585.0,Paid,UPI,0
PAY001573,POL00551,C0344,2025-02-15,2025-02-19,5585.0,Paid,UPI,111.7
PAY001574,POL00552,C0072,2025-07-23,2025-08-05,2360.0,Paid,Cash,47.2
PAY001575,POL00553,C0017,2024-04-11,,12380.0,Failed,Auto Debit,0
PAY001576,POL00553,C0017,2025-04-06,2025-04-21,12380.0,Paid,UPI,495.2
PAY001577,POL00554,C0087,2023-08-10,2023-09-04,882.5,Overdue,Credit Card,44.12
PAY001578,POL00554,C0087,2023-11-08,2023-11-08,882.5,Paid,Auto Debit,0
PAY001579,POL00554,C0087,2024-02-06,,882.5,Failed,Net Banking,0
PAY001580,POL00554,C0087,2024-05-06,,882.5,Failed,Auto Debit,0
PAY001581,POL00554,C0087,2024-08-04,2024-09-22,882.5,Overdue,Credit Card,44.12
PAY001582,POL00555,C0394,2023-08-19,2023-08-20,5025.0,Paid,UPI,0
PAY001583,POL00555,C0394,2024-02-15,2024-02-16,5025.0,Paid,UPI,0
PAY001584,POL00555,C0394,2024-08-13,2024-08-13,5025.0,Paid,UPI,0
PAY001585,POL00556,C0301,2025-08-07,2025-08-07,11250.0,Paid,Auto Debit,0
PAY001586,POL00557,C0207,2024-10-23,,20340.0,Failed,Net Banking,0
PAY001587,POL00558,C0287,2024-11-21,2024-11-19,136.67,Paid,UPI,0
PAY001588,POL00558,C0287,2024-12-21,2025-01-26,136.67,Overdue,UPI,6.83
PAY001589,POL00558,C0287,2025-01-20,2025-01-18,136.67,Paid,UPI,0
PAY001590,POL00558,C0287,2025-02-19,2025-02-21,136.67,Paid,Credit Card,0
PAY001591,POL00558,C0287,2025-03-21,2025-03-22,136.67,Paid,Debit Card,0
PAY001592,POL00558,C0287,2025-04-20,2025-04-20,136.67,Paid,UPI,0
PAY001593,POL00558,C0287,2025-05-20,2025-05-20,136.67,Paid,Credit Card,0
PAY001594,POL00558,C0287,2025-06-19,2025-06-17,136.67,Paid,UPI,0
PAY001595,POL00558,C0287,2025-07-19,2025-07-20,136.67,Paid,UPI,0
PAY001596,POL00558,C0287,2025-08-18,,136.67,Overdue,,0
PAY001597,POL00558,C0287,2025-09-17,2025-09-16,136.67,Paid,UPI,0
PAY001598,POL00559,C0053,2025-08-24,,18610.0,Overdue,,0
PAY001599,POL00560,C0246,2023-11-18,2023-11-22,1280.0,Paid,UPI,25.6
PAY001600,POL00560,C0246,2024-05-16,,1280.0,Overdue,,0
PAY001601,POL00560,C0246,2024-11-12,2024-11-10,1280.0,Paid,UPI,0
PAY001602,POL00561,C0459,2024-05-15,2024-05-20,14245.0,Paid,Net Banking,284.9
PAY001603,POL00561,C0459,2024-11-11,2024-11-16,14245.0,Paid,UPI,284.9
PAY001604,POL00561,C0459,2025-05-10,2025-05-10,14245.0,Paid,UPI,0
PAY001605,POL00562,C0201,2024-05-31,2024-05-31,34750.0,Paid,Credit Card,0
PAY001606,POL00562,C0201,2025-05-26,,34750.0,Overdue,,0
PAY001607,POL00563,C0342,2025-06-10,2025-06-15,600.0,Paid,UPI,12.0
PAY001608,POL00563,C0342,2025-09-08,,600.0,Pending,,0
PAY001609,POL00564,C0400,2025-07-30,2025-07-30,1000.0,Paid,UPI,0
PAY001610,POL00565,C0380,2024-02-07,2024-02-08,1730.0,Paid,UPI,0
PAY001611,POL00565,C0380,2024-03-08,2024-03-12,1730.0,Paid,UPI,34.6
PAY001612,POL00565,C0380,2024-04-07,2024-04-09,1730.0,Paid,Net Banking,0
PAY001613,POL00565,C0380,2024-05-07,2024-05-11,1730.0,Paid,UPI,34.6
PAY001614,POL00565,C0380,2024-06-06,2024-06-06,1730.0,Paid,Debit Card,0
PAY001615,POL00565,C0380,2024-07-06,,1730.0,Overdue,,0
PAY001616,POL00565,C0380,2024-08-05,2024-08-06,1730.0,Paid,UPI,0
PAY001617,POL00565,C0380,2024-09-04,2024-09-04,1730.0,Paid,Credit Card,0
PAY001618,POL00565,C0380,2024-10-04,,1730.0,Overdue,,0
PAY001619,POL00565,C0380,2024-11-03,2024-11-03,1730.0,Paid,UPI,0
PAY001620,POL00565,C0380,2024-12-03,2024-12-02,1730.0,Paid,UPI,0
PAY001621,POL00565,C0380,2025-01-02,2025-01-05,1730.0,Paid,Net Banking,0
PAY001622,POL00565,C0380,2025-02-01,2025-02-03,1730.0,Paid,UPI,0
PAY001623,POL00566,C0180,2025-01-25,2025-01-24,26220.0,Paid,Credit Card,0
PAY001624,POL00567,C0239,2024-09-03,2024-09-04,5385.0,Paid,Credit Card,0
PAY001625,POL00567,C0239,2025-08-29,2025-09-03,5385.0,Paid,Net Banking,107.7
PAY001626,POL00568,C0347,2023-07-11,2023-07-11,98.75,Paid,UPI,0
PAY001627,POL00568,C0347,2023-08-10,2023-08-10,98.75,Paid,Net Banking,0
PAY001628,POL00568,C0347,2023-09-09,2023-09-09,98.75,Paid,UPI,0
PAY001629,POL00568,C0347,2023-10-09,2023-10-10,98.75,Paid,Debit Card,0
PAY001630,POL00568,C0347,2023-11-08,2023-11-11,98.75,Paid,Debit Card,0
PAY001631,POL00568,C0347,2023-12-08,2023-12-07,98.75,Paid,Credit Card,0
PAY001632,POL00568,C0347,2024-01-07,2024-01-05,98.75,Paid,UPI,0
PAY001633,POL00568,C0347,2024-02-06,2024-02-11,98.75,Paid,UPI,1.98
PAY001634,POL00568,C0347,2024-03-07,2024-03-11,98.75,Paid,Auto Debit,1.98
PAY001635,POL00568,C0347,2024-04-06,2024-04-07,98.75,Paid,Auto Debit,0
PAY001636,POL00568,C0347,2024-05-06,2024-05-10,98.75,Paid,Net Banking,1.98
PAY001637,POL00568,C0347,2024-06-05,2024-06-03,98.75,Paid,UPI,0
PAY001638,POL00568,C0347,2024-07-05,2024-07-07,98.75,Paid,Cash,0
PAY001639,POL00569,C0018,2024-05-26,2024-06-09,1111.25,Paid,UPI,44.45
PAY001640,POL00569,C0018,2024-08-24,,1111.25,Overdue,,0
PAY001641,POL00569,C0018,2024-11-22,,1111.25,Overdue,,0
PAY001642,POL00569,C0018,2025-02-20,,1111.25,Failed,Credit Card,0
PAY001643,POL00569,C0018,2025-05-21,2025-05-29,1111.25,Paid,Credit Card,22.23
PAY001644,POL00570,C0083,2024-08-02,,295.25,Overdue,,0
PAY001645,POL00570,C0083,2024-10-31,2024-11-03,295.25,Paid,UPI,0
PAY001646,POL00570,C0083,2025-01-29,,295.25,Overdue,,0
PAY001647,POL00570,C0083,2025-04-29,2025-05-15,295.25,Paid,Debit Card,11.81
PAY001648,POL00570,C0083,2025-07-28,2025-08-01,295.25,Paid,Auto Debit,5.91
PAY001649,POL00571,C0075,2023-12-14,,26090.0,Overdue,,0
PAY001650,POL00571,C0075,2024-12-08,2024-12-24,26090.0,Paid,Net Banking,1043.6
PAY001651,POL00572,C0269,2024-05-03,2024-05-03,24750.0,Paid,UPI,0
PAY001652,POL00572,C0269,2025-04-28,2025-04-27,24750.0,Paid,Net Banking,0
PAY001653,POL00573,C0404,2025-03-17,2025-03-21,17965.0,Paid,UPI,359.3
PAY001654,POL00573,C0404,2025-06-15,2025-07-11,17965.0,Overdue,Credit Card,898.25
PAY001655,POL00573,C0404,2025-09-13,2025-09-15,17965.0,Paid,Auto Debit,0
PAY001656,POL00574,C0308,2024-01-16,2024-01-15,2520.0,Paid,Auto Debit,0
PAY001657,POL00574,C0308,2025-01-10,2025-01-10,2520.0,Paid,UPI,0
PAY001658,POL00575,C0055,2023-12-20,2023-12-27,21450.0,Paid,Credit Card,429.0
PAY001659,POL00575,C0055,2024-12-14,2024-12-12,21450.0,Paid,Debit Card,0
PAY001660,POL00576,C0474,2025-07-27,2025-07-31,26330.0,Paid,Net Banking,526.6
PAY001661,POL00577,C0163,2024-02-26,,1815.0,Overdue,,0
PAY001662,POL00577,C0163,2024-05-26,2024-05-30,1815.0,Paid,UPI,36.3
PAY001663,POL00577,C0163,2024-08-24,,1815.0,Failed,Net Banking,0
PAY001664,POL00577,C0163,2024-11-22,2025-01-13,1815.0,Overdue,Net Banking,90.75
PAY001665,POL00577,C0163,2025-02-20,2025-02-19,1815.0,Paid,Net Banking,0
PAY001666,POL00578,C0134,2024-07-18,2024-07-16,16010.0,Paid,UPI,0
PAY001667,POL00578,C0134,2025-07-13,2025-07-12,16010.0,Paid,UPI,0
PAY001668,POL00579,C0327,2024-06-05,2024-06-06,11320.0,Paid,UPI,0
PAY001669,POL00579,C0327,2024-12-02,2024-12-02,11320.0,Paid,UPI,0
PAY001670,POL00579,C0327,2025-05-31,2025-06-05,11320.0,Paid,UPI,226.4
PAY001671,POL00580,C0329,2024-09-16,,5102.0,Pending,,0
PAY001672,POL00580,C0329,2025-09-11,2025-09-09,5102.0,Paid,Credit Card,0
PAY001673,POL00581,C0344,2024-04-13,2024-04-11,422.5,Paid,Auto Debit,0
PAY001674,POL00581,C0344,2024-07-12,2024-07-17,422.5,Paid,Credit Card,8.45
PAY001675,POL00581,C0344,2024-10-10,2024-10-12,422.5,Paid,Net Banking,0
PAY001676,POL00581,C0344,2025-01-08,,422.5,Failed,Credit Card,0
PAY001677,POL00581,C0344,2025-04-08,2025-04-06,422.5,Paid,Net Banking,0
PAY001678,POL00582,C0193,2024-11-21,2024-11-21,1198.0,Paid,Net Banking,0
PAY001679,POL00583,C0179,2024-11-04,2024-11-07,6716.0,Paid,UPI,0
PAY001680,POL00584,C0180,2023-09-18,2023-09-19,1682.5,Paid,Net Banking,0
PAY001681,POL00584,C0180,2024-03-16,2024-03-20,1682.5,Paid,UPI,33.65
PAY001682,POL00584,C0180,2024-09-12,,1682.5,Overdue,,0
PAY001683,POL00585,C0095,2024-01-09,,40930.0,Failed,Credit Card,0
PAY001684,POL00585,C0095,2025-01-03,2025-01-07,40930.0,Paid,Debit Card,818.6
PAY001685,POL00586,C0281,2023-11-09,2023-11-11,2589.17,Paid,UPI,0
PAY001686,POL00586,C0281,2023-12-09,2023-12-13,2589.17,Paid,UPI,51.78
PAY001687,POL00586,C0281,2024-01-08,,2589.17,Pending,,0
PAY001688,POL00586,C0281,2024-02-07,2024-02-11,2589.17,Paid,UPI,51.78
PAY001689,POL00586,C0281,2024-03-08,2024-04-04,2589.17,Overdue,Net Banking,129.46
PAY001690,POL00586,C0281,2024-04-07,2024-04-11,2589.17,Paid,Net Banking,51.78
PAY001691,POL00586,C0281,2024-05-07,2024-05-11,2589.17,Paid,Auto Debit,51.78
PAY001692,POL00586,C0281,2024-06-06,2024-06-10,2589.17,Paid,Auto Debit,51.78
PAY001693,POL00586,C0281,2024-07-06,2024-07-08,2589.17,Paid,Credit Card,0
PAY001694,POL00586,C0281,2024-08-05,2024-08-03,2589.17,Paid,Auto Debit,0
PAY001695,POL00586,C0281,2024-09-04,,2589.17,Overdue,,0
PAY001696,POL00586,C0281,2024-10-04,2024-10-07,2589.17,Paid,UPI,0
PAY001697,POL00586,C0281,2024-11-03,2024-11-01,2589.17,Paid,Cash,0
PAY001698,POL00587,C0022,2024-04-21,,45810.0,Failed,Net Banking,0
PAY001699,POL00587,C0022,2025-04-16,,45810.0,Overdue,,0
PAY001700,POL00588,C0136,2023-12-15,2023-12-15,1860.0,Paid,UPI,0
PAY001701,POL00588,C0136,2024-12-09,2024-12-10,1860.0,Paid,Net Banking,0
PAY001702,POL00589,C0444,2023-07-27,2023-07-29,2890.0,Paid,UPI,0
PAY001703,POL00589,C0444,2024-07-21,2024-07-22,2890.0,Paid,UPI,0
PAY001704,POL00590,C0028,2024-07-17,2024-07-25,2539.0,Paid,Debit Card,50.78
PAY001705,POL00590,C0028,2025-01-13,,2539.0,Overdue,,0
PAY001706,POL00590,C0028,2025-07-12,2025-07-28,2539.0,Paid,Debit Card,101.56
PAY001707,POL00591,C0402,2025-06-09,2025-06-12,6025.0,Paid,Auto Debit,0
PAY001708,POL00592,C0424,2023-11-02,2023-11-05,1670.0,Paid,Debit Card,0
PAY001709,POL00592,C0424,2024-04-30,2024-04-30,1670.0,Paid,Net Banking,0
PAY001710,POL00592,C0424,2024-10-27,2024-10-29,1670.0,Paid,Credit Card,0
PAY001711,POL00593,C0190,2025-05-28,2025-06-01,2050.0,Paid,Debit Card,41.0
PAY001712,POL00594,C0083,2023-07-12,2023-07-30,3050.0,Paid,UPI,122.0
PAY001713,POL00594,C0083,2024-07-06,,3050.0,Pending,,0
PAY001714,POL00595,C0009,2025-05-02,2025-06-07,17610.0,Overdue,Credit Card,880.5
PAY001715,POL00596,C0143,2025-08-20,2025-08-22,26340.0,Paid,UPI,0
PAY001716,POL00597,C0090,2025-08-29,2025-09-04,15175.0,Paid,UPI,303.5
PAY001717,POL00598,C0138,2024-10-27,2024-10-25,1764.17,Paid,Auto Debit,0
PAY001718,POL00598,C0138,2024-11-26,2024-11-27,1764.17,Paid,Net Banking,0
PAY001719,POL00598,C0138,2024-12-26,2024-12-30,1764.17,Paid,UPI,35.28
PAY001720,POL00598,C0138,2025-01-25,2025-01-29,1764.17,Paid,Debit Card,35.28
PAY001721,POL00598,C0138,2025-02-24,2025-03-01,1764.17,Paid,Net Banking,35.28
PAY001722,POL00598,C0138,2025-03-26,,1764.17,Failed,Net Banking,0
PAY001723,POL00598,C0138,2025-04-25,2025-04-30,1764.17,Paid,UPI,35.28
PAY001724,POL00598,C0138,2025-05-25,2025-05-24,1764.17,Paid,Net Banking,0
PAY001725,POL00598,C0138,2025-06-24,2025-06-27,1764.17,Paid,Auto Debit,0
PAY001726,POL00598,C0138,2025-07-24,2025-07-28,1764.17,Paid,Auto Debit,35.28
PAY001727,POL00598,C0138,2025-08-23,2025-08-27,1764.17,Paid,Debit Card,35.28
PAY001728,POL00598,C0138,2025-09-22,2025-09-21,1764.17,Paid,Net Banking,0
PAY001729,POL00599,C0343,2025-08-23,2025-08-22,7220.0,Paid,Net Banking,0
PAY001730,POL00600,C0223,2024-06-02,2024-05-31,48.17,Paid,Auto Debit,0
PAY001731,POL00600,C0223,2024-07-02,2024-07-07,48.17,Paid,Auto Debit,0.96
PAY001732,POL00600,C0223,2024-08-01,2024-07-31,48.17,Paid,UPI,0
PAY001733,POL00600,C0223,2024-08-31,2024-09-03,48.17,Paid,UPI,0
PAY001734,POL00600,C0223,2024-09-30,2024-10-04,48.17,Paid,UPI,0.96
PAY001735,POL00600,C0223,2024-10-30,,48.17,Pending,,0
PAY001736,POL00600,C0223,2024-11-29,2024-12-03,48.17,Paid,UPI,0.96
PAY001737,POL00600,C0223,2024-12-29,2025-01-28,48.17,Overdue,Net Banking,2.41
PAY001738,POL00600,C0223,2025-01-28,,48.17,Failed,Credit Card,0
PAY001739,POL00600,C0223,2025-02-27,2025-02-28,48.17,Paid,UPI,0
PAY001740,POL00600,C0223,2025-03-29,2025-04-03,48.17,Paid,Credit Card,0.96
PAY001741,POL00600,C0223,2025-04-28,2025-05-02,48.17,Paid,Net Banking,0.96
PAY001742,POL00600,C0223,2025-05-28,2025-05-27,48.17,Paid,Net Banking,0
PAY001743,POL00601,C0345,2024-03-04,2024-03-04,1960.0,Paid,Net Banking,0
PAY001744,POL00601,C0345,2025-02-27,,1960.0,Overdue,,0
PAY001745,POL00602,C0435,2025-03-07,2025-03-09,15930.0,Paid,Debit Card,0
PAY001746,POL00603,C0284,2023-06-14,2023-06-19,10415.0,Paid,Net Banking,208.3
PAY001747,POL00603,C0284,2023-12-11,2023-12-14,10415.0,Paid,UPI,0
PAY001748,POL00603,C0284,2024-06-08,2024-06-06,10415.0,Paid,Net Banking,0
PAY001749,POL00604,C0297,2023-05-03,2023-05-07,17510.0,Paid,UPI,350.2
PAY001750,POL00604,C0297,2023-10-30,2023-10-30,17510.0,Paid,Credit Card,0
PAY001751,POL00604,C0297,2024-04-27,2024-05-02,17510.0,Paid,Cash,350.2
PAY001752,POL00605,C0039,2024-07-07,2024-07-15,5410.0,Paid,Debit Card,108.2
PAY001753,POL00605,C0039,2025-07-02,,5410.0,Overdue,,0
PAY001754,POL00606,C0107,2023-08-27,,3756.0,Overdue,,0
PAY001755,POL00606,C0107,2024-08-21,2024-08-21,3756.0,Paid,Auto Debit,0
PAY001756,POL00607,C0075,2023-12-06,2024-01-31,19095.0,Overdue,Auto Debit,954.75
PAY001757,POL00607,C0075,2024-06-03,2024-06-23,19095.0,Paid,Debit Card,763.8
PAY001758,POL00607,C0075,2024-11-30,,19095.0,Overdue,,0
PAY001759,POL00608,C0081,2023-08-22,2023-10-01,8510.0,Overdue,UPI,425.5
PAY001760,POL00608,C0081,2024-08-16,,8510.0,Failed,Auto Debit,0
PAY001761,POL00609,C0045,2023-12-17,2023-12-20,10979.0,Paid,Credit Card,0
PAY001762,POL00609,C0045,2024-12-11,,10979.0,Pending,,0
PAY001763,POL00610,C0498,2025-05-08,2025-06-04,150.83,Overdue,Auto Debit,7.54
PAY001764,POL00610,C0498,2025-06-07,2025-06-07,150.83,Paid,Debit Card,0
PAY001765,POL00610,C0498,2025-07-07,2025-07-06,150.83,Paid,Credit Card,0
PAY001766,POL00610,C0498,2025-08-06,2025-08-06,150.83,Paid,Net Banking,0
PAY001767,POL00610,C0498,2025-09-05,2025-09-09,150.83,Paid,Debit Card,3.02
PAY001768,POL00611,C0077,2024-02-01,,7896.0,Pending,,0
PAY001769,POL00611,C0077,2025-01-26,,7896.0,Failed,Auto Debit,0
PAY001770,POL00612,C0153,2025-04-08,2025-04-13,31010.0,Paid,Debit Card,620.2
PAY001771,POL00613,C0187,2023-07-26,,15250.0,Failed,Credit Card,0
PAY001772,POL00613,C0187,2024-01-22,2024-01-24,15250.0,Paid,Credit Card,0
PAY001773,POL00613,C0187,2024-07-20,2024-07-22,15250.0,Paid,UPI,0
PAY001774,POL00614,C0129,2023-09-09,2023-09-10,940.0,Paid,Cash,0
PAY001775,POL00614,C0129,2024-03-07,2024-03-08,940.0,Paid,Cash,0
PAY001776,POL00614,C0129,2024-09-03,2024-09-01,940.0,Paid,UPI,0
PAY001777,POL00615,C0325,2023-05-01,2023-05-05,1400.0,Paid,Net Banking,28.0
PAY001778,POL00615,C0325,2023-10-28,,1400.0,Pending,,0
PAY001779,POL00615,C0325,2024-04-25,2024-04-24,1400.0,Paid,Credit Card,0
PAY001780,POL00616,C0061,2024-04-13,,2389.5,Failed,Net Banking,0
PAY001781,POL00616,C0061,2024-10-10,2024-10-19,2389.5,Paid,UPI,47.79
PAY001782,POL00616,C0061,2025-04-08,2025-05-10,2389.5,Overdue,UPI,119.48
PAY001783,POL00617,C0227,2023-06-04,,16170.0,Failed,Credit Card,0
PAY001784,POL00617,C0227,2024-05-29,2024-05-30,16170.0,Paid,Auto Debit,0
PAY001785,POL00618,C0336,2024-05-10,2024-05-09,2515.0,Paid,Net Banking,0
PAY001786,POL00618,C0336,2024-08-08,2024-08-12,2515.0,Paid,Net Banking,50.3
PAY001787,POL00618,C0336,2024-11-06,2024-12-31,2515.0,Overdue,Net Banking,125.75
PAY001788,POL00618,C0336,2025-02-04,2025-02-05,2515.0,Paid,Credit Card,0
PAY001789,POL00618,C0336,2025-05-05,2025-05-03,2515.0,Paid,UPI,0
PAY001790,POL00619,C0053,2023-05-13,2023-07-04,13335.0,Overdue,Auto Debit,666.75
PAY001791,POL00619,C0053,2023-11-09,,13335.0,Overdue,,0
PAY001792,POL00619,C0053,2024-05-07,2024-05-22,13335.0,Overdue,UPI,666.75
PAY001793,POL00620,C0162,2025-08-21,2025-08-19,56210.0,Paid,UPI,0
PAY001794,POL00621,C0362,2024-01-19,2024-01-19,13645.0,Paid,Net Banking,0
PAY001795,POL00621,C0362,2024-07-17,2024-07-22,13645.0,Paid,Auto Debit,272.9
PAY001796,POL00621,C0362,2025-01-13,2025-01-11,13645.0,Paid,Net Banking,0
PAY001797,POL00622,C0360,2025-05-18,,6377.0,Overdue,,0
PAY001798,POL00623,C0382,2025-01-06,2025-01-06,690.0,Paid,Net Banking,0
PAY001799,POL00623,C0382,2025-04-06,2025-04-10,690.0,Paid,Credit Card,13.8
PAY001800,POL00623,C0382,2025-07-05,2025-07-07,690.0,Paid,Auto Debit,0
PAY001801,POL00624,C0461,2025-04-11,,13840.0,Overdue,,0
PAY001802,POL00625,C0088,2025-01-28,,4050.0,Pending,,0
PAY001803,POL00625,C0088,2025-04-28,2025-05-22,4050.0,Overdue,Net Banking,202.5
PAY001804,POL00625,C0088,2025-07-27,,4050.0,Overdue,,0
PAY001805,POL00626,C0326,2024-03-29,,48.08,Pending,,0
PAY001806,POL00626,C0326,2024-04-28,2024-05-03,48.08,Paid,Credit Card,0.96
PAY001807,POL00626,C0326,2024-05-28,2024-06-01,48.08,Paid,Net Banking,0.96
PAY001808,POL00626,C0326,2024-06-27,2024-06-26,48.08,Paid,Debit Card,0
PAY001809,POL00626,C0326,2024-07-27,,48.08,Overdue,,0
PAY001810,POL00626,C0326,2024-08-26,2024-08-31,48.08,Paid,Net Banking,0.96
PAY001811,POL00626,C0326,2024-09-25,2024-09-23,48.08,Paid,Net Banking,0
PAY001812,POL00626,C0326,2024-10-25,2024-11-16,48.08,Overdue,Net Banking,2.4
PAY001813,POL00626,C0326,2024-11-24,2024-11-24,48.08,Paid,Cash,0
PAY001814,POL00626,C0326,2024-12-24,2024-12-26,48.08,Paid,UPI,0
PAY001815,POL00626,C0326,2025-01-23,2025-01-27,48.08,Paid,Credit Card,0.96
PAY001816,POL00626,C0326,2025-02-22,2025-02-24,48.08,Paid,UPI,0
PAY001817,POL00626,C0326,2025-03-24,2025-03-29,48.08,Paid,Auto Debit,0.96
PAY001818,POL00627,C0271,2023-08-02,2023-07-31,257.08,Paid,Debit Card,0
PAY001819,POL00627,C0271,2023-09-01,2023-09-01,257.08,Paid,UPI,0
PAY001820,POL00627,C0271,2023-10-01,2023-10-04,257.08,Paid,UPI,0
PAY001821,POL00627,C0271,2023-10-31,2023-10-30,257.08,Paid,Auto Debit,0
PAY001822,POL00627,C0271,2023-11-30,2023-12-01,257.08,Paid,Net Banking,0
PAY001823,POL00627,C0271,2023-12-30,2023-12-30,257.08,Paid,Credit Card,0
PAY001824,POL00627,C0271,2024-01-29,2024-02-03,257.08,Paid,Net Banking,5.14
PAY001825,POL00627,C0271,2024-02-28,2024-02-26,257.08,Paid,UPI,0
PAY001826,POL00627,C0271,2024-03-29,2024-04-03,257.08,Paid,UPI,5.14
PAY001827,POL00627,C0271,2024-04-28,,257.08,Failed,Net Banking,0
PAY001828,POL00627,C0271,2024-05-28,2024-05-31,257.08,Paid,UPI,0
PAY001829,POL00627,C0271,2024-06-27,2024-06-29,257.08,Paid,UPI,0
PAY001830,POL00627,C0271,2024-07-27,2024-07-31,257.08,Paid,UPI,5.14
PAY001831,POL00628,C0329,2024-03-27,2024-04-01,5047.0,Paid,Debit Card,100.94
PAY001832,POL00628,C0329,2025-03-22,2025-03-24,5047.0,Paid,Credit Card,0
PAY001833,POL00629,C0434,2024-10-16,,21930.0,Pending,,0
PAY001834,POL00630,C0356,2023-05-23,,29270.0,Overdue,,0
PAY001835,POL00630,C0356,2023-11-19,2023-11-19,29270.0,Paid,UPI,0
PAY001836,POL00630,C0356,2024-05-17,,29270.0,Overdue,,0
PAY001837,POL00631,C0079,2025-04-20,,12370.0,Pending,,0
PAY001838,POL00632,C0362,2023-10-23,2023-10-26,480.0,Paid,UPI,0
PAY001839,POL00632,C0362,2024-01-21,2024-01-25,480.0,Paid,UPI,9.6
PAY001840,POL00632,C0362,2024-04-20,2024-04-20,480.0,Paid,UPI,0
PAY001841,POL00632,C0362,2024-07-19,2024-07-23,480.0,Paid,Auto Debit,9.6
PAY001842,POL00632,C0362,2024-10-17,2024-10-21,480.0,Paid,UPI,9.6
PAY001843,POL00633,C0034,2023-05-23,2023-06-01,1235.0,Paid,Credit Card,24.7
PAY001844,POL00633,C0034,2023-11-19,,1235.0,Overdue,,0
PAY001845,POL00633,C0034,2024-05-17,,1235.0,Pending,,0
PAY001846,POL00634,C0114,2024-08-12,,14180.0,Overdue,,0
PAY001847,POL00634,C0114,2025-08-07,2025-08-05,14180.0,Paid,Cash,0
PAY001848,POL00635,C0215,2024-05-05,2024-05-09,821.0,Paid,UPI,16.42
PAY001849,POL00635,C0215,2025-04-30,,821.0,Pending,,0
PAY001850,POL00636,C0296,2025-05-19,2025-05-19,6402.0,Paid,UPI,0
PAY001851,POL00637,C0057,2024-06-05,2024-06-05,3372.5,Paid,Cash,0
PAY001852,POL00637,C0057,2024-09-03,,3372.5,Pending,,0
PAY001853,POL00637,C0057,2024-12-02,,3372.5,Overdue,,0
PAY001854,POL00637,C0057,2025-03-02,2025-03-11,3372.5,Paid,Net Banking,67.45
PAY001855,POL00637,C0057,2025-05-31,,3372.5,Pending,,0
PAY001856,POL00638,C0425,2023-10-27,,745.0,Failed,Credit Card,0
PAY001857,POL00638,C0425,2024-10-21,2024-10-21,745.0,Paid,Credit Card,0
PAY001858,POL00639,C0003,2025-04-05,,2500.0,Overdue,,0
PAY001859,POL00640,C0065,2023-10-24,2023-11-28,25100.0,Overdue,Debit Card,1255.0
PAY001860,POL00640,C0065,2024-10-18,,25100.0,Overdue,,0
PAY001861,POL00641,C0326,2025-04-17,2025-04-22,17230.0,Paid,Debit Card,344.6
PAY001862,POL00642,C0338,2025-08-15,2025-08-15,1882.5,Paid,Net Banking,0
PAY001863,POL00642,C0338,2025-09-14,2025-09-12,1882.5,Paid,UPI,0
PAY001864,POL00643,C0344,2025-02-18,2025-02-18,795.0,Paid,UPI,0
PAY001865,POL00643,C0344,2025-05-19,,795.0,Pending,,0
PAY001866,POL00643,C0344,2025-08-17,2025-08-18,795.0,Paid,UPI,0
PAY001867,POL00644,C0081,2024-11-16,2024-11-30,38790.0,Paid,Debit Card,1551.6
PAY001868,POL00645,C0083,2024-04-17,,10940.0,Pending,,0
PAY001869,POL00645,C0083,2025-04-12,2025-05-05,10940.0,Overdue,Net Banking,547.0
PAY001870,POL00646,C0020,2024-08-20,2024-08-20,4253.0,Paid,UPI,0
PAY001871,POL00646,C0020,2025-08-15,2025-09-03,4253.0,Paid,Credit Card,170.12
PAY001872,POL00647,C0241,2024-02-13,,2250.0,Failed,Auto Debit,0
PAY001873,POL00647,C0241,2025-02-07,,2250.0,Overdue,,0
PAY001874,POL00648,C0280,2024-03-31,,6055.0,Pending,,0
PAY001875,POL00648,C0280,2024-06-29,,6055.0,Pending,,0
PAY001876,POL00648,C0280,2024-09-27,2024-09-28,6055.0,Paid,Auto Debit,0
PAY001877,POL00648,C0280,2024-12-26,,6055.0,Overdue,,0
PAY001878,POL00648,C0280,2025-03-26,2025-03-27,6055.0,Paid,UPI,0
PAY001879,POL00649,C0238,2025-02-07,2025-02-12,3317.0,Paid,UPI,66.34
PAY001880,POL00649,C0238,2025-08-06,,3317.0,Failed,Credit Card,0
PAY001881,POL00650,C0212,2025-01-06,2025-01-04,33110.0,Paid,Credit Card,0
PAY001882,POL00651,C0456,2024-02-23,2024-02-26,2400.0,Paid,Auto Debit,0
PAY001883,POL00651,C0456,2024-08-21,2024-08-21,2400.0,Paid,Debit Card,0
PAY001884,POL00651,C0456,2025-02-17,2025-02-17,2400.0,Paid,UPI,0
PAY001885,POL00652,C0096,2024-07-26,2024-08-12,39940.0,Paid,Cash,1597.6
PAY001886,POL00652,C0096,2025-07-21,2025-08-16,39940.0,Overdue,UPI,1997.0
PAY001887,POL00653,C0020,2025-06-14,,53230.0,Failed,Auto Debit,0
PAY001888,POL00654,C0279,2023-05-10,2023-05-15,625.0,Paid,Cash,12.5
PAY001889,POL00654,C0279,2024-05-04,2024-05-03,625.0,Paid,Credit Card,0
PAY001890,POL00655,C0152,2023-04-28,2023-05-02,32000.0,Paid,UPI,640.0
PAY001891,POL00655,C0152,2024-04-22,,32000.0,Pending,,0
PAY001892,POL00656,C0298,2025-03-27,,90.08,Pending,,0
PAY001893,POL00656,C0298,2025-04-26,,90.08,Overdue,,0
PAY001894,POL00656,C0298,2025-05-26,,90.08,Pending,,0
PAY001895,POL00656,C0298,2025-06-25,2025-06-28,90.08,Paid,Net Banking,0
PAY001896,POL00656,C0298,2025-07-25,2025-07-23,90.08,Paid,UPI,0
PAY001897,POL00656,C0298,2025-08-24,2025-08-25,90.08,Paid,Credit Card,0
PAY001898,POL00656,C0298,2025-09-23,2025-09-27,90.08,Paid,Net Banking,1.8
PAY001899,POL00657,C0387,2023-12-26,,6920.0,Pending,,0
PAY001900,POL00657,C0387,2024-06-23,2024-06-26,6920.0,Paid,Cash,0
PAY001901,POL00657,C0387,2024-12-20,2024-12-22,6920.0,Paid,Auto Debit,0
PAY001902,POL00658,C0429,2023-08-23,2023-08-24,1870.83,Paid,Debit Card,0
PAY001903,POL00658,C0429,2023-09-22,2023-09-24,1870.83,Paid,UPI,0
PAY001904,POL00658,C0429,2023-10-22,2023-10-23,1870.83,Paid,Cash,0
PAY001905,POL00658,C0429,2023-11-21,2023-11-26,1870.83,Paid,Credit Card,37.42
PAY001906,POL00658,C0429,2023-12-21,2023-12-25,1870.83,Paid,UPI,37.42
PAY001907,POL00658,C0429,2024-01-20,2024-01-25,1870.83,Paid,Net Banking,37.42
PAY001908,POL00658,C0429,2024-02-19,2024-02-18,1870.83,Paid,Net Banking,0
PAY001909,POL00658,C0429,2024-03-20,,1870.83,Pending,,0
PAY001910,POL00658,C0429,2024-04-19,2024-04-23,1870.83,Paid,UPI,37.42
PAY001911,POL00658,C0429,2024-05-19,2024-05-19,1870.83,Paid,Cash,0
PAY001912,POL00658,C0429,2024-06-18,2024-06-21,1870.83,Paid,Auto Debit,0
PAY001913,POL00658,C0429,2024-07-18,2024-07-17,1870.83,Paid,Credit Card,0
PAY001914,POL00658,C0429,2024-08-17,2024-08-18,1870.83,Paid,UPI,0
PAY001915,POL00659,C0088,2023-09-03,2023-09-10,4020.0,Paid,Debit Card,80.4
PAY001916,POL00659,C0088,2024-08-28,,4020.0,Failed,Net Banking,0
PAY001917,POL00660,C0384,2023-12-25,2023-12-30,7965.0,Paid,UPI,159.3
PAY001918,POL00660,C0384,2024-06-22,2024-06-24,7965.0,Paid,Net Banking,0
PAY001919,POL00660,C0384,2024-12-19,2024-12-23,7965.0,Paid,Auto Debit,159.3
PAY001920,POL00661,C0185,2024-11-16,2024-11-19,682.5,Paid,Cash,0
PAY001921,POL00661,C0185,2025-02-14,,682.5,Failed,Auto Debit,0
PAY001922,POL00661,C0185,2025-05-15,2025-05-20,682.5,Paid,Net Banking,13.65
PAY001923,POL00661,C0185,2025-08-13,2025-08-12,682.5,Paid,Debit Card,0
PAY001924,POL00662,C0352,2024-08-29,2024-09-01,30960.0,Paid,UPI,0
PAY001925,POL00662,C0352,2025-08-24,2025-08-24,30960.0,Paid,Auto Debit,0
PAY001926,POL00663,C0180,2023-06-22,2023-06-21,25760.0,Paid,UPI,0
PAY001927,POL00663,C0180,2024-06-16,2024-06-18,25760.0,Paid,UPI,0
PAY001928,POL00664,C0058,2024-08-03,,2505.83,Failed,Credit Card,0
PAY001929,POL00664,C0058,2024-09-02,,2505.83,Failed,Credit Card,0
PAY001930,POL00664,C0058,2024-10-02,2024-10-11,2505.83,Paid,Net Banking,50.12
PAY001931,POL00664,C0058,2024-11-01,2024-11-02,2505.83,Paid,UPI,0
PAY001932,POL00664,C0058,2024-12-01,,2505.83,Failed,Net Banking,0
PAY001933,POL00664,C0058,2024-12-31,2025-01-17,2505.83,Paid,Net Banking,100.23
PAY001934,POL00664,C0058,2025-01-30,2025-02-16,2505.83,Paid,Credit Card,100.23
PAY001935,POL00664,C0058,2025-03-01,,2505.83,Pending,,0
PAY001936,POL00664,C0058,2025-03-31,2025-04-13,2505.83,Paid,Auto Debit,50.12
PAY001937,POL00664,C0058,2025-04-30,2025-05-07,2505.83,Paid,UPI,50.12
PAY001938,POL00664,C0058,2025-05-30,2025-05-28,2505.83,Paid,Debit Card,0
PAY001939,POL00664,C0058,2025-06-29,2025-07-06,2505.83,Paid,UPI,50.12
PAY001940,POL00664,C0058,2025-07-29,2025-07-27,2505.83,Paid,Cash,0
PAY001941,POL00665,C0270,2024-01-13,2024-01-13,33250.0,Paid,UPI,0
PAY001942,POL00665,C0270,2025-01-07,2025-01-05,33250.0,Paid,Credit Card,0
PAY001943,POL00666,C0198,2024-01-20,2024-01-24,8407.5,Paid,Debit Card,168.15
PAY001944,POL00666,C0198,2024-04-19,2024-04-17,8407.5,Paid,UPI,0
PAY001945,POL00666,C0198,2024-07-18,2024-07-22,8407.5,Paid,Credit Card,168.15
PAY001946,POL00666,C0198,2024-10-16,2024-10-14,8407.5,Paid,Credit Card,0
PAY001947,POL00666,C0198,2025-01-14,2025-01-12,8407.5,Paid,UPI,0
PAY001948,POL00667,C0144,2025-02-25,2025-02-28,508.0,Paid,UPI,0
PAY001949,POL00668,C0428,2023-09-30,,7153.0,Failed,Net Banking,0
PAY001950,POL00668,C0428,2024-09-24,2024-09-25,7153.0,Paid,Auto Debit,0
PAY001951,POL00669,C0334,2023-06-09,2023-06-12,7300.0,Paid,Debit Card,0
PAY001952,POL00669,C0334,2024-06-03,2024-06-01,7300.0,Paid,Auto Debit,0
PAY001953,POL00670,C0040,2025-05-30,,877.25,Overdue,,0
PAY001954,POL00670,C0040,2025-08-28,2025-08-26,877.25,Paid,Net Banking,0
PAY001955,POL00671,C0127,2025-05-29,2025-05-27,732.25,Paid,Debit Card,0
PAY001956,POL00671,C0127,2025-08-27,,732.25,Overdue,,0
PAY001957,POL00672,C0388,2023-05-27,2023-06-01,32880.0,Paid,Cash,657.6
PAY001958,POL00672,C0388,2024-05-21,2024-05-21,32880.0,Paid,UPI,0
PAY001959,POL00673,C0062,2023-09-12,2023-11-10,3777.5,Overdue,Credit Card,188.88
PAY001960,POL00673,C0062,2023-12-11,,3777.5,Overdue,,0
PAY001961,POL00673,C0062,2024-03-10,,3777.5,Overdue,,0
PAY001962,POL00673,C0062,2024-06-08,2024-06-13,3777.5,Paid,UPI,75.55
PAY001963,POL00673,C0062,2024-09-06,2024-09-08,3777.5,Paid,Auto Debit,0
PAY001964,POL00674,C0060,2023-09-01,2023-09-02,2480.0,Paid,UPI,0
PAY001965,POL00674,C0060,2024-08-26,2024-09-03,2480.0,Paid,Credit Card,49.6
PAY001966,POL00675,C0445,2025-04-15,2025-04-19,35780.0,Paid,UPI,715.6
PAY001967,POL00676,C0465,2024-06-02,2024-06-01,444.17,Paid,Credit Card,0
PAY001968,POL00676,C0465,2024-07-02,2024-07-04,444.17,Paid,Cash,0
PAY001969,POL00676,C0465,2024-08-01,2024-08-01,444.17,Paid,UPI,0
PAY001970,POL00676,C0465,2024-08-31,2024-09-05,444.17,Paid,Credit Card,8.88
PAY001971,POL00676,C0465,2024-09-30,2024-10-02,444.17,Paid,Net Banking,0
PAY001972,POL00676,C0465,2024-10-30,2024-11-04,444.17,Paid,Debit Card,8.88
PAY001973,POL00676,C0465,2024-11-29,,444.17,Pending,,0
PAY001974,POL00676,C0465,2024-12-29,2024-12-29,444.17,Paid,Auto Debit,0
PAY001975,POL00676,C0465,2025-01-28,2025-02-16,444.17,Overdue,UPI,22.21
PAY001976,POL00676,C0465,2025-02-27,2025-03-02,444.17,Paid,Debit Card,0
PAY001977,POL00676,C0465,2025-03-29,2025-04-02,444.17,Paid,Auto Debit,8.88
PAY001978,POL00676,C0465,2025-04-28,2025-05-02,444.17,Paid,Cash,8.88
PAY001979,POL00676,C0465,2025-05-28,2025-06-01,444.17,Paid,UPI,8.88
PAY001980,POL00677,C0177,2025-01-17,2025-01-21,1215.0,Paid,Auto Debit,24.3
PAY001981,POL00677,C0177,2025-07-16,2025-07-14,1215.0,Paid,UPI,0
PAY001982,POL00678,C0431,2024-04-22,2024-04-24,4567.5,Paid,UPI,0
PAY001983,POL00678,C0431,2024-07-21,2024-07-26,4567.5,Paid,UPI,91.35
PAY001984,POL00678,C0431,2024-10-19,,4567.5,Failed,Credit Card,0
PAY001985,POL00678,C0431,2025-01-17,2025-01-20,4567.5,Paid,Auto Debit,0
PAY001986,POL00678,C0431,2025-04-17,2025-04-18,4567.5,Paid,UPI,0
PAY001987,POL00679,C0389,2024-07-16,2024-07-20,24410.0,Paid,Auto Debit,488.2
PAY001988,POL00679,C0389,2025-07-11,2025-07-11,24410.0,Paid,Debit Card,0
PAY001989,POL00680,C0065,2025-01-01,,1210.83,Failed,Auto Debit,0
PAY001990,POL00680,C0065,2025-01-31,,1210.83,Overdue,,0
PAY001991,POL00680,C0065,2025-03-02,,1210.83,Failed,Credit Card,0
PAY001992,POL00680,C0065,2025-04-01,2025-04-29,1210.83,Overdue,Credit Card,60.54
PAY001993,POL00680,C0065,2025-05-01,,1210.83,Overdue,,0
PAY001994,POL00680,C0065,2025-05-31,2025-06-05,1210.83,Paid,Credit Card,24.22
PAY001995,POL00680,C0065,2025-06-30,2025-07-02,1210.83,Paid,UPI,0
PAY001996,POL00680,C0065,2025-07-30,2025-08-02,1210.83,Paid,Credit Card,0
PAY001997,POL00680,C0065,2025-08-29,,1210.83,Failed,Net Banking,0
PAY001998,POL00680,C0065,2025-09-28,,1210.83,Failed,Credit Card,0
PAY001999,POL00681,C0294,2023-06-18,2023-06-21,6842.0,Paid,UPI,0
PAY002000,POL00681,C0294,2024-06-12,2024-06-12,6842.0,Paid,Cash,0
PAY002001,POL00682,C0262,2024-09-07,2024-09-11,28240.0,Paid,UPI,564.8
PAY002002,POL00682,C0262,2025-09-02,,28240.0,Overdue,,0
PAY002003,POL00683,C0475,2024-06-07,,45070.0,Failed,Net Banking,0
PAY002004,POL00683,C0475,2025-06-02,,45070.0,Pending,,0
PAY002005,POL00684,C0230,2024-04-28,2024-04-30,4062.5,Paid,Auto Debit,0
PAY002006,POL00684,C0230,2024-07-27,,4062.5,Pending,,0
PAY002007,POL00684,C0230,2024-10-25,2024-10-25,4062.5,Paid,UPI,0
PAY002008,POL00684,C0230,2025-01-23,2025-01-25,4062.5,Paid,Credit Card,0
PAY002009,POL00684,C0230,2025-04-23,,4062.5,Failed,Auto Debit,0
PAY002010,POL00685,C0225,2023-08-15,2023-08-14,1230.0,Paid,Credit Card,0
PAY002011,POL00685,C0225,2024-08-09,2024-08-08,1230.0,Paid,Debit Card,0
PAY002012,POL00686,C0108,2023-10-09,2023-10-12,21700.0,Paid,Credit Card,0
PAY002013,POL00686,C0108,2024-10-03,2024-10-05,21700.0,Paid,Auto Debit,0
PAY002014,POL00687,C0264,2023-12-14,,2038.0,Overdue,,0
PAY002015,POL00687,C0264,2024-03-13,2024-03-17,2038.0,Paid,UPI,40.76
PAY002016,POL00687,C0264,2024-06-11,2024-06-14,2038.0,Paid,UPI,0
PAY002017,POL00687,C0264,2024-09-09,2024-09-14,2038.0,Paid,UPI,40.76
PAY002018,POL00687,C0264,2024-12-08,2024-12-12,2038.0,Paid,UPI,40.76
PAY002019,POL00688,C0117,2025-02-11,,2660.0,Pending,,0
PAY002020,POL00689,C0498,2025-05-30,2025-06-03,16320.0,Paid,Auto Debit,326.4
PAY002021,POL00690,C0372,2025-02-23,2025-02-27,10992.5,Paid,UPI,219.85
PAY002022,POL00690,C0372,2025-05-24,2025-05-29,10992.5,Paid,Auto Debit,219.85
PAY002023,POL00690,C0372,2025-08-22,2025-08-26,10992.5,Paid,Auto Debit,219.85
PAY002024,POL00691,C0257,2024-09-04,2024-09-04,23110.0,Paid,UPI,0
PAY002025,POL00691,C0257,2025-08-30,2025-08-29,23110.0,Paid,Net Banking,0
PAY002026,POL00692,C0024,2023-12-18,2023-12-18,6391.0,Paid,Net Banking,0
PAY002027,POL00692,C0024,2024-12-12,2024-12-10,6391.0,Paid,UPI,0
PAY002028,POL00693,C0490,2024-08-01,2024-07-31,11520.0,Paid,Net Banking,0
PAY002029,POL00693,C0490,2025-07-27,2025-07-30,11520.0,Paid,Net Banking,0
PAY002030,POL00694,C0491,2025-01-18,2025-01-23,18240.0,Paid,Credit Card,364.8
PAY002031,POL00695,C0139,2023-04-16,2023-04-16,3140.0,Paid,UPI,0
PAY002032,POL00695,C0139,2024-04-10,2024-04-11,3140.0,Paid,Credit Card,0
PAY002033,POL00696,C0007,2023-06-09,2023-06-25,2550.0,Paid,UPI,102.0
PAY002034,POL00696,C0007,2024-06-03,,2550.0,Overdue,,0
PAY002035,POL00697,C0407,2025-03-11,2025-03-14,24650.0,Paid,UPI,0
PAY002036,POL00698,C0480,2023-10-25,2023-10-28,1555.83,Paid,Credit Card,0
PAY002037,POL00698,C0480,2023-11-24,,1555.83,Pending,,0
PAY002038,POL00698,C0480,2023-12-24,2023-12-22,1555.83,Paid,UPI,0
PAY002039,POL00698,C0480,2024-01-23,2024-01-22,1555.83,Paid,Debit Card,0
PAY002040,POL00698,C0480,2024-02-22,,1555.83,Pending,,0
PAY002041,POL00698,C0480,2024-03-23,2024-03-27,1555.83,Paid,Net Banking,31.12
PAY002042,POL00698,C0480,2024-04-22,2024-04-24,1555.83,Paid,Auto Debit,0
PAY002043,POL00698,C0480,2024-05-22,2024-05-23,1555.83,Paid,Net Banking,0
PAY002044,POL00698,C0480,2024-06-21,2024-06-20,1555.83,Paid,Credit Card,0
PAY002045,POL00698,C0480,2024-07-21,2024-07-24,1555.83,Paid,Debit Card,0
PAY002046,POL00698,C0480,2024-08-20,2024-08-25,1555.83,Paid,Net Banking,31.12
PAY002047,POL00698,C0480,2024-09-19,,1555.83,Pending,,0
PAY002048,POL00698,C0480,2024-10-19,2024-10-24,1555.83,Paid,UPI,31.12
PAY002049,POL00699,C0090,2024-04-14,2024-04-19,835.0,Paid,Cash,16.7
PAY002050,POL00699,C0090,2024-05-14,,835.0,Overdue,,0
PAY002051,POL00699,C0090,2024-06-13,,835.0,Failed,Auto Debit,0
PAY002052,POL00699,C0090,2024-07-13,2024-07-28,835.0,Overdue,Auto Debit,41.75
PAY002053,POL00699,C0090,2024-08-12,2024-08-15,835.0,Paid,UPI,0
PAY002054,POL00699,C0090,2024-09-11,,835.0,Overdue,,0
PAY002055,POL00699,C0090,2024-10-11,2024-10-15,835.0,Paid,Auto Debit,16.7
PAY002056,POL00699,C0090,2024-11-10,2024-11-30,835.0,Paid,Credit Card,33.4
PAY002057,POL00699,C0090,2024-12-10,,835.0,Overdue,,0
PAY002058,POL00699,C0090,2025-01-09,2025-01-25,835.0,Paid,Cash,33.4
PAY002059,POL00699,C0090,2025-02-08,2025-02-14,835.0,Paid,UPI,16.7
PAY002060,POL00699,C0090,2025-03-10,,835.0,Failed,Auto Debit,0
PAY002061,POL00699,C0090,2025-04-09,2025-04-12,835.0,Paid,Auto Debit,0
PAY002062,POL00700,C0347,2024-10-05,,1505.0,Pending,,0
PAY002063,POL00700,C0347,2025-04-03,,1505.0,Overdue,,0
PAY002064,POL00701,C0056,2024-11-13,,28600.0,Overdue,,0
PAY002065,POL00701,C0056,2025-05-12,2025-05-15,28600.0,Paid,Net Banking,0
PAY002066,POL00702,C0493,2025-05-15,,2610.0,Failed,Credit Card,0
PAY002067,POL00703,C0377,2024-10-19,,1006.67,Pending,,0
PAY002068,POL00703,C0377,2024-11-18,2024-11-21,1006.67,Paid,Credit Card,0
PAY002069,POL00703,C0377,2024-12-18,2024-12-19,1006.67,Paid,Credit Card,0
PAY002070,POL00703,C0377,2025-01-17,2025-01-16,1006.67,Paid,UPI,0
PAY002071,POL00703,C0377,2025-02-16,,1006.67,Pending,,0
PAY002072,POL00703,C0377,2025-03-18,2025-03-19,1006.67,Paid,UPI,0
PAY002073,POL00703,C0377,2025-04-17,2025-04-19,1006.67,Paid,UPI,0
PAY002074,POL00703,C0377,2025-05-17,2025-05-19,1006.67,Paid,Net Banking,0
PAY002075,POL00703,C0377,2025-06-16,2025-06-16,1006.67,Paid,Auto Debit,0
PAY002076,POL00703,C0377,2025-07-16,2025-07-21,1006.67,Paid,UPI,20.13
PAY002077,POL00703,C0377,2025-08-15,2025-08-14,1006.67,Paid,UPI,0
PAY002078,POL00703,C0377,2025-09-14,2025-09-17,1006.67,Paid,UPI,0
PAY002079,POL00704,C0016,2025-08-01,2025-08-13,25250.0,Paid,UPI,505.0
PAY002080,POL00705,C0095,2023-08-04,,1926.0,Overdue,,0
PAY002081,POL00705,C0095,2023-11-02,2023-11-17,1926.0,Paid,Cash,77.04
PAY002082,POL00705,C0095,2024-01-31,2024-01-29,1926.0,Paid,Debit Card,0
PAY002083,POL00705,C0095,2024-04-30,2024-05-07,1926.0,Paid,Cash,38.52
PAY002084,POL00705,C0095,2024-07-29,2024-07-31,1926.0,Paid,UPI,0
PAY002085,POL00706,C0049,2025-05-20,,616.5,Failed,Credit Card,0
PAY002086,POL00706,C0049,2025-08-18,2025-09-10,616.5,Overdue,Net Banking,30.83
PAY002087,POL00707,C0184,2023-11-13,2023-11-14,2790.0,Paid,UPI,0
PAY002088,POL00707,C0184,2024-11-07,2024-11-05,2790.0,Paid,Cash,0
PAY002089,POL00708,C0344,2023-05-01,2023-05-03,447.5,Paid,Debit Card,0
PAY002090,POL00708,C0344,2023-07-30,2023-08-04,447.5,Paid,UPI,8.95
PAY002091,POL00708,C0344,2023-10-28,2023-10-26,447.5,Paid,UPI,0
PAY002092,POL00708,C0344,2024-01-26,2024-01-29,447.5,Paid,Credit Card,0
PAY002093,POL00708,C0344,2024-04-25,2024-04-27,447.5,Paid,UPI,0
PAY002094,POL00709,C0340,2023-10-15,2023-10-13,14200.0,Paid,Credit Card,0
PAY002095,POL00709,C0340,2024-10-09,2024-10-11,14200.0,Paid,Debit Card,0
PAY002096,POL00710,C0373,2024-11-23,2024-11-28,31930.0,Paid,UPI,638.6
PAY002097,POL00710,C0373,2025-05-22,2025-05-26,31930.0,Paid,Net Banking,638.6
PAY002098,POL00711,C0258,2025-08-19,2025-08-19,6099.0,Paid,Net Banking,0
PAY002099,POL00712,C0463,2023-06-11,2023-06-14,14330.0,Paid,Credit Card,0
PAY002100,POL00712,C0463,2024-06-05,2024-06-09,14330.0,Paid,Auto Debit,286.6
PAY002101,POL00713,C0481,2024-12-05,2024-12-03,1305.0,Paid,UPI,0
PAY002102,POL00713,C0481,2025-03-05,2025-03-08,1305.0,Paid,Credit Card,0
PAY002103,POL00713,C0481,2025-06-03,2025-06-07,1305.0,Paid,Auto Debit,26.1
PAY002104,POL00713,C0481,2025-09-01,2025-09-05,1305.0,Paid,Debit Card,26.1
PAY002105,POL00714,C0385,2025-07-24,2025-07-29,17830.0,Paid,UPI,356.6
PAY002106,POL00715,C0245,2024-06-09,2024-06-10,2900.0,Paid,UPI,0
PAY002107,POL00715,C0245,2025-06-04,,2900.0,Failed,Credit Card,0
PAY002108,POL00716,C0130,2023-08-18,2023-08-23,1824.0,Paid,Debit Card,36.48
PAY002109,POL00716,C0130,2024-02-14,,1824.0,Overdue,,0
PAY002110,POL00716,C0130,2024-08-12,,1824.0,Overdue,,0
PAY002111,POL00717,C0471,2024-07-25,2024-07-29,1885.0,Paid,UPI,37.7
PAY002112,POL00717,C0471,2025-01-21,2025-01-24,1885.0,Paid,Auto Debit,0
PAY002113,POL00717,C0471,2025-07-20,2025-07-22,1885.0,Paid,Credit Card,0
PAY002114,POL00718,C0277,2024-06-04,2024-06-05,931.0,Paid,UPI,0
PAY002115,POL00718,C0277,2025-05-30,2025-06-03,931.0,Paid,UPI,18.62
PAY002116,POL00719,C0061,2025-06-24,2025-06-29,2240.0,Paid,Cash,44.8
PAY002117,POL00720,C0210,2025-04-05,2025-04-09,4735.0,Paid,UPI,94.7
PAY002118,POL00721,C0421,2024-01-27,2024-01-26,14460.0,Paid,Credit Card,0
PAY002119,POL00721,C0421,2025-01-21,,14460.0,Failed,Net Banking,0
PAY002120,POL00722,C0474,2023-11-08,2023-11-11,158.33,Paid,UPI,0
PAY002121,POL00722,C0474,2023-12-08,2023-12-07,158.33,Paid,UPI,0
PAY002122,POL00722,C0474,2024-01-07,2024-01-07,158.33,Paid,UPI,0
PAY002123,POL00722,C0474,2024-02-06,2024-02-08,158.33,Paid,Auto Debit,0
PAY002124,POL00722,C0474,2024-03-07,2024-03-07,158.33,Paid,UPI,0
PAY002125,POL00722,C0474,2024-04-06,2024-04-11,158.33,Paid,UPI,3.17
PAY002126,POL00722,C0474,2024-05-06,2024-05-06,158.33,Paid,Auto Debit,0
PAY002127,POL00722,C0474,2024-06-05,2024-06-10,158.33,Paid,Net Banking,3.17
PAY002128,POL00722,C0474,2024-07-05,2024-07-10,158.33,Paid,UPI,3.17
PAY002129,POL00722,C0474,2024-08-04,2024-08-06,158.33,Paid,UPI,0
PAY002130,POL00722,C0474,2024-09-03,2024-09-07,158.33,Paid,Credit Card,3.17
PAY002131,POL00722,C0474,2024-10-03,,158.33,Pending,,0
PAY002132,POL00722,C0474,2024-11-02,2024-11-04,158.33,Paid,Credit Card,0
PAY002133,POL00723,C0220,2023-11-17,2023-11-19,7118.0,Paid,Net Banking,0
PAY002134,POL00723,C0220,2024-11-11,,7118.0,Pending,,0
PAY002135,POL00724,C0001,2024-07-28,,1824.17,Overdue,,0
PAY002136,POL00724,C0001,2024-08-27,,1824.17,Pending,,0
PAY002137,POL00724,C0001,2024-09-26,2024-10-15,1824.17,Paid,UPI,72.97
PAY002138,POL00724,C0001,2024-10-26,2024-11-07,1824.17,Paid,Credit Card,36.48
PAY002139,POL00724,C0001,2024-11-25,,1824.17,Overdue,,0
PAY002140,POL00724,C0001,2024-12-25,2025-01-13,1824.17,Paid,Net Banking,72.97
PAY002141,POL00724,C0001,2025-01-24,,1824.17,Pending,,0
PAY002142,POL00724,C0001,2025-02-23,,1824.17,Failed,Net Banking,0
PAY002143,POL00724,C0001,2025-03-25,2025-04-04,1824.17,Paid,Auto Debit,36.48
PAY002144,POL00724,C0001,2025-04-24,2025-05-09,1824.17,Paid,UPI,72.97
PAY002145,POL00724,C0001,2025-05-24,,1824.17,Failed,Net Banking,0
PAY002146,POL00724,C0001,2025-06-23,2025-07-03,1824.17,Paid,UPI,36.48
PAY002147,POL00724,C0001,2025-07-23,2025-07-31,1824.17,Paid,Net Banking,36.48
PAY002148,POL00725,C0431,2024-07-05,2024-07-10,12790.0,Paid,Credit Card,255.8
PAY002149,POL00725,C0431,2025-06-30,2025-07-02,12790.0,Paid,UPI,0
PAY002150,POL00726,C0284,2024-05-15,2024-05-19,5630.0,Paid,UPI,112.6
PAY002151,POL00726,C0284,2024-08-13,2024-08-16,5630.0,Paid,Auto Debit,0
PAY002152,POL00726,C0284,2024-11-11,2024-11-11,5630.0,Paid,UPI,0
PAY002153,POL00726,C0284,2025-02-09,2025-02-07,5630.0,Paid,UPI,0
PAY002154,POL00726,C0284,2025-05-10,2025-05-15,5630.0,Paid,UPI,112.6
PAY002155,POL00727,C0427,2025-01-31,2025-02-04,1595.0,Paid,Auto Debit,31.9
PAY002156,POL00727,C0427,2025-07-30,2025-08-17,1595.0,Overdue,Net Banking,79.75
PAY002157,POL00728,C0449,2023-11-09,2023-11-12,3080.0,Paid,UPI,0
PAY002158,POL00728,C0449,2024-11-03,2024-11-03,3080.0,Paid,Auto Debit,0
PAY002159,POL00729,C0158,2024-07-03,2024-08-19,547.5,Overdue,Credit Card,27.38
PAY002160,POL00729,C0158,2024-10-01,2024-10-03,547.5,Paid,UPI,0
PAY002161,POL00729,C0158,2024-12-30,2024-12-31,547.5,Paid,UPI,0
PAY002162,POL00729,C0158,2025-03-30,2025-04-03,547.5,Paid,UPI,10.95
PAY002163,POL00729,C0158,2025-06-28,2025-07-01,547.5,Paid,Auto Debit,0
PAY002164,POL00730,C0086,2025-01-30,,62510.0,Failed,Credit Card,0
PAY002165,POL00731,C0438,2024-10-09,2024-10-07,29630.0,Paid,Cash,0
PAY002166,POL00732,C0366,2023-11-25,2023-11-23,37050.0,Paid,Auto Debit,0
PAY002167,POL00732,C0366,2024-11-19,2024-11-21,37050.0,Paid,UPI,0
PAY002168,POL00733,C0019,2024-09-24,2024-10-12,4882.5,Paid,Net Banking,195.3
PAY002169,POL00733,C0019,2024-12-23,2025-01-12,4882.5,Paid,UPI,195.3
PAY002170,POL00733,C0019,2025-03-23,2025-04-09,4882.5,Paid,Debit Card,195.3
PAY002171,POL00733,C0019,2025-06-21,2025-07-08,4882.5,Paid,Debit Card,195.3
PAY002172,POL00733,C0019,2025-09-19,2025-09-19,4882.5,Paid,UPI,0
PAY002173,POL00734,C0366,2025-06-23,2025-06-21,3844.0,Paid,Credit Card,0
PAY002174,POL00735,C0104,2023-05-31,2023-05-30,4473.0,Paid,Auto Debit,0
PAY002175,POL00735,C0104,2024-05-25,2024-05-30,4473.0,Paid,Auto Debit,89.46
PAY002176,POL00736,C0047,2024-11-15,,1405.0,Pending,,0
PAY002177,POL00736,C0047,2025-05-14,,1405.0,Failed,Net Banking,0
PAY002178,POL00737,C0126,2024-08-04,2024-08-06,6280.0,Paid,UPI,0
PAY002179,POL00737,C0126,2025-07-30,2025-08-01,6280.0,Paid,UPI,0
PAY002180,POL00738,C0238,2024-04-13,2024-04-15,547.5,Paid,Net Banking,0
PAY002181,POL00738,C0238,2024-07-12,2024-07-10,547.5,Paid,Net Banking,0
PAY002182,POL00738,C0238,2024-10-10,2024-10-14,547.5,Paid,Debit Card,10.95
PAY002183,POL00738,C0238,2025-01-08,2025-01-06,547.5,Paid,Credit Card,0
PAY002184,POL00738,C0238,2025-04-08,2025-04-09,547.5,Paid,Credit Card,0
PAY002185,POL00739,C0310,2023-11-29,2023-12-02,2664.0,Paid,Credit Card,0
PAY002186,POL00739,C0310,2024-11-23,2024-11-21,2664.0,Paid,UPI,0
PAY002187,POL00740,C0453,2024-08-31,,1960.0,Pending,,0
PAY002188,POL00740,C0453,2025-02-27,2025-03-01,1960.0,Paid,UPI,0
PAY002189,POL00740,C0453,2025-08-26,2025-08-24,1960.0,Paid,Auto Debit,0
PAY002190,POL00741,C0381,2024-03-22,,18410.0,Pending,,0
PAY002191,POL00741,C0381,2025-03-17,2025-03-17,18410.0,Paid,UPI,0
PAY002192,POL00742,C0141,2024-05-27,2024-05-25,1640.0,Paid,Net Banking,0
PAY002193,POL00742,C0141,2025-05-22,2025-06-20,1640.0,Overdue,UPI,82.0
PAY002194,POL00743,C0261,2025-04-18,2025-04-23,4827.0,Paid,Net Banking,96.54
PAY002195,POL00744,C0064,2024-08-05,,3670.0,Overdue,,0
PAY002196,POL00744,C0064,2024-11-03,,3670.0,Overdue,,0
PAY002197,POL00744,C0064,2025-02-01,2025-02-08,3670.0,Paid,UPI,73.4
PAY002198,POL00744,C0064,2025-05-02,,3670.0,Failed,Credit Card,0
PAY002199,POL00744,C0064,2025-07-31,2025-08-19,3670.0,Paid,Net Banking,146.8
PAY002200,POL00745,C0350,2024-09-13,2024-09-11,5577.0,Paid,Net Banking,0
PAY002201,POL00745,C0350,2025-09-08,2025-09-08,5577.0,Paid,Auto Debit,0
PAY002202,POL00746,C0076,2025-06-04,2025-06-22,9330.0,Paid,Net Banking,373.2
PAY002203,POL00746,C0076,2025-09-02,2025-09-16,9330.0,Paid,Auto Debit,373.2
PAY002204,POL00747,C0362,2025-03-01,2025-03-05,4753.0,Paid,UPI,95.06
PAY002205,POL00748,C0256,2023-12-06,2023-12-07,302.5,Paid,UPI,0
PAY002206,POL00748,C0256,2024-03-05,2024-04-30,302.5,Overdue,Net Banking,15.12
PAY002207,POL00748,C0256,2024-06-03,2024-06-05,302.5,Paid,UPI,0
PAY002208,POL00748,C0256,2024-09-01,2024-09-06,302.5,Paid,UPI,6.05
PAY002209,POL00748,C0256,2024-11-30,2024-11-29,302.5,Paid,Auto Debit,0
PAY002210,POL00749,C0231,2025-07-03,2025-07-01,2366.5,Paid,Net Banking,0
PAY002211,POL00750,C0110,2023-06-11,2023-06-12,4500.0,Paid,Credit Card,0
PAY002212,POL00750,C0110,2024-06-05,2024-06-04,4500.0,Paid,Net Banking,0
PAY002213,POL00751,C0255,2024-04-09,,1670.0,Pending,,0
PAY002214,POL00751,C0255,2024-10-06,2024-10-05,1670.0,Paid,Net Banking,0
PAY002215,POL00751,C0255,2025-04-04,2025-04-06,1670.0,Paid,Debit Card,0
PAY002216,POL00752,C0379,2025-02-08,,16430.0,Overdue,,0
PAY002217,POL00753,C0392,2025-01-08,,1005.0,Overdue,,0
PAY002218,POL00753,C0392,2025-07-07,2025-07-05,1005.0,Paid,Auto Debit,0
PAY002219,POL00754,C0037,2024-09-10,,3210.0,Pending,,0
PAY002220,POL00754,C0037,2025-09-05,2025-09-17,3210.0,Paid,Debit Card,64.2
PAY002221,POL00755,C0073,2024-04-11,2024-04-24,42340.0,Paid,UPI,846.8
PAY002222,POL00755,C0073,2025-04-06,,42340.0,Overdue,,0
PAY002223,POL00756,C0383,2023-07-29,2023-07-29,5753.0,Paid,Auto Debit,0
PAY002224,POL00756,C0383,2024-07-23,2024-07-21,5753.0,Paid,UPI,0
PAY002225,POL00757,C0470,2023-08-16,2023-08-20,4079.0,Paid,UPI,81.58
PAY002226,POL00757,C0470,2024-08-10,2024-08-15,4079.0,Paid,UPI,81.58
PAY002227,POL00758,C0010,2024-02-17,,41860.0,Failed,Net Banking,0
PAY002228,POL00758,C0010,2025-02-11,,41860.0,Failed,Net Banking,0
PAY002229,POL00759,C0447,2024-05-14,2024-05-16,901.0,Paid,UPI,0
PAY002230,POL00759,C0447,2025-05-09,2025-05-13,901.0,Paid,Net Banking,18.02
PAY002231,POL00760,C0040,2024-06-26,2024-07-12,18795.0,Paid,Net Banking,751.8
PAY002232,POL00760,C0040,2024-12-23,,18795.0,Pending,,0
PAY002233,POL00760,C0040,2025-06-21,,18795.0,Failed,Credit Card,0
PAY002234,POL00761,C0173,2025-08-15,2025-08-13,18800.0,Paid,Auto Debit,0
PAY002235,POL00762,C0175,2024-09-18,2024-09-23,2530.0,Paid,Net Banking,50.6
PAY002236,POL00762,C0175,2025-09-13,2025-09-12,2530.0,Paid,UPI,0
PAY002237,POL00763,C0094,2024-06-12,,11070.0,Overdue,,0
PAY002238,POL00763,C0094,2024-12-09,2024-12-23,11070.0,Paid,Cash,442.8
PAY002239,POL00763,C0094,2025-06-07,,11070.0,Failed,Credit Card,0
PAY002240,POL00764,C0066,2023-09-07,2023-09-17,1864.17,Paid,Auto Debit,37.28
PAY002241,POL00764,C0066,2023-10-07,2023-10-13,1864.17,Paid,Credit Card,37.28
PAY002242,POL00764,C0066,2023-11-06,2023-11-10,1864.17,Paid,Net Banking,37.28
PAY002243,POL00764,C0066,2023-12-06,,1864.17,Failed,Auto Debit,0
PAY002244,POL00764,C0066,2024-01-05,,1864.17,Overdue,,0
PAY002245,POL00764,C0066,2024-02-04,2024-02-20,1864.17,Paid,Net Banking,74.57
PAY002246,POL00764,C0066,2024-03-05,2024-03-06,1864.17,Paid,Auto Debit,0
PAY002247,POL00764,C0066,2024-04-04,,1864.17,Failed,Credit Card,0
PAY002248,POL00764,C0066,2024-05-04,2024-05-12,1864.17,Paid,Debit Card,37.28
PAY002249,POL00764,C0066,2024-06-03,,1864.17,Overdue,,0
PAY002250,POL00764,C0066,2024-07-03,2024-07-19,1864.17,Paid,Credit Card,74.57
PAY002251,POL00764,C0066,2024-08-02,,1864.17,Overdue,,0
PAY002252,POL00764,C0066,2024-09-01,,1864.17,Failed,Auto Debit,0
PAY002253,POL00765,C0068,2025-08-16,2025-09-01,3650.0,Overdue,Credit Card,182.5
PAY002254,POL00766,C0492,2023-12-25,2023-12-29,2807.0,Paid,Net Banking,56.14
PAY002255,POL00766,C0492,2024-06-22,2024-06-20,2807.0,Paid,Auto Debit,0
PAY002256,POL00766,C0492,2024-12-19,2024-12-19,2807.0,Paid,UPI,0
PAY002257,POL00767,C0477,2024-05-29,2024-05-29,43300.0,Paid,Net Banking,0
PAY002258,POL00767,C0477,2025-05-24,2025-05-25,43300.0,Paid,UPI,0
PAY002259,POL00768,C0272,2024-11-15,,41320.0,Failed,Credit Card,0
PAY002260,POL00769,C0055,2025-01-07,,565.67,Overdue,,0
PAY002261,POL00769,C0055,2025-02-06,,565.67,Overdue,,0
PAY002262,POL00769,C0055,2025-03-08,2025-05-07,565.67,Overdue,UPI,28.28
PAY002263,POL00769,C0055,2025-04-07,2025-04-15,565.67,Paid,Net Banking,11.31
PAY002264,POL00769,C0055,2025-05-07,,565.67,Overdue,,0
PAY002265,POL00769,C0055,2025-06-06,,565.67,Failed,Auto Debit,0
PAY002266,POL00769,C0055,2025-07-06,,565.67,Pending,,0
PAY002267,POL00769,C0055,2025-08-05,2025-08-14,565.67,Paid,Credit Card,11.31
PAY002268,POL00769,C0055,2025-09-04,2025-09-17,565.67,Paid,Net Banking,11.31
PAY002269,POL00770,C0168,2025-05-24,2025-05-24,46240.0,Paid,Auto Debit,0
PAY002270,POL00771,C0376,2024-11-30,2024-12-01,273.33,Paid,UPI,0
PAY002271,POL00771,C0376,2024-12-30,2024-12-28,273.33,Paid,Credit Card,0
PAY002272,POL00771,C0376,2025-01-29,2025-02-03,273.33,Paid,Credit Card,5.47
PAY002273,POL00771,C0376,2025-02-28,2025-02-28,273.33,Paid,Credit Card,0
PAY002274,POL00771,C0376,2025-03-30,2025-03-31,273.33,Paid,Net Banking,0
PAY002275,POL00771,C0376,2025-04-29,2025-05-01,273.33,Paid,UPI,0
PAY002276,POL00771,C0376,2025-05-29,2025-05-30,273.33,Paid,UPI,0
PAY002277,POL00771,C0376,2025-06-28,2025-06-27,273.33,Paid,UPI,0
PAY002278,POL00771,C0376,2025-07-28,2025-07-26,273.33,Paid,Credit Card,0
PAY002279,POL00771,C0376,2025-08-27,2025-08-27,273.33,Paid,Auto Debit,0
PAY002280,POL00771,C0376,2025-09-26,,273.33,Pending,,0
PAY002281,POL00772,C0074,2025-01-13,,22410.0,Failed,Auto Debit,0
PAY002282,POL00773,C0475,2024-04-20,2024-04-25,2593.33,Paid,UPI,51.87
PAY002283,POL00773,C0475,2024-05-20,2024-05-24,2593.33,Paid,Auto Debit,51.87
PAY002284,POL00773,C0475,2024-06-19,2024-06-18,2593.33,Paid,Debit Card,0
PAY002285,POL00773,C0475,2024-07-19,2024-07-24,2593.33,Paid,Auto Debit,51.87
PAY002286,POL00773,C0475,2024-08-18,2024-08-23,2593.33,Paid,Net Banking,51.87
PAY002287,POL00773,C0475,2024-09-17,2024-11-11,2593.33,Overdue,Cash,129.67
PAY002288,POL00773,C0475,2024-10-17,2024-10-19,2593.33,Paid,Net Banking,0
PAY002289,POL00773,C0475,2024-11-16,2024-11-18,2593.33,Paid,Net Banking,0
PAY002290,POL00773,C0475,2024-12-16,2024-12-18,2593.33,Paid,UPI,0
PAY002291,POL00773,C0475,2025-01-15,2025-01-16,2593.33,Paid,Auto Debit,0
PAY002292,POL00773,C0475,2025-02-14,2025-02-18,2593.33,Paid,Cash,51.87
PAY002293,POL00773,C0475,2025-03-16,2025-03-15,2593.33,Paid,Net Banking,0
PAY002294,POL00773,C0475,2025-04-15,,2593.33,Pending,,0
PAY002295,POL00774,C0228,2023-12-27,2024-01-01,7390.0,Paid,UPI,147.8
PAY002296,POL00774,C0228,2024-12-21,2024-12-22,7390.0,Paid,Auto Debit,0
PAY002297,POL00775,C0131,2024-08-09,2024-08-14,4413.0,Paid,Net Banking,88.26
PAY002298,POL00775,C0131,2025-08-04,2025-08-04,4413.0,Paid,Credit Card,0
PAY002299,POL00776,C0095,2024-06-24,2024-08-06,995.0,Overdue,UPI,49.75
PAY002300,POL00776,C0095,2024-12-21,,995.0,Overdue,,0
PAY002301,POL00776,C0095,2025-06-19,,995.0,Failed,Auto Debit,0
PAY002302,POL00777,C0244,2025-05-11,2025-05-11,23510.0,Paid,Credit Card,0
PAY002303,POL00778,C0316,2025-08-12,2025-08-15,33910.0,Paid,Auto Debit,0
PAY002304,POL00779,C0318,2023-11-25,2023-11-25,5172.0,Paid,Cash,0
PAY002305,POL00779,C0318,2024-11-19,2024-11-19,5172.0,Paid,UPI,0
PAY002306,POL00780,C0152,2024-03-24,2024-03-27,19560.0,Paid,UPI,0
PAY002307,POL00780,C0152,2025-03-19,2025-03-21,19560.0,Paid,Net Banking,0
PAY002308,POL00781,C0172,2025-01-01,2025-01-05,1440.0,Paid,UPI,28.8
PAY002309,POL00781,C0172,2025-01-31,2025-02-01,1440.0,Paid,UPI,0
PAY002310,POL00781,C0172,2025-03-02,2025-03-07,1440.0,Paid,Debit Card,28.8
PAY002311,POL00781,C0172,2025-04-01,2025-03-31,1440.0,Paid,UPI,0
PAY002312,POL00781,C0172,2025-05-01,2025-05-04,1440.0,Paid,Net Banking,0
PAY002313,POL00781,C0172,2025-05-31,2025-06-05,1440.0,Paid,UPI,28.8
PAY002314,POL00781,C0172,2025-06-30,,1440.0,Pending,,0
PAY002315,POL00781,C0172,2025-07-30,,1440.0,Failed,Auto Debit,0
PAY002316,POL00781,C0172,2025-08-29,2025-09-03,1440.0,Paid,UPI,28.8
PAY002317,POL00781,C0172,2025-09-28,2025-09-28,1440.0,Paid,Auto Debit,0
PAY002318,POL00782,C0061,2025-06-27,2025-07-16,6134.0,Paid,UPI,245.36
PAY002319,POL00783,C0404,2025-03-20,2025-03-19,20900.0,Paid,Credit Card,0
PAY002320,POL00784,C0068,2025-07-17,,1500.0,Pending,,0
PAY002321,POL00785,C0082,2024-07-20,,13225.0,Failed,Auto Debit,0
PAY002322,POL00785,C0082,2025-01-16,2025-01-23,13225.0,Paid,Auto Debit,264.5
PAY002323,POL00785,C0082,2025-07-15,,13225.0,Overdue,,0
PAY002324,POL00786,C0487,2025-01-06,,3170.0,Overdue,,0
PAY002325,POL00787,C0277,2025-03-27,2025-03-28,650.0,Paid,Credit Card,0
PAY002326,POL00788,C0364,2024-12-10,2024-12-12,1685.0,Paid,UPI,0
PAY002327,POL00788,C0364,2025-06-08,,1685.0,Pending,,0
PAY002328,POL00789,C0044,2023-10-12,,4239.17,Overdue,,0
PAY002329,POL00789,C0044,2023-11-11,2023-11-21,4239.17,Paid,UPI,84.78
PAY002330,POL00789,C0044,2023-12-11,2024-01-07,4239.17,Overdue,Debit Card,211.96
PAY002331,POL00789,C0044,2024-01-10,2024-01-12,4239.17,Paid,Net Banking,0
PAY002332,POL00789,C0044,2024-02-09,,4239.17,Failed,Net Banking,0
PAY002333,POL00789,C0044,2024-03-10,,4239.17,Pending,,0
PAY002334,POL00789,C0044,2024-04-09,,4239.17,Overdue,,0
PAY002335,POL00789,C0044,2024-05-09,,4239.17,Overdue,,0
PAY002336,POL00789,C0044,2024-06-08,,4239.17,Failed,Auto Debit,0
PAY002337,POL00789,C0044,2024-07-08,2024-08-16,4239.17,Overdue,Net Banking,211.96
PAY002338,POL00789,C0044,2024-08-07,2024-08-17,4239.17,Paid,Cash,84.78
PAY002339,POL00789,C0044,2024-09-06,2024-09-06,4239.17,Paid,UPI,0
PAY002340,POL00789,C0044,2024-10-06,,4239.17,Pending,,0
PAY002341,POL00790,C0286,2025-01-31,2025-02-01,9245.0,Paid,UPI,0
PAY002342,POL00790,C0286,2025-07-30,2025-07-28,9245.0,Paid,UPI,0
PAY002343,POL00791,C0276,2023-11-05,2024-01-02,851.0,Overdue,Credit Card,42.55
PAY002344,POL00791,C0276,2024-10-30,2024-10-28,851.0,Paid,UPI,0
PAY002345,POL00792,C0494,2024-09-22,,7195.0,Pending,,0
PAY002346,POL00792,C0494,2024-12-21,2024-12-25,7195.0,Paid,Credit Card,143.9
PAY002347,POL00792,C0494,2025-03-21,,7195.0,Overdue,,0
PAY002348,POL00792,C0494,2025-06-19,2025-06-17,7195.0,Paid,UPI,0
PAY002349,POL00792,C0494,2025-09-17,,7195.0,Overdue,,0
PAY002350,POL00793,C0382,2023-12-27,2023-12-29,6127.0,Paid,UPI,0
PAY002351,POL00793,C0382,2024-12-21,2024-12-23,6127.0,Paid,UPI,0
PAY002352,POL00794,C0057,2025-08-18,2025-09-24,1116.0,Overdue,UPI,55.8
PAY002353,POL00795,C0437,2025-07-06,2025-07-10,24540.0,Paid,Auto Debit,490.8
PAY002354,POL00796,C0379,2025-07-25,2025-07-27,13710.0,Paid,UPI,0
PAY002355,POL00797,C0290,2025-02-01,2025-01-30,6370.0,Paid,UPI,0
PAY002356,POL00797,C0290,2025-05-02,2025-05-07,6370.0,Paid,Debit Card,127.4
PAY002357,POL00797,C0290,2025-07-31,2025-07-30,6370.0,Paid,Credit Card,0
PAY002358,POL00798,C0309,2024-05-20,2024-05-23,7970.0,Paid,Debit Card,0
PAY002359,POL00798,C0309,2024-11-16,2024-11-19,7970.0,Paid,Net Banking,0
PAY002360,POL00798,C0309,2025-05-15,2025-05-15,7970.0,Paid,Net Banking,0
PAY002361,POL00799,C0297,2023-08-12,2023-08-14,24900.0,Paid,Auto Debit,0
PAY002362,POL00799,C0297,2024-08-06,2024-08-04,24900.0,Paid,UPI,0
PAY002363,POL00800,C0012,2025-08-16,,14880.0,Pending,,0
