policy_id,customer_id,product_type,vehicle_type,vehicle_make,vehicle_model,vehicle_year,plan_name,sum_insured,premium_amount,payment_frequency,start_date,end_date,renewal_date,status,ncb_percentage,auto_renew
POL00001,C0018,Comprehensive,Two Wheeler,Honda,Activa 6G,2021,Honda Comprehensive,64000.0,1760.0,Quarterly,2023-04-28,2024-04-27,2025-04-27,Active,20,False
POL00002,C0243,Third Party Only,Two Wheeler,Royal Enfield,Classic 350,2025,Royal Enfield Third Party Only,200000.0,752,Annual,2024-06-09,2025-06-09,2026-06-09,Cancelled,0,False
POL00003,C0365,Comprehensive,Car,Kia,Seltos,2018,Kia Comprehensive,747500.0,32480.0,Half-Yearly,2024-06-05,2025-06-05,2026-06-05,Active,0,True
POL00004,C0249,Comprehensive,Two Wheeler,Hero,Glamour,2020,Hero Comprehensive,63800.0,2190.0,Annual,2024-04-10,2025-04-10,2026-04-10,Active,20,False
POL00005,C0158,Comprehensive,Car,Kia,Seltos,2023,Kia Comprehensive,1035000.0,40770.0,Annual,2024-09-06,2025-09-06,2026-09-06,Active,50,True
POL00006,C0472,Third Party Only,Car,Mahindra,XUV700,2024,Mahindra Third Party Only,1425000.0,6714,Quarterly,2024-01-08,2025-01-07,2026-01-07,Active,0,True
POL00007,C0050,Comprehensive,Car,Honda,City,2017,Honda Comprehensive,720000.0,25170.0,Annual,2024-09-27,2025-09-27,2026-09-27,Active,45,False
POL00008,C0224,Own Damage,Two Wheeler,Suzuki,Access 125,2025,Suzuki Own Damage,85000.0,1840.0,Annual,2025-07-31,2026-07-31,2026-07-31,Active,50,False
POL00009,C0412,Comprehensive,Car,Toyota,Innova Crysta,2020,Toyota Comprehensive,1500000.0,37670.0,Monthly,2023-10-28,2024-10-27,2025-10-27,Active,25,True
POL00010,C0049,Comprehensive,Car,Mahindra,XUV700,2025,Mahindra Comprehensive,1500000.0,63400.0,Quarterly,2024-11-13,2025-11-13,2025-11-13,Active,0,False
POL00011,C0011,Comprehensive,Car,Maruti Suzuki,Brezza,2022,Maruti Suzuki Comprehensive,722500.0,21750.0,Annual,2023-07-02,2024-07-01,2025-07-01,Cancelled,0,False
POL00012,C0316,Comprehensive,Two Wheeler,TVS,Apache RTR 160,2018,TVS Comprehensive,78000.0,2580.0,Half-Yearly,2023-10-30,2024-10-29,2025-10-29,Active,20,True
POL00013,C0408,Comprehensive,Car,Tata,Nexon,2025,Tata Comprehensive,850000.0,32560.0,Quarterly,2024-03-23,2025-03-23,2026-03-23,Active,25,False
POL00014,C0005,Comprehensive,Car,Maruti Suzuki,Brezza,2025,Maruti Suzuki Comprehensive,850000.0,34110.0,Quarterly,2023-12-10,2024-12-09,2025-12-09,Active,45,True
POL00015,C0044,Third Party Only,Two Wheeler,Suzuki,Access 125,2023,Suzuki Third Party Only,76500.0,1145,Half-Yearly,2025-03-24,2026-03-24,2026-03-24,Expired,0,False
POL00016,C0132,Comprehensive,Car,Toyota,Innova Crysta,2024,Toyota Comprehensive,1900000.0,65290.0,Annual,2023-06-01,2024-05-31,2025-05-31,Active,0,False
POL00017,C0090,Comprehensive,Car,Tata,Nexon,2019,Tata Comprehensive,595000.0,18390.0,Annual,2025-06-12,2026-06-12,2026-06-12,Expired,0,False
POL00018,C0164,Comprehensive,Car,Kia,Sonet,2022,Kia Comprehensive,722500.0,24780.0,Half-Yearly,2023-05-20,2024-05-19,2025-05-19,Active,20,True
POL00019,C0118,Third Party Only,Car,Maruti Suzuki,Swift,2017,Maruti Suzuki Third Party Only,390000.0,5891,Annual,2025-02-24,2026-02-24,2026-02-24,Lapsed,0,False
POL00020,C0487,Comprehensive,Two Wheeler,Yamaha,FZ-S V3,2020,Yamaha Comprehensive,86200.0,3400.0,Half-Yearly,2024-05-26,2025-05-26,2026-05-26,Active,20,True
POL00021,C0003,Comprehensive,Commercial,Mahindra,Bolero Pickup,2019,Mahindra Comprehensive,595000.0,23760.0,Half-Yearly,2023-10-10,2024-10-09,2025-10-09,Active,35,True
POL00022,C0375,Third Party Only,Car,Maruti Suzuki,Swift,2018,Maruti Suzuki Third Party Only,422500.0,5869,Half-Yearly,2023-10-26,2024-10-25,2025-10-25,Expired,0,False
POL00023,C0083,Comprehensive,Car,Kia,Seltos,2020,Kia Comprehensive,862500.0,38360.0,Annual,2023-10-10,2024-10-09,2025-10-09,Expired,0,False
POL00024,C0349,Comprehensive,Car,Tata,Nexon,2017,Tata Comprehensive,510000.0,12890.0,Annual,2025-08-13,2026-08-13,2026-08-13,Active,0,False
POL00025,C0098,Comprehensive,Two Wheeler,Bajaj,Pulsar 150,2019,Bajaj Comprehensive,77000.0,2890.0,Half-Yearly,2025-02-15,2026-02-15,2026-02-15,Active,50,True
POL00026,C0464,Comprehensive,Car,Maruti Suzuki,Swift,2017,Maruti Suzuki Comprehensive,390000.0,10940.0,Half-Yearly,2024-04-20,2025-04-20,2026-04-20,Active,50,True
POL00027,C0091,Third Party Only,Two Wheeler,Royal Enfield,Classic 350,2025,Royal Enfield Third Party Only,200000.0,883,Annual,2025-08-21,2026-08-21,2026-08-21,Active,50,False
POL00028,C0330,Comprehensive,Commercial,Eicher,Pro 2049,2025,Eicher Comprehensive,1500000.0,54130.0,Annual,2024-04-17,2025-04-17,2026-04-17,Active,35,True
POL00029,C0440,Comprehensive,Car,Toyota,Innova Crysta,2023,Toyota Comprehensive,1800000.0,47190.0,Annual,2024-01-17,2025-01-16,2026-01-16,Active,0,True
POL00030,C0425,Comprehensive,Car,Kia,Seltos,2017,Kia Comprehensive,690000.0,30210.0,Annual,2023-09-15,2024-09-14,2025-09-14,Active,0,True
POL00031,C0396,Comprehensive,Two Wheeler,Suzuki,Access 125,2023,Suzuki Comprehensive,76500.0,2250.0,Quarterly,2024-09-16,2025-09-16,2026-09-16,Cancelled,0,False
POL00032,C0170,Third Party Only,Commercial,Eicher,Pro 2049,2018,Eicher Third Party Only,975000.0,9395,Monthly,2023-04-29,2024-04-28,2025-04-28,Expired,0,False
POL00033,C0151,Third Party Only,Car,Tata,Punch,2023,Tata Third Party Only,540000.0,3427,Half-Yearly,2024-11-13,2025-11-13,2025-11-13,Active,0,True
POL00034,C0103,Comprehensive,Two Wheeler,TVS,Apache RTR 160,2018,TVS Comprehensive,78000.0,2110.0,Annual,2024-04-11,2025-04-11,2026-04-11,Active,0,True
POL00035,C0452,Comprehensive,Commercial,Ashok Leyland,Dost,2020,Ashok Leyland Comprehensive,562500.0,15850.0,Quarterly,2024-04-01,2025-04-01,2026-04-01,Active,0,True
POL00036,C0076,Comprehensive,Two Wheeler,TVS,Apache RTR 160,2017,TVS Comprehensive,72000.0,2500.0,Monthly,2023-06-18,2024-06-17,2025-06-17,Active,0,False
POL00037,C0354,Comprehensive,Car,Hyundai,i20,2024,Hyundai Comprehensive,712500.0,19300.0,Annual,2024-06-07,2025-06-07,2026-06-07,Active,50,False
POL00038,C0314,Comprehensive,Commercial,Tata,Ace Gold,2024,Tata Comprehensive,427500.0,11590.0,Half-Yearly,2025-01-31,2026-01-31,2026-01-31,Cancelled,0,False
POL00039,C0335,Third Party Only,Two Wheeler,Royal Enfield,Classic 350,2023,Royal Enfield Third Party Only,180000.0,992,Half-Yearly,2025-05-20,2026-05-20,2026-05-20,Active,20,True
POL00040,C0451,Own Damage,Two Wheeler,TVS,Apache RTR 160,2023,TVS Own Damage,108000.0,3410.0,Annual,2023-04-28,2024-04-27,2025-04-27,Lapsed,0,False
POL00041,C0376,Comprehensive,Car,Kia,Sonet,2018,Kia Comprehensive,552500.0,17930.0,Half-Yearly,2024-08-25,2025-08-25,2026-08-25,Active,0,True
POL00042,C0293,Comprehensive,Car,Honda,City,2019,Honda Comprehensive,840000.0,28200.0,Quarterly,2024-05-17,2025-05-17,2026-05-17,Expired,0,False
POL00043,C0205,Own Damage,Car,Toyota,Innova Crysta,2021,Toyota Own Damage,1600000.0,42620.0,Half-Yearly,2023-08-26,2024-08-25,2025-08-25,Lapsed,0,False
POL00044,C0099,Comprehensive,Commercial,Tata,Ace Gold,2021,Tata Comprehensive,360000.0,16070.0,Annual,2025-06-28,2026-06-28,2026-06-28,Active,0,True
POL00045,C0454,Own Damage,Car,Maruti Suzuki,Brezza,2016,Maruti Suzuki Own Damage,467500.0,16220.0,Half-Yearly,2024-03-15,2025-03-15,2026-03-15,Expired,0,False
POL00046,C0089,Third Party Only,Car,Toyota,Innova Crysta,2024,Toyota Third Party Only,1900000.0,4669,Quarterly,2025-08-21,2026-08-21,2026-08-21,Cancelled,0,False
POL00047,C0250,Comprehensive,Commercial,Mahindra,Bolero Pickup,2022,Mahindra Comprehensive,722500.0,21030.0,Annual,2023-06-14,2024-06-13,2025-06-13,Active,25,True
POL00048,C0420,Third Party Only,Commercial,Eicher,Pro 2049,2019,Eicher Third Party Only,1050000.0,4380,Annual,2024-09-21,2025-09-21,2026-09-21,Active,45,False
POL00049,C0089,Comprehensive,Two Wheeler,Royal Enfield,Classic 350,2019,Royal Enfield Comprehensive,140000.0,5050.0,Annual,2023-07-16,2024-07-15,2025-07-15,Lapsed,0,False
POL00050,C0274,Third Party Only,Two Wheeler,Royal Enfield,Classic 350,2019,Royal Enfield Third Party Only,140000.0,793,Half-Yearly,2024-03-30,2025-03-30,2026-03-30,Active,0,False
POL00051,C0450,Comprehensive,Two Wheeler,Suzuki,Access 125,2017,Suzuki Comprehensive,51000.0,1940.0,Annual,2024-10-28,2025-10-28,2025-10-28,Active,0,True
POL00052,C0233,Comprehensive,Commercial,Mahindra,Bolero Pickup,2021,Mahindra Comprehensive,680000.0,26070.0,Quarterly,2024-01-21,2025-01-20,2026-01-20,Active,45,True
POL00053,C0056,Comprehensive,Car,Maruti Suzuki,Baleno,2021,Maruti Suzuki Comprehensive,600000.0,17310.0,Half-Yearly,2024-05-21,2025-05-21,2026-05-21,Active,45,True
POL00054,C0443,Comprehensive,Car,Maruti Suzuki,Baleno,2016,Maruti Suzuki Comprehensive,412500.0,11390.0,Annual,2025-06-11,2026-06-11,2026-06-11,Active,35,True
POL00055,C0247,Comprehensive,Car,Honda,City,2020,Honda Comprehensive,900000.0,33960.0,Monthly,2023-09-24,2024-09-23,2025-09-23,Expired,0,False
POL00056,C0115,Comprehensive,Car,Honda,City,2018,Honda Comprehensive,780000.0,21480.0,Half-Yearly,2025-04-19,2026-04-19,2026-04-19,Expired,0,False
POL00057,C0116,Third Party Only,Car,Kia,Sonet,2017,Kia Third Party Only,510000.0,5830,Annual,2023-07-27,2024-07-26,2025-07-26,Active,35,True
POL00058,C0133,Comprehensive,Commercial,Eicher,Pro 2049,2017,Eicher Comprehensive,900000.0,32790.0,Annual,2025-03-26,2026-03-26,2026-03-26,Active,20,False
POL00059,C0331,Third Party Only,Car,Kia,Seltos,2016,Kia Third Party Only,632500.0,3264,Half-Yearly,2024-06-24,2025-06-24,2026-06-24,Active,20,False
POL00060,C0370,Comprehensive,Two Wheeler,Hero,Glamour,2016,Hero Comprehensive,46800.0,1500.0,Quarterly,2024-06-28,2025-06-28,2026-06-28,Active,20,True
POL00061,C0204,Third Party Only,Commercial,Eicher,Pro 2049,2023,Eicher Third Party Only,1350000.0,5175,Half-Yearly,2024-03-31,2025-03-31,2026-03-31,Active,50,True
POL00062,C0042,Comprehensive,Car,Mahindra,XUV700,2021,Mahindra Comprehensive,1200000.0,44990.0,Half-Yearly,2024-07-29,2025-07-29,2026-07-29,Active,25,True
POL00063,C0091,Comprehensive,Two Wheeler,Hero,Glamour,2020,Hero Comprehensive,63800.0,2700.0,Half-Yearly,2024-01-22,2025-01-21,2026-01-21,Lapsed,0,False
POL00064,C0368,Comprehensive,Car,Tata,Nexon,2024,Tata Comprehensive,807500.0,30590.0,Annual,2023-12-05,2024-12-04,2025-12-04,Active,50,True
POL00065,C0325,Comprehensive,Car,Hyundai,Creta,2023,Hyundai Comprehensive,1080000.0,27400.0,Half-Yearly,2024-03-03,2025-03-03,2026-03-03,Active,0,True
POL00066,C0099,Third Party Only,Two Wheeler,Hero,Glamour,2017,Hero Third Party Only,51000.0,1103,Annual,2024-01-04,2025-01-03,2026-01-03,Active,50,False
POL00067,C0012,Comprehensive,Car,Hyundai,i20,2022,Hyundai Comprehensive,637500.0,22670.0,Annual,2025-05-28,2026-05-28,2026-05-28,Active,0,True
POL00068,C0371,Third Party Only,Two Wheeler,Bajaj,Pulsar 150,2020,Bajaj Third Party Only,82500.0,639,Annual,2024-07-08,2025-07-08,2026-07-08,Active,0,True
POL00069,C0422,Comprehensive,Car,Maruti Suzuki,Swift,2016,Maruti Suzuki Comprehensive,357500.0,9640.0,Annual,2024-10-02,2025-10-02,2025-10-02,Active,50,False
POL00070,C0115,Comprehensive,Two Wheeler,TVS,Apache RTR 160,2025,TVS Comprehensive,120000.0,4180.0,Half-Yearly,2024-07-31,2025-07-31,2026-07-31,Expired,0,False
POL00071,C0470,Comprehensive,Two Wheeler,Suzuki,Access 125,2023,Suzuki Comprehensive,76500.0,2010.0,Annual,2023-11-20,2024-11-19,2025-11-19,Active,0,True
POL00072,C0178,Third Party Only,Commercial,Tata,Ace Gold,2019,Tata Third Party Only,315000.0,5057,Annual,2024-07-09,2025-07-09,2026-07-09,Active,50,True
POL00073,C0391,Comprehensive,Two Wheeler,Bajaj,Pulsar 150,2021,Bajaj Comprehensive,88000.0,2500.0,Annual,2024-06-22,2025-06-22,2026-06-22,Expired,0,False
POL00074,C0159,Third Party Only,Car,Maruti Suzuki,Swift,2016,Maruti Suzuki Third Party Only,357500.0,7185,Annual,2025-03-11,2026-03-11,2026-03-11,Active,25,True
POL00075,C0149,Third Party Only,Two Wheeler,Yamaha,FZ-S V3,2021,Yamaha Third Party Only,92000.0,699,Annual,2024-03-25,2025-03-25,2026-03-25,Active,0,False
POL00076,C0219,Comprehensive,Car,Tata,Nexon,2017,Tata Comprehensive,510000.0,14000.0,Annual,2024-02-07,2025-02-06,2026-02-06,Expired,0,False
POL00077,C0335,Comprehensive,Commercial,Mahindra,Bolero Pickup,2025,Mahindra Comprehensive,850000.0,34880.0,Quarterly,2024-09-13,2025-09-13,2026-09-13,Active,50,False
POL00078,C0126,Comprehensive,Two Wheeler,Suzuki,Access 125,2021,Suzuki Comprehensive,68000.0,3000.0,Annual,2023-09-21,2024-09-20,2025-09-20,Active,0,True
POL00079,C0058,Comprehensive,Two Wheeler,Hero,Splendor Plus,2018,Hero Comprehensive,45500.0,1950.0,Half-Yearly,2023-07-11,2024-07-10,2025-07-10,Active,0,False
POL00080,C0222,Comprehensive,Car,Maruti Suzuki,Baleno,2024,Maruti Suzuki Comprehensive,712500.0,29670.0,Half-Yearly,2023-10-11,2024-10-10,2025-10-10,Active,50,True
POL00081,C0116,Third Party Only,Car,Honda,City,2018,Honda Third Party Only,780000.0,7810,Monthly,2025-04-24,2026-04-24,2026-04-24,Active,0,True
POL00082,C0226,Third Party Only,Two Wheeler,Hero,Splendor Plus,2020,Hero Third Party Only,52500.0,848,Annual,2023-05-17,2024-05-16,2025-05-16,Active,20,False
POL00083,C0036,Comprehensive,Two Wheeler,Hero,Glamour,2021,Hero Comprehensive,68000.0,2370.0,Half-Yearly,2023-12-18,2024-12-17,2025-12-17,Active,0,False
POL00084,C0036,Comprehensive,Car,Maruti Suzuki,Baleno,2020,Maruti Suzuki Comprehensive,562500.0,19620.0,Annual,2023-10-24,2024-10-23,2025-10-23,Cancelled,0,False
POL00085,C0260,Comprehensive,Car,Maruti Suzuki,Brezza,2025,Maruti Suzuki Comprehensive,850000.0,31250.0,Half-Yearly,2025-04-21,2026-04-21,2026-04-21,Active,35,False
POL00086,C0155,Third Party Only,Commercial,Ashok Leyland,Dost,2019,Ashok Leyland Third Party Only,525000.0,3378,Monthly,2023-09-20,2024-09-19,2025-09-19,Active,35,True
POL00087,C0232,Own Damage,Car,Kia,Seltos,2016,Kia Own Damage,632500.0,18730.0,Monthly,2025-07-07,2026-07-07,2026-07-07,Lapsed,0,False
POL00088,C0446,Comprehensive,Car,Honda,City,2020,Honda Comprehensive,900000.0,31830.0,Annual,2024-03-18,2025-03-18,2026-03-18,Active,45,True
POL00089,C0495,Comprehensive,Two Wheeler,Yamaha,FZ-S V3,2024,Yamaha Comprehensive,109200.0,2740.0,Annual,2025-06-07,2026-06-07,2026-06-07,Cancelled,0,False
POL00090,C0114,Own Damage,Car,Mahindra,XUV700,2019,Mahindra Own Damage,1050000.0,27680.0,Annual,2024-12-17,2025-12-17,2025-12-17,Active,20,True
POL00091,C0090,Comprehensive,Car,Maruti Suzuki,Baleno,2016,Maruti Suzuki Comprehensive,412500.0,16980.0,Annual,2023-11-27,2024-11-26,2025-11-26,Expired,0,False
POL00092,C0412,Comprehensive,Car,Hyundai,Creta,2017,Hyundai Comprehensive,720000.0,31810.0,Quarterly,2023-05-11,2024-05-10,2025-05-10,Active,50,True
POL00093,C0307,Comprehensive,Two Wheeler,Hero,Glamour,2017,Hero Comprehensive,51000.0,1870.0,Annual,2025-06-28,2026-06-28,2026-06-28,Cancelled,0,False
POL00094,C0210,Third Party Only,Car,Mahindra,XUV700,2017,Mahindra Third Party Only,900000.0,2607,Quarterly,2024-06-03,2025-06-03,2026-06-03,Active,35,True
POL00095,C0339,Comprehensive,Two Wheeler,Hero,Splendor Plus,2024,Hero Comprehensive,66500.0,2790.0,Annual,2023-12-06,2024-12-05,2025-12-05,Active,0,False
POL00096,C0302,Comprehensive,Car,Maruti Suzuki,Brezza,2016,Maruti Suzuki Comprehensive,467500.0,16030.0,Annual,2023-12-03,2024-12-02,2025-12-02,Active,20,True
POL00097,C0296,Comprehensive,Car,Maruti Suzuki,Swift,2023,Maruti Suzuki Comprehensive,585000.0,21500.0,Annual,2025-08-17,2026-08-17,2026-08-17,Active,0,True
POL00098,C0097,Comprehensive,Car,Maruti Suzuki,Brezza,2018,Maruti Suzuki Comprehensive,552500.0,16640.0,Annual,2023-08-18,2024-08-17,2025-08-17,Lapsed,0,False
POL00099,C0228,Comprehensive,Two Wheeler,Bajaj,Pulsar 150,2016,Bajaj Comprehensive,60500.0,1890.0,Annual,2023-11-01,2024-10-31,2025-10-31,Active,20,True
POL00100,C0229,Comprehensive,Car,Hyundai,i20,2018,Hyundai Comprehensive,487500.0,18070.0,Annual,2025-08-21,2026-08-21,2026-08-21,Active,45,True
POL00101,C0464,Comprehensive,Two Wheeler,Hero,Splendor Plus,2022,Hero Comprehensive,59500.0,2650.0,Half-Yearly,2025-02-04,2026-02-04,2026-02-04,Active,20,True
POL00102,C0073,Comprehensive,Car,Mahindra,XUV700,2023,Mahindra Comprehensive,1350000.0,42690.0,Annual,2024-09-20,2025-09-20,2026-09-20,Lapsed,0,False
POL00103,C0092,Comprehensive,Car,Hyundai,i20,2017,Hyundai Comprehensive,450000.0,18350.0,Annual,2025-01-17,2026-01-17,2026-01-17,Expired,0,False
POL00104,C0120,Comprehensive,Car,Mahindra,XUV700,2019,Mahindra Comprehensive,1050000.0,30730.0,Annual,2023-07-05,2024-07-04,2025-07-04,Expired,0,False
POL00105,C0088,Comprehensive,Car,Mahindra,XUV700,2022,Mahindra Comprehensive,1275000.0,36570.0,Monthly,2024-08-23,2025-08-23,2026-08-23,Active,20,True
POL00106,C0310,Comprehensive,Two Wheeler,Royal Enfield,Classic 350,2023,Royal Enfield Comprehensive,180000.0,6610.0,Half-Yearly,2025-07-16,2026-07-16,2026-07-16,Expired,0,False
POL00107,C0078,Comprehensive,Two Wheeler,Royal Enfield,Classic 350,2018,Royal Enfield Comprehensive,130000.0,3930.0,Annual,2023-04-15,2024-04-14,2025-04-14,Lapsed,0,False
POL00108,C0455,Third Party Only,Two Wheeler,Hero,Splendor Plus,2018,Hero Third Party Only,45500.0,585,Annual,2023-10-06,2024-10-05,2025-10-05,Active,45,False
POL00109,C0067,Comprehensive,Two Wheeler,TVS,Apache RTR 160,2020,TVS Comprehensive,90000.0,2920.0,Annual,2025-03-07,2026-03-07,2026-03-07,Expired,0,False
POL00110,C0189,Comprehensive,Commercial,Eicher,Pro 2049,2017,Eicher Comprehensive,900000.0,38390.0,Annual,2025-02-16,2026-02-16,2026-02-16,Active,25,True
POL00111,C0213,Own Damage,Car,Honda,City,2019,Honda Own Damage,840000.0,26410.0,Annual,2024-02-28,2025-02-27,2026-02-27,Active,0,True
POL00112,C0213,Third Party Only,Two Wheeler,Royal Enfield,Classic 350,2018,Royal Enfield Third Party Only,130000.0,1080,Quarterly,2025-01-27,2026-01-27,2026-01-27,Active,50,True
POL00113,C0479,Comprehensive,Car,Maruti Suzuki,Baleno,2018,Maruti Suzuki Comprehensive,487500.0,19510.0,Half-Yearly,2024-03-26,2025-03-26,2026-03-26,Active,35,True
POL00114,C0169,Third Party Only,Car,Tata,Punch,2024,Tata Third Party Only,570000.0,6153,Annual,2024-01-12,2025-01-11,2026-01-11,Active,50,True
POL00115,C0211,Comprehensive,Two Wheeler,TVS,Apache RTR 160,2019,TVS Comprehensive,84000.0,2490.0,Annual,2024-06-20,2025-06-20,2026-06-20,Cancelled,0,False
POL00116,C0414,Comprehensive,Car,Tata,Punch,2020,Tata Comprehensive,450000.0,12460.0,Annual,2024-05-31,2025-05-31,2026-05-31,Active,0,True
POL00117,C0382,Comprehensive,Car,Maruti Suzuki,Brezza,2021,Maruti Suzuki Comprehensive,680000.0,23360.0,Annual,2023-05-29,2024-05-28,2025-05-28,Active,20,True
POL00118,C0434,Comprehensive,Two Wheeler,TVS,Apache RTR 160,2020,TVS Comprehensive,90000.0,2900.0,Annual,2023-04-20,2024-04-19,2025-04-19,Active,35,True
POL00119,C0060,Comprehensive,Car,Hyundai,Creta,2017,Hyundai Comprehensive,720000.0,23190.0,Annual,2024-09-22,2025-09-22,2026-09-22,Active,20,True
POL00120,C0026,Comprehensive,Car,Toyota,Innova Crysta,2020,Toyota Comprehensive,1500000.0,55620.0,Annual,2023-07-21,2024-07-20,2025-07-20,Cancelled,0,False
POL00121,C0009,Third Party Only,Car,Tata,Nexon,2016,Tata Third Party Only,467500.0,4408,Quarterly,2023-06-20,2024-06-19,2025-06-19,Expired,0,False
POL00122,C0194,Third Party Only,Commercial,Tata,Ace Gold,2023,Tata Third Party Only,405000.0,5445,Quarterly,2025-01-08,2026-01-08,2026-01-08,Active,45,True
POL00123,C0117,Comprehensive,Two Wheeler,Hero,Glamour,2023,Hero Comprehensive,76500.0,2040.0,Quarterly,2024-06-16,2025-06-16,2026-06-16,Active,45,True
POL00124,C0268,Comprehensive,Car,Kia,Sonet,2016,Kia Comprehensive,467500.0,17090.0,Annual,2023-08-05,2024-08-04,2025-08-04,Active,50,True
POL00125,C0005,Comprehensive,Car,Hyundai,Creta,2022,Hyundai Comprehensive,1020000.0,40850.0,Half-Yearly,2023-09-22,2024-09-21,2025-09-21,Lapsed,0,False
POL00126,C0221,Third Party Only,Car,Maruti Suzuki,Swift,2025,Maruti Suzuki Third Party Only,650000.0,3239,Annual,2024-09-25,2025-09-25,2026-09-25,Active,50,True
POL00127,C0068,Comprehensive,Car,Honda,City,2022,Honda Comprehensive,1020000.0,33470.0,Annual,2025-02-18,2026-02-18,2026-02-18,Lapsed,0,False
POL00128,C0188,Comprehensive,Car,Kia,Seltos,2020,Kia Comprehensive,862500.0,23360.0,Annual,2025-07-28,2026-07-28,2026-07-28,Lapsed,0,False
POL00129,C0369,Comprehensive,Car,Maruti Suzuki,Swift,2018,Maruti Suzuki Comprehensive,422500.0,18260.0,Annual,2025-01-31,2026-01-31,2026-01-31,Active,45,True
POL00130,C0013,Comprehensive,Car,Tata,Punch,2024,Tata Comprehensive,570000.0,17980.0,Quarterly,2024-07-25,2025-07-25,2026-07-25,Active,0,True
POL00131,C0252,Comprehensive,Car,Mahindra,XUV700,2017,Mahindra Comprehensive,900000.0,38760.0,Annual,2025-01-31,2026-01-31,2026-01-31,Active,50,False
POL00132,C0341,Own Damage,Car,Maruti Suzuki,Brezza,2025,Maruti Suzuki Own Damage,850000.0,24490.0,Annual,2023-09-28,2024-09-27,2025-09-27,Active,0,True
POL00133,C0409,Comprehensive,Two Wheeler,Honda,Activa 6G,2022,Honda Comprehensive,68000.0,2040.0,Annual,2024-01-25,2025-01-24,2026-01-24,Lapsed,0,False
POL00134,C0469,Third Party Only,Car,Maruti Suzuki,Brezza,2016,Maruti Suzuki Third Party Only,467500.0,4458,Half-Yearly,2024-05-19,2025-05-19,2026-05-19,Active,50,False
POL00135,C0014,Comprehensive,Two Wheeler,Bajaj,Pulsar 150,2022,Bajaj Comprehensive,93500.0,4020.0,Half-Yearly,2024-05-18,2025-05-18,2026-05-18,Active,45,True
POL00136,C0166,Comprehensive,Car,Honda,City,2016,Honda Comprehensive,660000.0,27990.0,Annual,2023-11-25,2024-11-24,2025-11-24,Active,45,False
POL00137,C0265,Own Damage,Car,Mahindra,XUV700,2019,Mahindra Own Damage,1050000.0,27480.0,Half-Yearly,2025-04-27,2026-04-27,2026-04-27,Expired,0,False
POL00138,C0102,Third Party Only,Two Wheeler,Honda,Activa 6G,2024,Honda Third Party Only,76000.0,815,Annual,2025-03-14,2026-03-14,2026-03-14,Active,35,True
POL00139,C0469,Comprehensive,Two Wheeler,Hero,Glamour,2022,Hero Comprehensive,72200.0,2380.0,Annual,2025-07-22,2026-07-22,2026-07-22,Active,0,False
POL00140,C0154,Comprehensive,Two Wheeler,Hero,Glamour,2023,Hero Comprehensive,76500.0,2040.0,Half-Yearly,2023-08-30,2024-08-29,2025-08-29,Expired,0,False
POL00141,C0359,Comprehensive,Two Wheeler,Royal Enfield,Classic 350,2018,Royal Enfield Comprehensive,130000.0,3300.0,Annual,2024-11-01,2025-11-01,2025-11-01,Active,45,True
POL00142,C0352,Comprehensive,Two Wheeler,Hero,Splendor Plus,2020,Hero Comprehensive,52500.0,1690.0,Annual,2025-07-25,2026-07-25,2026-07-25,Cancelled,0,False
POL00143,C0391,Third Party Only,Car,Kia,Seltos,2016,Kia Third Party Only,632500.0,6383,Half-Yearly,2023-08-27,2024-08-26,2025-08-26,Active,0,True
POL00144,C0151,Comprehensive,Car,Maruti Suzuki,Swift,2025,Maruti Suzuki Comprehensive,650000.0,26290.0,Half-Yearly,2024-12-17,2025-12-17,2025-12-17,Active,0,True
POL00145,C0004,Comprehensive,Two Wheeler,Hero,Splendor Plus,2016,Hero Comprehensive,38500.0,1110.0,Half-Yearly,2025-01-16,2026-01-16,2026-01-16,Expired,0,False
POL00146,C0006,Comprehensive,Two Wheeler,Bajaj,Pulsar 150,2018,Bajaj Comprehensive,71500.0,2520.0,Quarterly,2024-10-03,2025-10-03,2025-10-03,Lapsed,0,False
POL00147,C0187,Comprehensive,Two Wheeler,TVS,Apache RTR 160,2024,TVS Comprehensive,114000.0,3830.0,Annual,2025-05-13,2026-05-13,2026-05-13,Active,0,True
POL00148,C0031,Comprehensive,Car,Maruti Suzuki,Swift,2022,Maruti Suzuki Comprehensive,552500.0,16240.0,Half-Yearly,2024-11-17,2025-11-17,2025-11-17,Lapsed,0,False
POL00149,C0457,Comprehensive,Car,Maruti Suzuki,Baleno,2019,Maruti Suzuki Comprehensive,525000.0,21180.0,Annual,2025-05-17,2026-05-17,2026-05-17,Active,50,False
POL00150,C0408,Own Damage,Commercial,Mahindra,Bolero Pickup,2020,Mahindra Own Damage,637500.0,18490.0,Monthly,2023-09-16,2024-09-15,2025-09-15,Active,50,True
POL00151,C0370,Own Damage,Car,Toyota,Innova Crysta,2021,Toyota Own Damage,1600000.0,47990.0,Annual,2025-08-11,2026-08-11,2026-08-11,Active,35,True
POL00152,C0254,Comprehensive,Car,Mahindra,XUV700,2019,Mahindra Comprehensive,1050000.0,41050.0,Annual,2025-08-08,2026-08-08,2026-08-08,Active,0,True
POL00153,C0025,Comprehensive,Car,Hyundai,Creta,2025,Hyundai Comprehensive,1200000.0,33300.0,Annual,2025-02-04,2026-02-04,2026-02-04,Active,0,True
POL00154,C0425,Comprehensive,Two Wheeler,Hero,Glamour,2021,Hero Comprehensive,68000.0,2130.0,Half-Yearly,2025-07-20,2026-07-20,2026-07-20,Active,25,True
POL00155,C0500,Third Party Only,Two Wheeler,Hero,Splendor Plus,2019,Hero Third Party Only,49000.0,821,Annual,2025-01-31,2026-01-31,2026-01-31,Active,45,False
POL00156,C0137,Comprehensive,Car,Mahindra,XUV700,2019,Mahindra Comprehensive,1050000.0,34260.0,Annual,2024-06-03,2025-06-03,2026-06-03,Active,0,False
POL00157,C0084,Comprehensive,Two Wheeler,TVS,Apache RTR 160,2016,TVS Comprehensive,66000.0,1840.0,Annual,2025-05-28,2026-05-28,2026-05-28,Active,35,False
POL00158,C0095,Comprehensive,Commercial,Mahindra,Bolero Pickup,2024,Mahindra Comprehensive,807500.0,31900.0,Annual,2023-08-22,2024-08-21,2025-08-21,Active,25,True
POL00159,C0079,Comprehensive,Two Wheeler,Royal Enfield,Classic 350,2025,Royal Enfield Comprehensive,200000.0,7540.0,Annual,2023-06-21,2024-06-20,2025-06-20,Lapsed,0,False
POL00160,C0195,Comprehensive,Commercial,Ashok Leyland,Dost,2022,Ashok Leyland Comprehensive,637500.0,21940.0,Annual,2023-12-14,2024-12-13,2025-12-13,Active,50,True
POL00161,C0120,Third Party Only,Commercial,Eicher,Pro 2049,2016,Eicher Third Party Only,825000.0,10002,Quarterly,2023-07-14,2024-07-13,2025-07-13,Cancelled,0,False
POL00162,C0267,Comprehensive,Car,Kia,Sonet,2018,Kia Comprehensive,552500.0,15750.0,Annual,2024-10-20,2025-10-20,2025-10-20,Active,25,True
POL00163,C0094,Third Party Only,Car,Tata,Punch,2018,Tata Third Party Only,390000.0,3703,Annual,2025-02-16,2026-02-16,2026-02-16,Active,50,True
POL00164,C0269,Own Damage,Car,Kia,Seltos,2022,Kia Own Damage,977500.0,33340.0,Monthly,2024-08-12,2025-08-12,2026-08-12,Active,20,True
POL00165,C0024,Own Damage,Car,Honda,City,2016,Honda Own Damage,660000.0,14430.0,Monthly,2025-03-16,2026-03-16,2026-03-16,Active,25,False
POL00166,C0323,Comprehensive,Car,Mahindra,XUV700,2021,Mahindra Comprehensive,1200000.0,41730.0,Half-Yearly,2023-09-16,2024-09-15,2025-09-15,Active,25,False
POL00167,C0313,Comprehensive,Car,Hyundai,Creta,2023,Hyundai Comprehensive,1080000.0,44560.0,Half-Yearly,2023-10-07,2024-10-06,2025-10-06,Active,45,True
POL00168,C0309,Comprehensive,Two Wheeler,Hero,Glamour,2018,Hero Comprehensive,55200.0,2040.0,Monthly,2023-04-21,2024-04-20,2025-04-20,Active,0,False
POL00169,C0043,Third Party Only,Car,Honda,City,2022,Honda Third Party Only,1020000.0,2758,Annual,2025-02-17,2026-02-17,2026-02-17,Cancelled,0,False
POL00170,C0191,Third Party Only,Two Wheeler,Yamaha,FZ-S V3,2020,Yamaha Third Party Only,86200.0,994,Monthly,2023-10-25,2024-10-24,2025-10-24,Cancelled,0,False
POL00171,C0155,Third Party Only,Car,Mahindra,XUV700,2022,Mahindra Third Party Only,1275000.0,2828,Annual,2024-01-21,2025-01-20,2026-01-20,Active,20,False
POL00172,C0274,Third Party Only,Two Wheeler,TVS,Apache RTR 160,2022,TVS Third Party Only,102000.0,488,Monthly,2023-05-17,2024-05-16,2025-05-16,Active,0,True
POL00173,C0403,Third Party Only,Car,Kia,Sonet,2022,Kia Third Party Only,722500.0,5630,Annual,2024-08-11,2025-08-11,2026-08-11,Active,0,True
POL00174,C0152,Comprehensive,Two Wheeler,Honda,Activa 6G,2023,Honda Comprehensive,72000.0,2110.0,Annual,2023-07-24,2024-07-23,2025-07-23,Active,50,True
POL00175,C0064,Comprehensive,Commercial,Eicher,Pro 2049,2023,Eicher Comprehensive,1350000.0,50610.0,Quarterly,2025-03-12,2026-03-12,2026-03-12,Active,0,True
POL00176,C0385,Comprehensive,Two Wheeler,Suzuki,Access 125,2016,Suzuki Comprehensive,46800.0,1620.0,Half-Yearly,2025-05-18,2026-05-18,2026-05-18,Active,20,False
POL00177,C0386,Comprehensive,Two Wheeler,Hero,Splendor Plus,2017,Hero Comprehensive,42000.0,1720.0,Annual,2024-03-15,2025-03-15,2026-03-15,Expired,0,False
POL00178,C0176,Third Party Only,Car,Kia,Seltos,2023,Kia Third Party Only,1035000.0,7051,Annual,2024-08-15,2025-08-15,2026-08-15,Active,20,False
POL00179,C0448,Comprehensive,Car,Tata,Punch,2022,Tata Comprehensive,510000.0,13330.0,Annual,2024-09-25,2025-09-25,2026-09-25,Lapsed,0,False
POL00180,C0484,Comprehensive,Two Wheeler,Yamaha,FZ-S V3,2018,Yamaha Comprehensive,74700.0,2050.0,Annual,2023-09-13,2024-09-12,2025-09-12,Active,0,True
POL00181,C0457,Comprehensive,Car,Toyota,Innova Crysta,2023,Toyota Comprehensive,1800000.0,68770.0,Annual,2023-11-15,2024-11-14,2025-11-14,Expired,0,False
POL00182,C0253,Third Party Only,Car,Maruti Suzuki,Swift,2021,Maruti Suzuki Third Party Only,520000.0,4766,Half-Yearly,2025-01-02,2026-01-02,2026-01-02,Active,25,False
POL00183,C0152,Own Damage,Car,Tata,Punch,2022,Tata Own Damage,510000.0,17400.0,Annual,2023-10-25,2024-10-24,2025-10-24,Lapsed,0,False
POL00184,C0147,Comprehensive,Commercial,Eicher,Pro 2049,2020,Eicher Comprehensive,1125000.0,44140.0,Quarterly,2024-01-22,2025-01-21,2026-01-21,Active,45,True
POL00185,C0051,Third Party Only,Two Wheeler,Honda,Activa 6G,2020,Honda Third Party Only,60000.0,1043,Monthly,2024-05-08,2025-05-08,2026-05-08,Active,25,False
POL00186,C0123,Comprehensive,Car,Kia,Sonet,2019,Kia Comprehensive,595000.0,16900.0,Monthly,2023-09-13,2024-09-12,2025-09-12,Active,25,False
POL00187,C0100,Third Party Only,Two Wheeler,Suzuki,Access 125,2022,Suzuki Third Party Only,72200.0,707,Half-Yearly,2023-10-18,2024-10-17,2025-10-17,Lapsed,0,False
POL00188,C0267,Own Damage,Commercial,Tata,Ace Gold,2018,Tata Own Damage,292500.0,8630.0,Annual,2023-06-07,2024-06-06,2025-06-06,Active,50,True
POL00189,C0046,Comprehensive,Car,Maruti Suzuki,Brezza,2017,Maruti Suzuki Comprehensive,510000.0,16600.0,Half-Yearly,2023-08-07,2024-08-06,2025-08-06,Cancelled,0,False
POL00190,C0467,Third Party Only,Car,Kia,Sonet,2022,Kia Third Party Only,722500.0,3931,Annual,2024-11-05,2025-11-05,2025-11-05,Active,0,True
POL00191,C0305,Comprehensive,Car,Hyundai,Creta,2017,Hyundai Comprehensive,720000.0,19830.0,Annual,2024-08-05,2025-08-05,2026-08-05,Active,0,True
POL00192,C0149,Own Damage,Car,Hyundai,Creta,2022,Hyundai Own Damage,1020000.0,25290.0,Annual,2023-10-04,2024-10-03,2025-10-03,Expired,0,False
POL00193,C0358,Comprehensive,Two Wheeler,TVS,Apache RTR 160,2017,TVS Comprehensive,72000.0,2580.0,Annual,2025-04-03,2026-04-03,2026-04-03,Lapsed,0,False
POL00194,C0027,Third Party Only,Two Wheeler,TVS,Apache RTR 160,2023,TVS Third Party Only,108000.0,632,Half-Yearly,2025-04-02,2026-04-02,2026-04-02,Cancelled,0,False
POL00195,C0288,Comprehensive,Car,Mahindra,XUV700,2016,Mahindra Comprehensive,825000.0,25720.0,Monthly,2025-04-25,2026-04-25,2026-04-25,Active,50,False
POL00196,C0315,Comprehensive,Car,Hyundai,Creta,2023,Hyundai Comprehensive,1080000.0,47880.0,Annual,2023-05-23,2024-05-22,2025-05-22,Active,50,False
POL00197,C0013,Own Damage,Car,Hyundai,Creta,2016,Hyundai Own Damage,660000.0,20880.0,Quarterly,2023-08-16,2024-08-15,2025-08-15,Active,50,True
POL00198,C0457,Comprehensive,Car,Maruti Suzuki,Swift,2024,Maruti Suzuki Comprehensive,617500.0,20650.0,Annual,2024-09-07,2025-09-07,2026-09-07,Active,25,True
POL00199,C0354,Third Party Only,Car,Tata,Nexon,2019,Tata Third Party Only,595000.0,6589,Annual,2025-04-17,2026-04-17,2026-04-17,Active,50,True
POL00200,C0025,Comprehensive,Car,Mahindra,XUV700,2020,Mahindra Comprehensive,1125000.0,31810.0,Annual,2023-09-17,2024-09-16,2025-09-16,Lapsed,0,False
POL00201,C0043,Third Party Only,Commercial,Mahindra,Bolero Pickup,2019,Mahindra Third Party Only,595000.0,6205,Half-Yearly,2025-08-20,2026-08-20,2026-08-20,Active,50,True
POL00202,C0068,Own Damage,Car,Hyundai,i20,2022,Hyundai Own Damage,637500.0,16830.0,Quarterly,2025-07-03,2026-07-03,2026-07-03,Active,25,True
POL00203,C0201,Comprehensive,Two Wheeler,Suzuki,Access 125,2025,Suzuki Comprehensive,85000.0,2380.0,Half-Yearly,2024-12-22,2025-12-22,2025-12-22,Active,0,True
POL00204,C0062,Third Party Only,Car,Maruti Suzuki,Brezza,2018,Maruti Suzuki Third Party Only,552500.0,5175,Half-Yearly,2023-06-07,2024-06-06,2025-06-06,Cancelled,0,False
POL00205,C0312,Comprehensive,Two Wheeler,Hero,Glamour,2022,Hero Comprehensive,72200.0,2750.0,Annual,2025-04-29,2026-04-29,2026-04-29,Active,0,True
POL00206,C0375,Comprehensive,Car,Kia,Sonet,2019,Kia Comprehensive,595000.0,21690.0,Annual,2024-11-22,2025-11-22,2025-11-22,Active,0,False
POL00207,C0168,Comprehensive,Two Wheeler,Hero,Glamour,2022,Hero Comprehensive,72200.0,1990.0,Annual,2023-08-30,2024-08-29,2025-08-29,Cancelled,0,False
POL00208,C0053,Third Party Only,Car,Hyundai,i20,2022,Hyundai Third Party Only,637500.0,2261,Annual,2023-05-15,2024-05-14,2025-05-14,Lapsed,0,False
POL00209,C0300,Comprehensive,Car,Kia,Seltos,2017,Kia Comprehensive,690000.0,25320.0,Half-Yearly,2023-06-12,2024-06-11,2025-06-11,Active,50,False
POL00210,C0038,Third Party Only,Commercial,Tata,Ace Gold,2018,Tata Third Party Only,292500.0,5948,Annual,2024-05-29,2025-05-29,2026-05-29,Cancelled,0,False
POL00211,C0322,Comprehensive,Two Wheeler,Bajaj,Pulsar 150,2025,Bajaj Comprehensive,110000.0,3100.0,Annual,2023-07-20,2024-07-19,2025-07-19,Active,0,True
POL00212,C0351,Comprehensive,Car,Kia,Sonet,2018,Kia Comprehensive,552500.0,24260.0,Annual,2024-10-26,2025-10-26,2025-10-26,Active,35,False
POL00213,C0266,Comprehensive,Two Wheeler,Hero,Glamour,2018,Hero Comprehensive,55200.0,2150.0,Annual,2024-09-03,2025-09-03,2026-09-03,Active,35,True
POL00214,C0432,Comprehensive,Two Wheeler,Hero,Splendor Plus,2019,Hero Comprehensive,49000.0,1360.0,Quarterly,2025-01-21,2026-01-21,2026-01-21,Expired,0,False
POL00215,C0193,Comprehensive,Car,Hyundai,Creta,2025,Hyundai Comprehensive,1200000.0,33080.0,Half-Yearly,2025-06-14,2026-06-14,2026-06-14,Active,20,True
POL00216,C0353,Comprehensive,Commercial,Eicher,Pro 2049,2023,Eicher Comprehensive,1350000.0,40610.0,Annual,2023-09-18,2024-09-17,2025-09-17,Active,0,True
POL00217,C0072,Third Party Only,Car,Toyota,Innova Crysta,2019,Toyota Third Party Only,1400000.0,6717,Half-Yearly,2023-05-12,2024-05-11,2025-05-11,Lapsed,0,False
POL00218,C0306,Own Damage,Two Wheeler,Bajaj,Pulsar 150,2021,Bajaj Own Damage,88000.0,2330.0,Annual,2023-12-20,2024-12-19,2025-12-19,Active,20,True
POL00219,C0022,Comprehensive,Two Wheeler,Yamaha,FZ-S V3,2017,Yamaha Comprehensive,69000.0,1850.0,Quarterly,2023-06-25,2024-06-24,2025-06-24,Active,50,False
POL00220,C0486,Own Damage,Two Wheeler,Honda,Activa 6G,2022,Honda Own Damage,68000.0,1590.0,Monthly,2023-06-20,2024-06-19,2025-06-19,Cancelled,0,False
POL00221,C0057,Third Party Only,Two Wheeler,Royal Enfield,Classic 350,2025,Royal Enfield Third Party Only,200000.0,983,Annual,2024-09-06,2025-09-06,2026-09-06,Cancelled,0,False
POL00222,C0379,Comprehensive,Commercial,Ashok Leyland,Dost,2025,Ashok Leyland Comprehensive,750000.0,19470.0,Annual,2023-07-22,2024-07-21,2025-07-21,Active,20,False
POL00223,C0328,Comprehensive,Car,Kia,Sonet,2024,Kia Comprehensive,807500.0,33910.0,Annual,2025-04-21,2026-04-21,2026-04-21,Active,45,True
POL00224,C0007,Comprehensive,Two Wheeler,Bajaj,Pulsar 150,2018,Bajaj Comprehensive,71500.0,2840.0,Annual,2023-08-18,2024-08-17,2025-08-17,Lapsed,0,False
POL00225,C0044,Comprehensive,Car,Hyundai,Creta,2025,Hyundai Comprehensive,1200000.0,40990.0,Annual,2024-09-01,2025-09-01,2026-09-01,Cancelled,0,False
POL00226,C0231,Comprehensive,Car,Tata,Nexon,2022,Tata Comprehensive,722500.0,28440.0,Monthly,2025-01-07,2026-01-07,2026-01-07,Active,50,True
POL00227,C0124,Comprehensive,Car,Tata,Punch,2017,Tata Comprehensive,360000.0,9550.0,Annual,2025-05-26,2026-05-26,2026-05-26,Active,0,True
POL00228,C0026,Own Damage,Two Wheeler,Hero,Glamour,2016,Hero Own Damage,46800.0,1230.0,Annual,2023-08-12,2024-08-11,2025-08-11,Active,25,True
POL00229,C0311,Comprehensive,Commercial,Tata,Ace Gold,2022,Tata Comprehensive,382500.0,11020.0,Quarterly,2025-08-22,2026-08-22,2026-08-22,Active,45,True
POL00230,C0065,Third Party Only,Car,Mahindra,XUV700,2024,Mahindra Third Party Only,1425000.0,2446,Half-Yearly,2025-03-10,2026-03-10,2026-03-10,Cancelled,0,False
POL00231,C0244,Comprehensive,Commercial,Mahindra,Bolero Pickup,2018,Mahindra Comprehensive,552500.0,23090.0,Annual,2025-07-08,2026-07-08,2026-07-08,Active,25,True
POL00232,C0075,Third Party Only,Commercial,Ashok Leyland,Dost,2019,Ashok Leyland Third Party Only,525000.0,4931,Annual,2024-04-22,2025-04-22,2026-04-22,Active,0,True
POL00233,C0082,Own Damage,Car,Honda,City,2019,Honda Own Damage,840000.0,28510.0,Monthly,2024-03-20,2025-03-20,2026-03-20,Cancelled,0,False
POL00234,C0093,Third Party Only,Two Wheeler,Hero,Glamour,2025,Hero Third Party Only,85000.0,540,Annual,2023-12-08,2024-12-07,2025-12-07,Lapsed,0,False
POL00235,C0192,Comprehensive,Two Wheeler,Honda,Activa 6G,2016,Honda Comprehensive,44000.0,1740.0,Annual,2025-08-20,2026-08-20,2026-08-20,Active,25,True
POL00236,C0165,Comprehensive,Car,Hyundai,i20,2022,Hyundai Comprehensive,637500.0,22150.0,Annual,2023-10-27,2024-10-26,2025-10-26,Active,25,True
POL00237,C0135,Comprehensive,Two Wheeler,Yamaha,FZ-S V3,2018,Yamaha Comprehensive,74700.0,2270.0,Monthly,2023-10-27,2024-10-26,2025-10-26,Lapsed,0,False
POL00238,C0093,Comprehensive,Two Wheeler,Suzuki,Access 125,2022,Suzuki Comprehensive,72200.0,3080.0,Half-Yearly,2025-05-08,2026-05-08,2026-05-08,Active,0,True
POL00239,C0436,Comprehensive,Car,Tata,Punch,2016,Tata Comprehensive,330000.0,9560.0,Annual,2023-10-18,2024-10-17,2025-10-17,Expired,0,False
POL00240,C0106,Comprehensive,Two Wheeler,Hero,Glamour,2024,Hero Comprehensive,80800.0,3120.0,Annual,2023-07-22,2024-07-21,2025-07-21,Active,25,True
POL00241,C0034,Comprehensive,Commercial,Eicher,Pro 2049,2018,Eicher Comprehensive,975000.0,26480.0,Annual,2025-03-23,2026-03-23,2026-03-23,Active,0,False
POL00242,C0442,Own Damage,Two Wheeler,Suzuki,Access 125,2022,Suzuki Own Damage,72200.0,2240.0,Annual,2024-11-06,2025-11-06,2025-11-06,Active,0,False
POL00243,C0259,Comprehensive,Two Wheeler,Bajaj,Pulsar 150,2024,Bajaj Comprehensive,104500.0,3200.0,Annual,2024-12-03,2025-12-03,2025-12-03,Expired,0,False
POL00244,C0166,Comprehensive,Two Wheeler,Yamaha,FZ-S V3,2019,Yamaha Comprehensive,80500.0,3270.0,Annual,2023-08-13,2024-08-12,2025-08-12,Active,0,True
POL00245,C0285,Comprehensive,Commercial,Mahindra,Bolero Pickup,2019,Mahindra Comprehensive,595000.0,19650.0,Annual,2025-02-14,2026-02-14,2026-02-14,Cancelled,0,False
POL00246,C0346,Comprehensive,Car,Maruti Suzuki,Brezza,2019,Maruti Suzuki Comprehensive,595000.0,15480.0,Annual,2024-10-20,2025-10-20,2025-10-20,Active,0,True
POL00247,C0489,Comprehensive,Car,Maruti Suzuki,Swift,2024,Maruti Suzuki Comprehensive,617500.0,16080.0,Annual,2024-08-22,2025-08-22,2026-08-22,Active,20,False
POL00248,C0312,Comprehensive,Two Wheeler,Hero,Splendor Plus,2018,Hero Comprehensive,45500.0,1180.0,Half-Yearly,2025-01-24,2026-01-24,2026-01-24,Active,20,False
POL00249,C0373,Own Damage,Two Wheeler,Bajaj,Pulsar 150,2020,Bajaj Own Damage,82500.0,2100.0,Annual,2025-05-22,2026-05-22,2026-05-22,Active,45,True
POL00250,C0048,Third Party Only,Commercial,Ashok Leyland,Dost,2021,Ashok Leyland Third Party Only,600000.0,8920,Half-Yearly,2024-01-04,2025-01-03,2026-01-03,Lapsed,0,False
POL00251,C0304,Comprehensive,Car,Toyota,Innova Crysta,2020,Toyota Comprehensive,1500000.0,49020.0,Quarterly,2025-04-18,2026-04-18,2026-04-18,Active,35,True
POL00252,C0433,Comprehensive,Car,Toyota,Innova Crysta,2019,Toyota Comprehensive,1400000.0,47480.0,Annual,2024-02-17,2025-02-16,2026-02-16,Active,20,False
POL00253,C0337,Third Party Only,Commercial,Mahindra,Bolero Pickup,2024,Mahindra Third Party Only,807500.0,3717,Annual,2024-06-27,2025-06-27,2026-06-27,Active,20,False
POL00254,C0140,Third Party Only,Car,Kia,Sonet,2021,Kia Third Party Only,680000.0,5773,Half-Yearly,2025-05-01,2026-05-01,2026-05-01,Cancelled,0,False
POL00255,C0460,Own Damage,Two Wheeler,Yamaha,FZ-S V3,2024,Yamaha Own Damage,109200.0,3010.0,Annual,2023-12-25,2024-12-24,2025-12-24,Active,0,True
POL00256,C0029,Third Party Only,Commercial,Tata,Ace Gold,2019,Tata Third Party Only,315000.0,9512,Annual,2024-03-02,2025-03-02,2026-03-02,Cancelled,0,False
POL00257,C0361,Third Party Only,Commercial,Mahindra,Bolero Pickup,2023,Mahindra Third Party Only,765000.0,9293,Annual,2024-07-26,2025-07-26,2026-07-26,Active,20,True
POL00258,C0065,Third Party Only,Two Wheeler,TVS,Apache RTR 160,2025,TVS Third Party Only,120000.0,1007,Annual,2023-09-05,2024-09-04,2025-09-04,Cancelled,0,False
POL00259,C0105,Third Party Only,Two Wheeler,TVS,Apache RTR 160,2020,TVS Third Party Only,90000.0,1047,Annual,2025-01-12,2026-01-12,2026-01-12,Active,0,True
POL00260,C0052,Comprehensive,Car,Tata,Nexon,2018,Tata Comprehensive,552500.0,22550.0,Half-Yearly,2024-12-18,2025-12-18,2025-12-18,Expired,0,False
POL00261,C0169,Comprehensive,Two Wheeler,Honda,Activa 6G,2016,Honda Comprehensive,44000.0,1660.0,Monthly,2024-10-01,2025-10-01,2025-10-01,Active,45,False
POL00262,C0482,Third Party Only,Two Wheeler,Bajaj,Pulsar 150,2022,Bajaj Third Party Only,93500.0,783,Annual,2025-07-02,2026-07-02,2026-07-02,Active,0,False
POL00263,C0230,Comprehensive,Two Wheeler,Royal Enfield,Classic 350,2018,Royal Enfield Comprehensive,130000.0,3290.0,Half-Yearly,2023-06-25,2024-06-24,2025-06-24,Expired,0,False
POL00264,C0034,Own Damage,Car,Mahindra,XUV700,2022,Mahindra Own Damage,1275000.0,30420.0,Half-Yearly,2023-12-20,2024-12-19,2025-12-19,Lapsed,0,False
POL00265,C0023,Comprehensive,Car,Hyundai,Creta,2021,Hyundai Comprehensive,960000.0,35170.0,Quarterly,2023-07-21,2024-07-20,2025-07-20,Active,25,True
POL00266,C0427,Own Damage,Car,Tata,Punch,2018,Tata Own Damage,390000.0,8350.0,Annual,2025-02-21,2026-02-21,2026-02-21,Lapsed,0,False
POL00267,C0396,Comprehensive,Two Wheeler,Hero,Glamour,2018,Hero Comprehensive,55200.0,1400.0,Annual,2025-03-01,2026-03-01,2026-03-01,Lapsed,0,False
POL00268,C0038,Comprehensive,Car,Hyundai,Creta,2017,Hyundai Comprehensive,720000.0,24140.0,Annual,2023-11-08,2024-11-07,2025-11-07,Expired,0,False
POL00269,C0399,Comprehensive,Two Wheeler,Bajaj,Pulsar 150,2016,Bajaj Comprehensive,60500.0,1970.0,Annual,2023-05-06,2024-05-05,2025-05-05,Active,50,True
POL00270,C0357,Comprehensive,Two Wheeler,TVS,Apache RTR 160,2017,TVS Comprehensive,72000.0,3150.0,Annual,2023-06-10,2024-06-09,2025-06-09,Expired,0,False
POL00271,C0171,Third Party Only,Commercial,Tata,Ace Gold,2024,Tata Third Party Only,427500.0,8544,Quarterly,2025-06-03,2026-06-03,2026-06-03,Active,25,False
POL00272,C0158,Comprehensive,Commercial,Mahindra,Bolero Pickup,2020,Mahindra Comprehensive,637500.0,17910.0,Annual,2023-09-21,2024-09-20,2025-09-20,Active,35,True
POL00273,C0283,Comprehensive,Car,Maruti Suzuki,Baleno,2024,Maruti Suzuki Comprehensive,712500.0,25100.0,Quarterly,2025-04-06,2026-04-06,2026-04-06,Active,0,True
POL00274,C0411,Third Party Only,Car,Hyundai,i20,2021,Hyundai Third Party Only,600000.0,3950,Monthly,2023-09-29,2024-09-28,2025-09-28,Active,45,False
POL00275,C0042,Comprehensive,Two Wheeler,Bajaj,Pulsar 150,2017,Bajaj Comprehensive,66000.0,2910.0,Annual,2025-06-12,2026-06-12,2026-06-12,Lapsed,0,False
POL00276,C0468,Comprehensive,Two Wheeler,Honda,Activa 6G,2016,Honda Comprehensive,44000.0,1260.0,Annual,2023-12-24,2024-12-23,2025-12-23,Active,25,True
POL00277,C0233,Third Party Only,Car,Tata,Nexon,2025,Tata Third Party Only,850000.0,4953,Quarterly,2024-11-25,2025-11-25,2025-11-25,Cancelled,0,False
POL00278,C0069,Third Party Only,Car,Tata,Nexon,2017,Tata Third Party Only,510000.0,3317,Half-Yearly,2025-04-01,2026-04-01,2026-04-01,Active,25,True
POL00279,C0176,Comprehensive,Car,Kia,Seltos,2017,Kia Comprehensive,690000.0,23150.0,Half-Yearly,2025-04-03,2026-04-03,2026-04-03,Active,0,True
POL00280,C0121,Comprehensive,Car,Tata,Punch,2023,Tata Comprehensive,540000.0,20990.0,Annual,2023-06-09,2024-06-08,2025-06-08,Active,0,False
POL00281,C0003,Comprehensive,Car,Hyundai,Creta,2022,Hyundai Comprehensive,1020000.0,35640.0,Annual,2024-03-02,2025-03-02,2026-03-02,Lapsed,0,False
POL00282,C0120,Third Party Only,Two Wheeler,Honda,Activa 6G,2025,Honda Third Party Only,80000.0,1021,Annual,2023-09-19,2024-09-18,2025-09-18,Lapsed,0,False
POL00283,C0415,Comprehensive,Two Wheeler,Honda,Activa 6G,2019,Honda Comprehensive,56000.0,1630.0,Quarterly,2024-08-23,2025-08-23,2026-08-23,Active,0,False
POL00284,C0143,Third Party Only,Two Wheeler,Suzuki,Access 125,2021,Suzuki Third Party Only,68000.0,624,Annual,2025-04-04,2026-04-04,2026-04-04,Lapsed,0,False
POL00285,C0406,Comprehensive,Car,Honda,City,2019,Honda Comprehensive,840000.0,24770.0,Half-Yearly,2025-05-01,2026-05-01,2026-05-01,Expired,0,False
POL00286,C0263,Third Party Only,Car,Honda,City,2016,Honda Third Party Only,660000.0,5579,Annual,2023-09-11,2024-09-10,2025-09-10,Active,35,True
POL00287,C0070,Comprehensive,Car,Hyundai,i20,2016,Hyundai Comprehensive,412500.0,11480.0,Annual,2025-08-17,2026-08-17,2026-08-17,Lapsed,0,False
POL00288,C0052,Comprehensive,Car,Hyundai,i20,2018,Hyundai Comprehensive,487500.0,13550.0,Annual,2024-10-27,2025-10-27,2025-10-27,Lapsed,0,False
POL00289,C0030,Comprehensive,Car,Kia,Seltos,2016,Kia Comprehensive,632500.0,17780.0,Quarterly,2025-07-28,2026-07-28,2026-07-28,Lapsed,0,False
POL00290,C0477,Comprehensive,Two Wheeler,Bajaj,Pulsar 150,2016,Bajaj Comprehensive,60500.0,2030.0,Monthly,2024-05-21,2025-05-21,2026-05-21,Active,50,True
POL00291,C0416,Comprehensive,Car,Tata,Nexon,2019,Tata Comprehensive,595000.0,16740.0,Monthly,2024-03-13,2025-03-13,2026-03-13,Active,0,False
POL00292,C0355,Comprehensive,Car,Maruti Suzuki,Swift,2019,Maruti Suzuki Comprehensive,455000.0,18860.0,Monthly,2023-12-19,2024-12-18,2025-12-18,Lapsed,0,False
POL00293,C0090,Comprehensive,Car,Kia,Seltos,2023,Kia Comprehensive,1035000.0,39160.0,Quarterly,2025-03-14,2026-03-14,2026-03-14,Active,20,True
POL00294,C0181,Comprehensive,Two Wheeler,Honda,Activa 6G,2017,Honda Comprehensive,48000.0,1780.0,Quarterly,2025-08-01,2026-08-01,2026-08-01,Active,0,True
POL00295,C0240,Comprehensive,Two Wheeler,Hero,Splendor Plus,2020,Hero Comprehensive,52500.0,1520.0,Monthly,2024-12-26,2025-12-26,2025-12-26,Active,35,True
POL00296,C0486,Comprehensive,Car,Kia,Seltos,2016,Kia Comprehensive,632500.0,16990.0,Annual,2024-08-29,2025-08-29,2026-08-29,Active,25,True
POL00297,C0218,Own Damage,Car,Honda,City,2021,Honda Own Damage,960000.0,29320.0,Annual,2024-07-08,2025-07-08,2026-07-08,Cancelled,0,False
POL00298,C0082,Comprehensive,Car,Kia,Sonet,2018,Kia Comprehensive,552500.0,22610.0,Annual,2025-07-22,2026-07-22,2026-07-22,Active,0,True
POL00299,C0199,Third Party Only,Two Wheeler,Honda,Activa 6G,2019,Honda Third Party Only,56000.0,1179,Half-Yearly,2023-07-04,2024-07-03,2025-07-03,Active,35,True
POL00300,C0343,Own Damage,Car,Toyota,Innova Crysta,2024,Toyota Own Damage,1900000.0,47730.0,Half-Yearly,2024-09-16,2025-09-16,2026-09-16,Active,35,False
POL00301,C0300,Comprehensive,Car,Mahindra,XUV700,2022,Mahindra Comprehensive,1275000.0,57300.0,Half-Yearly,2025-03-26,2026-03-26,2026-03-26,Active,25,True
POL00302,C0467,Third Party Only,Two Wheeler,Royal Enfield,Classic 350,2024,Royal Enfield Third Party Only,190000.0,571,Annual,2024-05-21,2025-05-21,2026-05-21,Active,20,True
POL00303,C0119,Comprehensive,Two Wheeler,Suzuki,Access 125,2021,Suzuki Comprehensive,68000.0,1940.0,Half-Yearly,2024-12-08,2025-12-08,2025-12-08,Expired,0,False
POL00304,C0095,Own Damage,Commercial,Eicher,Pro 2049,2018,Eicher Own Damage,975000.0,33710.0,Annual,2024-08-22,2025-08-22,2026-08-22,Cancelled,0,False
POL00305,C0146,Comprehensive,Car,Maruti Suzuki,Brezza,2018,Maruti Suzuki Comprehensive,552500.0,19480.0,Half-Yearly,2024-10-12,2025-10-12,2025-10-12,Active,45,True
POL00306,C0438,Comprehensive,Car,Toyota,Innova Crysta,2016,Toyota Comprehensive,1100000.0,41670.0,Half-Yearly,2024-12-22,2025-12-22,2025-12-22,Active,35,True
POL00307,C0419,Comprehensive,Commercial,Ashok Leyland,Dost,2022,Ashok Leyland Comprehensive,637500.0,21030.0,Annual,2024-07-28,2025-07-28,2026-07-28,Lapsed,0,False
POL00308,C0439,Comprehensive,Car,Tata,Punch,2023,Tata Comprehensive,540000.0,19280.0,Quarterly,2025-05-10,2026-05-10,2026-05-10,Active,45,True
POL00309,C0111,Comprehensive,Commercial,Eicher,Pro 2049,2022,Eicher Comprehensive,1275000.0,40260.0,Annual,2023-12-20,2024-12-19,2025-12-19,Active,45,False
POL00310,C0245,Comprehensive,Two Wheeler,Hero,Glamour,2016,Hero Comprehensive,46800.0,2060.0,Annual,2025-01-23,2026-01-23,2026-01-23,Active,0,False
POL00311,C0045,Third Party Only,Car,Maruti Suzuki,Swift,2021,Maruti Suzuki Third Party Only,520000.0,5978,Annual,2025-01-25,2026-01-25,2026-01-25,Cancelled,0,False
POL00312,C0136,Comprehensive,Commercial,Eicher,Pro 2049,2020,Eicher Comprehensive,1125000.0,32090.0,Annual,2024-11-22,2025-11-22,2025-11-22,Active,20,False
POL00313,C0049,Comprehensive,Car,Honda,City,2024,Honda Comprehensive,1140000.0,48860.0,Annual,2025-07-05,2026-07-05,2026-07-05,Active,25,True
POL00314,C0142,Comprehensive,Car,Hyundai,i20,2019,Hyundai Comprehensive,525000.0,17530.0,Annual,2023-09-24,2024-09-23,2025-09-23,Active,45,True
POL00315,C0208,Comprehensive,Commercial,Eicher,Pro 2049,2016,Eicher Comprehensive,825000.0,35370.0,Annual,2023-08-20,2024-08-19,2025-08-19,Active,35,True
POL00316,C0381,Comprehensive,Car,Mahindra,XUV700,2021,Mahindra Comprehensive,1200000.0,51520.0,Monthly,2024-04-05,2025-04-05,2026-04-05,Lapsed,0,False
POL00317,C0367,Comprehensive,Two Wheeler,Yamaha,FZ-S V3,2020,Yamaha Comprehensive,86200.0,2160.0,Annual,2023-04-30,2024-04-29,2025-04-29,Lapsed,0,False
POL00318,C0008,Comprehensive,Car,Toyota,Innova Crysta,2025,Toyota Comprehensive,2000000.0,58740.0,Monthly,2024-06-25,2025-06-25,2026-06-25,Cancelled,0,False
POL00319,C0194,Comprehensive,Car,Maruti Suzuki,Brezza,2022,Maruti Suzuki Comprehensive,722500.0,21090.0,Annual,2023-10-04,2024-10-03,2025-10-03,Active,0,True
POL00320,C0086,Comprehensive,Car,Tata,Nexon,2020,Tata Comprehensive,637500.0,27000.0,Half-Yearly,2023-11-04,2024-11-03,2025-11-03,Expired,0,False
POL00321,C0148,Third Party Only,Car,Tata,Punch,2021,Tata Third Party Only,480000.0,5588,Annual,2023-07-08,2024-07-07,2025-07-07,Active,0,True
POL00322,C0167,Comprehensive,Car,Kia,Sonet,2025,Kia Comprehensive,850000.0,28660.0,Annual,2023-10-24,2024-10-23,2025-10-23,Active,25,True
POL00323,C0455,Third Party Only,Car,Maruti Suzuki,Baleno,2017,Maruti Suzuki Third Party Only,450000.0,2950,Annual,2025-08-13,2026-08-13,2026-08-13,Active,25,True
POL00324,C0101,Comprehensive,Car,Maruti Suzuki,Brezza,2024,Maruti Suzuki Comprehensive,807500.0,27360.0,Annual,2025-07-27,2026-07-27,2026-07-27,Active,50,True
POL00325,C0205,Comprehensive,Two Wheeler,Hero,Glamour,2024,Hero Comprehensive,80800.0,2340.0,Annual,2025-04-24,2026-04-24,2026-04-24,Active,50,False
POL00326,C0033,Comprehensive,Car,Toyota,Innova Crysta,2022,Toyota Comprehensive,1700000.0,55240.0,Annual,2024-11-12,2025-11-12,2025-11-12,Active,45,True
POL00327,C0056,Comprehensive,Car,Honda,City,2019,Honda Comprehensive,840000.0,36270.0,Annual,2025-08-03,2026-08-03,2026-08-03,Active,20,False
POL00328,C0316,Comprehensive,Car,Mahindra,XUV700,2025,Mahindra Comprehensive,1500000.0,42610.0,Annual,2024-06-15,2025-06-15,2026-06-15,Active,25,True
POL00329,C0353,Comprehensive,Car,Maruti Suzuki,Swift,2025,Maruti Suzuki Comprehensive,650000.0,28460.0,Annual,2023-08-15,2024-08-14,2025-08-14,Active,20,True
POL00330,C0063,Comprehensive,Car,Maruti Suzuki,Baleno,2018,Maruti Suzuki Comprehensive,487500.0,18340.0,Half-Yearly,2023-04-19,2024-04-18,2025-04-18,Cancelled,0,False
POL00331,C0032,Comprehensive,Commercial,Mahindra,Bolero Pickup,2021,Mahindra Comprehensive,680000.0,18270.0,Annual,2023-11-25,2024-11-24,2025-11-24,Cancelled,0,False
POL00332,C0200,Comprehensive,Two Wheeler,Honda,Activa 6G,2025,Honda Comprehensive,80000.0,3190.0,Annual,2024-05-22,2025-05-22,2026-05-22,Active,50,True
POL00333,C0020,Comprehensive,Two Wheeler,TVS,Apache RTR 160,2020,TVS Comprehensive,90000.0,3760.0,Half-Yearly,2023-05-26,2024-05-25,2025-05-25,Cancelled,0,False
POL00334,C0043,Comprehensive,Car,Toyota,Innova Crysta,2016,Toyota Comprehensive,1100000.0,48070.0,Half-Yearly,2023-11-15,2024-11-14,2025-11-14,Expired,0,False
POL00335,C0321,Own Damage,Commercial,Tata,Ace Gold,2023,Tata Own Damage,405000.0,8850.0,Annual,2024-12-04,2025-12-04,2025-12-04,Cancelled,0,False
POL00336,C0028,Own Damage,Two Wheeler,Hero,Glamour,2021,Hero Own Damage,68000.0,1570.0,Annual,2023-06-07,2024-06-06,2025-06-06,Active,0,True
POL00337,C0484,Comprehensive,Car,Hyundai,Creta,2022,Hyundai Comprehensive,1020000.0,31900.0,Quarterly,2023-05-25,2024-05-24,2025-05-24,Active,20,True
POL00338,C0215,Own Damage,Two Wheeler,Hero,Splendor Plus,2017,Hero Own Damage,42000.0,1470.0,Annual,2023-12-10,2024-12-09,2025-12-09,Active,0,True
POL00339,C0203,Comprehensive,Car,Maruti Suzuki,Baleno,2019,Maruti Suzuki Comprehensive,525000.0,18750.0,Annual,2023-07-12,2024-07-11,2025-07-11,Active,50,True
POL00340,C0483,Comprehensive,Commercial,Tata,Ace Gold,2021,Tata Comprehensive,360000.0,9600.0,Half-Yearly,2025-04-22,2026-04-22,2026-04-22,Active,25,True
POL00341,C0413,Third Party Only,Two Wheeler,Royal Enfield,Classic 350,2023,Royal Enfield Third Party Only,180000.0,989,Annual,2024-07-16,2025-07-16,2026-07-16,Cancelled,0,False
POL00342,C0183,Own Damage,Two Wheeler,TVS,Apache RTR 160,2020,TVS Own Damage,90000.0,1940.0,Half-Yearly,2024-01-06,2025-01-05,2026-01-05,Active,50,True
POL00343,C0206,Comprehensive,Car,Honda,City,2023,Honda Comprehensive,1080000.0,43140.0,Quarterly,2023-12-01,2024-11-30,2025-11-30,Active,25,True
POL00344,C0034,Comprehensive,Car,Tata,Punch,2017,Tata Comprehensive,360000.0,15400.0,Monthly,2024-12-13,2025-12-13,2025-12-13,Lapsed,0,False
POL00345,C0090,Comprehensive,Two Wheeler,Suzuki,Access 125,2022,Suzuki Comprehensive,72200.0,2060.0,Annual,2023-06-12,2024-06-11,2025-06-11,Active,0,True
POL00346,C0083,Third Party Only,Car,Tata,Punch,2018,Tata Third Party Only,390000.0,3101,Annual,2023-09-25,2024-09-24,2025-09-24,Active,20,True
POL00347,C0157,Comprehensive,Car,Tata,Punch,2019,Tata Comprehensive,420000.0,13740.0,Half-Yearly,2024-03-08,2025-03-08,2026-03-08,Active,35,True
POL00348,C0035,Comprehensive,Car,Toyota,Innova Crysta,2017,Toyota Comprehensive,1200000.0,45510.0,Half-Yearly,2024-06-10,2025-06-10,2026-06-10,Active,20,True
POL00349,C0089,Comprehensive,Two Wheeler,Hero,Glamour,2023,Hero Comprehensive,76500.0,2330.0,Annual,2024-05-23,2025-05-23,2026-05-23,Active,20,True
POL00350,C0398,Comprehensive,Two Wheeler,Hero,Splendor Plus,2020,Hero Comprehensive,52500.0,2130.0,Annual,2025-08-25,2026-08-25,2026-08-25,Cancelled,0,False
POL00351,C0401,Third Party Only,Two Wheeler,Yamaha,FZ-S V3,2016,Yamaha Third Party Only,63300.0,1022,Annual,2023-11-08,2024-11-07,2025-11-07,Active,25,True
POL00352,C0299,Comprehensive,Car,Mahindra,XUV700,2020,Mahindra Comprehensive,1125000.0,45080.0,Annual,2024-02-07,2025-02-06,2026-02-06,Active,25,True
POL00353,C0221,Comprehensive,Car,Mahindra,XUV700,2023,Mahindra Comprehensive,1350000.0,51060.0,Quarterly,2023-04-19,2024-04-18,2025-04-18,Active,35,True
POL00354,C0328,Comprehensive,Two Wheeler,Hero,Splendor Plus,2018,Hero Comprehensive,45500.0,1430.0,Half-Yearly,2024-06-09,2025-06-09,2026-06-09,Active,0,True
POL00355,C0320,Own Damage,Commercial,Ashok Leyland,Dost,2024,Ashok Leyland Own Damage,712500.0,24230.0,Quarterly,2024-12-07,2025-12-07,2025-12-07,Cancelled,0,False
POL00356,C0454,Comprehensive,Two Wheeler,Hero,Splendor Plus,2020,Hero Comprehensive,52500.0,1660.0,Half-Yearly,2023-05-21,2024-05-20,2025-05-20,Active,45,True
POL00357,C0191,Comprehensive,Two Wheeler,Hero,Glamour,2017,Hero Comprehensive,51000.0,2150.0,Half-Yearly,2023-04-12,2024-04-11,2025-04-11,Expired,0,False
POL00358,C0043,Comprehensive,Car,Kia,Seltos,2017,Kia Comprehensive,690000.0,20570.0,Annual,2024-04-15,2025-04-15,2026-04-15,Expired,0,False
POL00359,C0062,Comprehensive,Car,Mahindra,XUV700,2023,Mahindra Comprehensive,1350000.0,40870.0,Annual,2025-06-06,2026-06-06,2026-06-06,Active,50,False
POL00360,C0040,Third Party Only,Car,Mahindra,XUV700,2019,Mahindra Third Party Only,1050000.0,2715,Monthly,2025-06-29,2026-06-29,2026-06-29,Active,45,True
POL00361,C0202,Comprehensive,Car,Hyundai,Creta,2023,Hyundai Comprehensive,1080000.0,31510.0,Annual,2024-03-07,2025-03-07,2026-03-07,Active,20,False
POL00362,C0216,Third Party Only,Car,Kia,Seltos,2018,Kia Third Party Only,747500.0,2965,Quarterly,2025-01-17,2026-01-17,2026-01-17,Cancelled,0,False
POL00363,C0308,Comprehensive,Car,Kia,Seltos,2025,Kia Comprehensive,1150000.0,46690.0,Annual,2024-11-18,2025-11-18,2025-11-18,Active,45,True
POL00364,C0214,Comprehensive,Commercial,Tata,Ace Gold,2018,Tata Comprehensive,292500.0,7940.0,Annual,2025-08-13,2026-08-13,2026-08-13,Cancelled,0,False
POL00365,C0200,Third Party Only,Two Wheeler,Hero,Splendor Plus,2023,Hero Third Party Only,63000.0,945,Annual,2025-04-30,2026-04-30,2026-04-30,Cancelled,0,False
POL00366,C0008,Comprehensive,Two Wheeler,Yamaha,FZ-S V3,2019,Yamaha Comprehensive,80500.0,2820.0,Annual,2025-07-06,2026-07-06,2026-07-06,Lapsed,0,False
POL00367,C0125,Third Party Only,Car,Maruti Suzuki,Swift,2022,Maruti Suzuki Third Party Only,552500.0,5561,Annual,2025-02-17,2026-02-17,2026-02-17,Active,35,True
POL00368,C0378,Comprehensive,Car,Kia,Sonet,2022,Kia Comprehensive,722500.0,18780.0,Annual,2025-05-08,2026-05-08,2026-05-08,Active,0,False
POL00369,C0236,Comprehensive,Car,Hyundai,Creta,2017,Hyundai Comprehensive,720000.0,21970.0,Quarterly,2023-09-13,2024-09-12,2025-09-12,Active,25,True
POL00370,C0415,Comprehensive,Two Wheeler,Royal Enfield,Classic 350,2023,Royal Enfield Comprehensive,180000.0,7330.0,Annual,2024-11-08,2025-11-08,2025-11-08,Active,20,False
POL00371,C0374,Third Party Only,Two Wheeler,Hero,Glamour,2020,Hero Third Party Only,63800.0,1186,Annual,2024-10-11,2025-10-11,2025-10-11,Active,0,True
POL00372,C0285,Third Party Only,Commercial,Mahindra,Bolero Pickup,2016,Mahindra Third Party Only,467500.0,10011,Annual,2025-03-01,2026-03-01,2026-03-01,Expired,0,False
POL00373,C0278,Comprehensive,Commercial,Mahindra,Bolero Pickup,2016,Mahindra Comprehensive,467500.0,20750.0,Annual,2024-04-16,2025-04-16,2026-04-16,Lapsed,0,False
POL00374,C0210,Comprehensive,Car,Maruti Suzuki,Swift,2016,Maruti Suzuki Comprehensive,357500.0,16020.0,Quarterly,2024-03-10,2025-03-10,2026-03-10,Active,50,True
POL00375,C0340,Comprehensive,Two Wheeler,Royal Enfield,Classic 350,2021,Royal Enfield Comprehensive,160000.0,6350.0,Monthly,2024-12-09,2025-12-09,2025-12-09,Active,20,True
POL00376,C0393,Third Party Only,Two Wheeler,Suzuki,Access 125,2020,Suzuki Third Party Only,63800.0,1012,Half-Yearly,2023-04-19,2024-04-18,2025-04-18,Active,0,True
POL00377,C0289,Comprehensive,Car,Toyota,Innova Crysta,2016,Toyota Comprehensive,1100000.0,36530.0,Annual,2025-04-06,2026-04-06,2026-04-06,Active,0,True
POL00378,C0197,Comprehensive,Car,Honda,City,2021,Honda Comprehensive,960000.0,25710.0,Monthly,2024-08-08,2025-08-08,2026-08-08,Active,20,False
POL00379,C0292,Comprehensive,Car,Kia,Seltos,2024,Kia Comprehensive,1092500.0,47200.0,Annual,2024-09-24,2025-09-24,2026-09-24,Active,25,False
POL00380,C0397,Comprehensive,Two Wheeler,TVS,Apache RTR 160,2016,TVS Comprehensive,66000.0,2580.0,Quarterly,2025-04-26,2026-04-26,2026-04-26,Active,25,True
POL00381,C0463,Comprehensive,Car,Tata,Punch,2020,Tata Comprehensive,450000.0,11330.0,Monthly,2025-04-01,2026-04-01,2026-04-01,Active,0,True
POL00382,C0462,Comprehensive,Two Wheeler,Bajaj,Pulsar 150,2020,Bajaj Comprehensive,82500.0,2170.0,Annual,2024-05-22,2025-05-22,2026-05-22,Active,20,False
POL00383,C0354,Comprehensive,Two Wheeler,Hero,Glamour,2020,Hero Comprehensive,63800.0,2040.0,Quarterly,2025-07-09,2026-07-09,2026-07-09,Active,20,False
POL00384,C0485,Comprehensive,Car,Kia,Sonet,2024,Kia Comprehensive,807500.0,21580.0,Annual,2023-08-10,2024-08-09,2025-08-09,Active,35,False
POL00385,C0082,Own Damage,Two Wheeler,Hero,Splendor Plus,2023,Hero Own Damage,63000.0,1500.0,Half-Yearly,2024-07-30,2025-07-30,2026-07-30,Lapsed,0,False
POL00386,C0028,Own Damage,Commercial,Tata,Ace Gold,2020,Tata Own Damage,337500.0,9770.0,Annual,2024-06-09,2025-06-09,2026-06-09,Cancelled,0,False
POL00387,C0069,Third Party Only,Car,Maruti Suzuki,Brezza,2018,Maruti Suzuki Third Party Only,552500.0,3734,Annual,2024-06-29,2025-06-29,2026-06-29,Lapsed,0,False
POL00388,C0174,Comprehensive,Car,Maruti Suzuki,Baleno,2020,Maruti Suzuki Comprehensive,562500.0,21130.0,Annual,2024-08-10,2025-08-10,2026-08-10,Active,50,True
POL00389,C0422,Comprehensive,Two Wheeler,Hero,Glamour,2021,Hero Comprehensive,68000.0,2630.0,Annual,2024-09-01,2025-09-01,2026-09-01,Active,25,False
POL00390,C0395,Own Damage,Car,Kia,Sonet,2016,Kia Own Damage,467500.0,12300.0,Half-Yearly,2023-12-09,2024-12-08,2025-12-08,Cancelled,0,False
POL00391,C0005,Comprehensive,Car,Maruti Suzuki,Brezza,2024,Maruti Suzuki Comprehensive,807500.0,30210.0,Quarterly,2024-11-02,2025-11-02,2025-11-02,Active,50,True
POL00392,C0237,Third Party Only,Car,Maruti Suzuki,Swift,2023,Maruti Suzuki Third Party Only,585000.0,6343,Annual,2025-07-05,2026-07-05,2026-07-05,Active,20,False
POL00393,C0455,Comprehensive,Car,Tata,Punch,2025,Tata Comprehensive,600000.0,18490.0,Annual,2024-09-24,2025-09-24,2026-09-24,Lapsed,0,False
POL00394,C0145,Comprehensive,Two Wheeler,Hero,Splendor Plus,2019,Hero Comprehensive,49000.0,1780.0,Monthly,2025-04-12,2026-04-12,2026-04-12,Active,45,True
POL00395,C0033,Third Party Only,Two Wheeler,Royal Enfield,Classic 350,2016,Royal Enfield Third Party Only,110000.0,1120,Half-Yearly,2025-05-04,2026-05-04,2026-05-04,Active,0,True
POL00396,C0426,Comprehensive,Two Wheeler,Honda,Activa 6G,2019,Honda Comprehensive,56000.0,1930.0,Quarterly,2024-06-01,2025-06-01,2026-06-01,Active,0,True
POL00397,C0180,Third Party Only,Car,Hyundai,i20,2019,Hyundai Third Party Only,525000.0,6578,Annual,2023-12-11,2024-12-10,2025-12-10,Active,50,True
POL00398,C0410,Comprehensive,Two Wheeler,Bajaj,Pulsar 150,2016,Bajaj Comprehensive,60500.0,2500.0,Half-Yearly,2025-03-08,2026-03-08,2026-03-08,Active,45,True
POL00399,C0273,Third Party Only,Car,Tata,Nexon,2020,Tata Third Party Only,637500.0,6923,Annual,2023-10-16,2024-10-15,2025-10-15,Active,25,True
POL00400,C0041,Comprehensive,Two Wheeler,Yamaha,FZ-S V3,2022,Yamaha Comprehensive,97800.0,3000.0,Annual,2024-07-27,2025-07-27,2026-07-27,Active,20,True
POL00401,C0059,Comprehensive,Car,Toyota,Innova Crysta,2025,Toyota Comprehensive,2000000.0,86320.0,Annual,2025-04-09,2026-04-09,2026-04-09,Lapsed,0,False
POL00402,C0301,Own Damage,Car,Tata,Nexon,2016,Tata Own Damage,467500.0,11860.0,Quarterly,2024-04-01,2025-04-01,2026-04-01,Active,45,True
POL00403,C0303,Comprehensive,Car,Hyundai,i20,2018,Hyundai Comprehensive,487500.0,19200.0,Annual,2023-08-28,2024-08-27,2025-08-27,Lapsed,0,False
POL00404,C0184,Comprehensive,Two Wheeler,Royal Enfield,Classic 350,2022,Royal Enfield Comprehensive,170000.0,7100.0,Annual,2024-05-03,2025-05-03,2026-05-03,Active,0,True
POL00405,C0297,Third Party Only,Commercial,Ashok Leyland,Dost,2018,Ashok Leyland Third Party Only,487500.0,8703,Annual,2023-05-03,2024-05-02,2025-05-02,Active,0,True
POL00406,C0128,Third Party Only,Car,Hyundai,Creta,2017,Hyundai Third Party Only,720000.0,6191,Monthly,2024-04-29,2025-04-29,2026-04-29,Active,0,False
POL00407,C0024,Comprehensive,Car,Mahindra,XUV700,2019,Mahindra Comprehensive,1050000.0,44750.0,Half-Yearly,2024-08-01,2025-08-01,2026-08-01,Cancelled,0,False
POL00408,C0024,Comprehensive,Car,Maruti Suzuki,Baleno,2016,Maruti Suzuki Comprehensive,412500.0,11260.0,Quarterly,2025-06-16,2026-06-16,2026-06-16,Lapsed,0,False
POL00409,C0211,Own Damage,Car,Toyota,Innova Crysta,2016,Toyota Own Damage,1100000.0,27300.0,Half-Yearly,2024-08-08,2025-08-08,2026-08-08,Active,45,True
POL00410,C0248,Comprehensive,Two Wheeler,Royal Enfield,Classic 350,2023,Royal Enfield Comprehensive,180000.0,5530.0,Annual,2025-03-17,2026-03-17,2026-03-17,Active,35,False
POL00411,C0046,Comprehensive,Two Wheeler,Hero,Splendor Plus,2017,Hero Comprehensive,42000.0,1730.0,Quarterly,2024-08-26,2025-08-26,2026-08-26,Cancelled,0,False
POL00412,C0311,Comprehensive,Car,Maruti Suzuki,Baleno,2021,Maruti Suzuki Comprehensive,600000.0,23760.0,Quarterly,2023-11-11,2024-11-10,2025-11-10,Active,0,False
POL00413,C0042,Comprehensive,Car,Kia,Seltos,2024,Kia Comprehensive,1092500.0,40830.0,Annual,2025-04-10,2026-04-10,2026-04-10,Cancelled,0,False
POL00414,C0167,Third Party Only,Car,Toyota,Innova Crysta,2022,Toyota Third Party Only,1700000.0,6762,Annual,2023-06-20,2024-06-19,2025-06-19,Active,0,True
POL00415,C0295,Comprehensive,Two Wheeler,Suzuki,Access 125,2016,Suzuki Comprehensive,46800.0,2050.0,Monthly,2024-12-15,2025-12-15,2025-12-15,Active,20,True
POL00416,C0125,Comprehensive,Commercial,Ashok Leyland,Dost,2017,Ashok Leyland Comprehensive,450000.0,13420.0,Annual,2023-12-13,2024-12-12,2025-12-12,Active,25,True
POL00417,C0251,Comprehensive,Car,Maruti Suzuki,Baleno,2025,Maruti Suzuki Comprehensive,750000.0,32510.0,Annual,2025-07-30,2026-07-30,2026-07-30,Active,25,True
POL00418,C0171,Comprehensive,Car,Maruti Suzuki,Swift,2018,Maruti Suzuki Comprehensive,422500.0,17460.0,Annual,2023-07-16,2024-07-15,2025-07-15,Active,0,True
POL00419,C0324,Own Damage,Two Wheeler,Hero,Splendor Plus,2021,Hero Own Damage,56000.0,1920.0,Annual,2023-12-11,2024-12-10,2025-12-10,Cancelled,0,False
POL00420,C0015,Comprehensive,Commercial,Eicher,Pro 2049,2018,Eicher Comprehensive,975000.0,25190.0,Annual,2024-03-28,2025-03-28,2026-03-28,Active,20,True
POL00421,C0130,Own Damage,Car,Hyundai,Creta,2016,Hyundai Own Damage,660000.0,13460.0,Half-Yearly,2025-02-10,2026-02-10,2026-02-10,Active,50,True
POL00422,C0490,Comprehensive,Car,Maruti Suzuki,Swift,2024,Maruti Suzuki Comprehensive,617500.0,20220.0,Annual,2025-04-23,2026-04-23,2026-04-23,Active,25,True
POL00423,C0291,Own Damage,Two Wheeler,Honda,Activa 6G,2025,Honda Own Damage,80000.0,2040.0,Annual,2024-06-08,2025-06-08,2026-06-08,Cancelled,0,False
POL00424,C0054,Comprehensive,Two Wheeler,Honda,Activa 6G,2025,Honda Comprehensive,80000.0,2660.0,Half-Yearly,2023-05-25,2024-05-24,2025-05-24,Cancelled,0,False
POL00425,C0469,Third Party Only,Car,Maruti Suzuki,Swift,2019,Maruti Suzuki Third Party Only,455000.0,2727,Annual,2024-06-06,2025-06-06,2026-06-06,Active,0,True
POL00426,C0452,Comprehensive,Car,Hyundai,Creta,2020,Hyundai Comprehensive,900000.0,29660.0,Half-Yearly,2023-10-27,2024-10-26,2025-10-26,Active,20,False
POL00427,C0128,Comprehensive,Two Wheeler,Suzuki,Access 125,2019,Suzuki Comprehensive,59500.0,1850.0,Annual,2024-02-12,2025-02-11,2026-02-11,Active,45,True
POL00428,C0079,Comprehensive,Commercial,Ashok Leyland,Dost,2024,Ashok Leyland Comprehensive,712500.0,18580.0,Quarterly,2023-09-07,2024-09-06,2025-09-06,Expired,0,False
POL00429,C0460,Own Damage,Car,Maruti Suzuki,Baleno,2019,Maruti Suzuki Own Damage,525000.0,17130.0,Annual,2024-10-21,2025-10-21,2025-10-21,Active,0,True
POL00430,C0296,Own Damage,Car,Hyundai,i20,2016,Hyundai Own Damage,412500.0,12570.0,Half-Yearly,2024-05-22,2025-05-22,2026-05-22,Expired,0,False
POL00431,C0070,Comprehensive,Two Wheeler,Hero,Splendor Plus,2020,Hero Comprehensive,52500.0,1720.0,Quarterly,2025-06-04,2026-06-04,2026-06-04,Active,50,True
POL00432,C0143,Comprehensive,Car,Honda,City,2022,Honda Comprehensive,1020000.0,30080.0,Annual,2023-10-24,2024-10-23,2025-10-23,Active,0,True
POL00433,C0021,Own Damage,Two Wheeler,Suzuki,Access 125,2016,Suzuki Own Damage,46800.0,1470.0,Annual,2023-05-04,2024-05-03,2025-05-03,Expired,0,False
POL00434,C0267,Third Party Only,Car,Maruti Suzuki,Brezza,2019,Maruti Suzuki Third Party Only,595000.0,4893,Half-Yearly,2023-12-02,2024-12-01,2025-12-01,Active,25,False
POL00435,C0057,Comprehensive,Commercial,Tata,Ace Gold,2017,Tata Comprehensive,270000.0,11890.0,Monthly,2024-11-08,2025-11-08,2025-11-08,Cancelled,0,False
POL00436,C0426,Comprehensive,Commercial,Eicher,Pro 2049,2022,Eicher Comprehensive,1275000.0,46370.0,Annual,2025-03-16,2026-03-16,2026-03-16,Expired,0,False
POL00437,C0441,Own Damage,Car,Hyundai,Creta,2018,Hyundai Own Damage,780000.0,18880.0,Half-Yearly,2024-11-22,2025-11-22,2025-11-22,Active,0,False
POL00438,C0073,Comprehensive,Two Wheeler,Yamaha,FZ-S V3,2016,Yamaha Comprehensive,63300.0,2040.0,Half-Yearly,2023-06-20,2024-06-19,2025-06-19,Cancelled,0,False
POL00439,C0356,Comprehensive,Car,Maruti Suzuki,Swift,2017,Maruti Suzuki Comprehensive,390000.0,14900.0,Quarterly,2023-04-15,2024-04-14,2025-04-14,Active,25,True
POL00440,C0360,Comprehensive,Two Wheeler,Hero,Splendor Plus,2021,Hero Comprehensive,56000.0,2350.0,Annual,2025-07-01,2026-07-01,2026-07-01,Active,0,True
POL00441,C0332,Comprehensive,Car,Tata,Punch,2017,Tata Comprehensive,360000.0,10860.0,Half-Yearly,2024-12-07,2025-12-07,2025-12-07,Lapsed,0,False
POL00442,C0390,Third Party Only,Two Wheeler,Bajaj,Pulsar 150,2018,Bajaj Third Party Only,71500.0,1153,Annual,2025-05-04,2026-05-04,2026-05-04,Active,0,True
POL00443,C0085,Comprehensive,Commercial,Ashok Leyland,Dost,2016,Ashok Leyland Comprehensive,412500.0,12190.0,Monthly,2024-12-07,2025-12-07,2025-12-07,Expired,0,False
POL00444,C0113,Third Party Only,Two Wheeler,Suzuki,Access 125,2024,Suzuki Third Party Only,80800.0,1096,Annual,2025-05-10,2026-05-10,2026-05-10,Active,25,True
POL00445,C0023,Comprehensive,Two Wheeler,TVS,Apache RTR 160,2021,TVS Comprehensive,96000.0,3990.0,Half-Yearly,2025-06-17,2026-06-17,2026-06-17,Lapsed,0,False
POL00446,C0080,Comprehensive,Commercial,Mahindra,Bolero Pickup,2016,Mahindra Comprehensive,467500.0,19060.0,Annual,2024-07-08,2025-07-08,2026-07-08,Cancelled,0,False
POL00447,C0293,Comprehensive,Car,Tata,Nexon,2025,Tata Comprehensive,850000.0,27510.0,Annual,2025-03-29,2026-03-29,2026-03-29,Cancelled,0,False
POL00448,C0303,Comprehensive,Two Wheeler,TVS,Apache RTR 160,2021,TVS Comprehensive,96000.0,3900.0,Annual,2024-01-12,2025-01-11,2026-01-11,Active,0,True
POL00449,C0226,Comprehensive,Car,Toyota,Innova Crysta,2018,Toyota Comprehensive,1300000.0,58440.0,Annual,2025-06-11,2026-06-11,2026-06-11,Expired,0,False
POL00450,C0209,Third Party Only,Commercial,Eicher,Pro 2049,2024,Eicher Third Party Only,1425000.0,11646,Half-Yearly,2023-12-17,2024-12-16,2025-12-16,Active,35,True
POL00451,C0382,Comprehensive,Car,Hyundai,Creta,2025,Hyundai Comprehensive,1200000.0,35860.0,Annual,2023-07-05,2024-07-04,2025-07-04,Expired,0,False
POL00452,C0377,Third Party Only,Two Wheeler,Suzuki,Access 125,2017,Suzuki Third Party Only,51000.0,937,Half-Yearly,2024-07-06,2025-07-06,2026-07-06,Active,20,True
POL00453,C0283,Comprehensive,Two Wheeler,Suzuki,Access 125,2023,Suzuki Comprehensive,76500.0,2600.0,Annual,2024-01-24,2025-01-23,2026-01-23,Lapsed,0,False
POL00454,C0317,Third Party Only,Commercial,Mahindra,Bolero Pickup,2022,Mahindra Third Party Only,722500.0,5263,Half-Yearly,2023-06-07,2024-06-06,2025-06-06,Active,20,True
POL00455,C0314,Comprehensive,Car,Kia,Sonet,2018,Kia Comprehensive,552500.0,20800.0,Half-Yearly,2025-02-26,2026-02-26,2026-02-26,Lapsed,0,False
POL00456,C0026,Comprehensive,Two Wheeler,Honda,Activa 6G,2022,Honda Comprehensive,68000.0,2450.0,Monthly,2023-07-31,2024-07-30,2025-07-30,Active,50,True
POL00457,C0122,Own Damage,Car,Mahindra,XUV700,2018,Mahindra Own Damage,975000.0,21440.0,Quarterly,2024-07-28,2025-07-28,2026-07-28,Cancelled,0,False
POL00458,C0141,Comprehensive,Car,Honda,City,2024,Honda Comprehensive,1140000.0,35190.0,Annual,2023-05-08,2024-05-07,2025-05-07,Cancelled,0,False
POL00459,C0325,Own Damage,Car,Maruti Suzuki,Brezza,2017,Maruti Suzuki Own Damage,510000.0,10550.0,Half-Yearly,2024-08-31,2025-08-31,2026-08-31,Expired,0,False
POL00460,C0160,Comprehensive,Commercial,Eicher,Pro 2049,2022,Eicher Comprehensive,1275000.0,44040.0,Annual,2025-02-23,2026-02-23,2026-02-23,Active,35,False
POL00461,C0063,Third Party Only,Commercial,Tata,Ace Gold,2018,Tata Third Party Only,292500.0,9060,Half-Yearly,2024-05-22,2025-05-22,2026-05-22,Active,25,True
POL00462,C0109,Comprehensive,Car,Tata,Nexon,2017,Tata Comprehensive,510000.0,17780.0,Annual,2024-03-17,2025-03-17,2026-03-17,Cancelled,0,False
POL00463,C0405,Comprehensive,Car,Honda,City,2020,Honda Comprehensive,900000.0,28230.0,Annual,2025-04-05,2026-04-05,2026-04-05,Active,45,False
POL00464,C0435,Comprehensive,Car,Honda,City,2024,Honda Comprehensive,1140000.0,48550.0,Annual,2024-09-08,2025-09-08,2026-09-08,Active,0,True
POL00465,C0333,Comprehensive,Car,Hyundai,Creta,2018,Hyundai Comprehensive,780000.0,33820.0,Monthly,2023-07-20,2024-07-19,2025-07-19,Active,0,True
POL00466,C0213,Third Party Only,Two Wheeler,TVS,Apache RTR 160,2024,TVS Third Party Only,114000.0,654,Annual,2025-07-20,2026-07-20,2026-07-20,Expired,0,False
POL00467,C0453,Comprehensive,Car,Hyundai,Creta,2016,Hyundai Comprehensive,660000.0,27360.0,Annual,2024-11-14,2025-11-14,2025-11-14,Expired,0,False
POL00468,C0006,Comprehensive,Car,Mahindra,XUV700,2023,Mahindra Comprehensive,1350000.0,56190.0,Annual,2025-05-09,2026-05-09,2026-05-09,Cancelled,0,False
POL00469,C0420,Third Party Only,Commercial,Tata,Ace Gold,2023,Tata Third Party Only,405000.0,11081,Annual,2025-04-11,2026-04-11,2026-04-11,Expired,0,False
POL00470,C0152,Third Party Only,Car,Maruti Suzuki,Baleno,2021,Maruti Suzuki Third Party Only,600000.0,3922,Half-Yearly,2024-09-29,2025-09-29,2025-09-29,Active,20,True
POL00471,C0430,Third Party Only,Car,Kia,Sonet,2017,Kia Third Party Only,510000.0,4678,Quarterly,2025-07-21,2026-07-21,2026-07-21,Active,45,False
POL00472,C0473,Own Damage,Car,Kia,Sonet,2016,Kia Own Damage,467500.0,13750.0,Annual,2024-01-07,2025-01-06,2026-01-06,Active,0,True
POL00473,C0016,Third Party Only,Two Wheeler,Bajaj,Pulsar 150,2023,Bajaj Third Party Only,99000.0,990,Annual,2025-02-07,2026-02-07,2026-02-07,Lapsed,0,False
POL00474,C0393,Comprehensive,Two Wheeler,TVS,Apache RTR 160,2016,TVS Comprehensive,66000.0,2300.0,Half-Yearly,2023-09-02,2024-09-01,2025-09-01,Active,25,True
POL00475,C0482,Comprehensive,Car,Toyota,Innova Crysta,2025,Toyota Comprehensive,2000000.0,63950.0,Annual,2025-02-26,2026-02-26,2026-02-26,Lapsed,0,False
POL00476,C0499,Comprehensive,Car,Tata,Nexon,2023,Tata Comprehensive,765000.0,28760.0,Annual,2024-02-20,2025-02-19,2026-02-19,Active,0,True
POL00477,C0456,Own Damage,Commercial,Ashok Leyland,Dost,2022,Ashok Leyland Own Damage,637500.0,15860.0,Half-Yearly,2025-05-03,2026-05-03,2026-05-03,Active,20,True
POL00478,C0014,Third Party Only,Car,Honda,City,2018,Honda Third Party Only,780000.0,6062,Quarterly,2024-04-16,2025-04-16,2026-04-16,Lapsed,0,False
POL00479,C0100,Comprehensive,Car,Maruti Suzuki,Swift,2020,Maruti Suzuki Comprehensive,487500.0,14280.0,Quarterly,2024-07-07,2025-07-07,2026-07-07,Active,50,True
POL00480,C0028,Third Party Only,Car,Honda,City,2022,Honda Third Party Only,1020000.0,5583,Annual,2025-07-05,2026-07-05,2026-07-05,Active,45,True
POL00481,C0148,Comprehensive,Car,Maruti Suzuki,Swift,2020,Maruti Suzuki Comprehensive,487500.0,14350.0,Quarterly,2024-02-28,2025-02-27,2026-02-27,Active,45,True
POL00482,C0486,Comprehensive,Commercial,Ashok Leyland,Dost,2018,Ashok Leyland Comprehensive,487500.0,12380.0,Half-Yearly,2023-05-31,2024-05-30,2025-05-30,Active,50,False
POL00483,C0417,Comprehensive,Commercial,Tata,Ace Gold,2016,Tata Comprehensive,247500.0,7980.0,Annual,2025-03-22,2026-03-22,2026-03-22,Lapsed,0,False
POL00484,C0491,Comprehensive,Car,Mahindra,XUV700,2019,Mahindra Comprehensive,1050000.0,29640.0,Annual,2024-07-02,2025-07-02,2026-07-02,Active,45,True
POL00485,C0497,Comprehensive,Two Wheeler,Hero,Splendor Plus,2024,Hero Comprehensive,66500.0,2190.0,Annual,2025-03-22,2026-03-22,2026-03-22,Active,0,True
POL00486,C0196,Comprehensive,Car,Hyundai,Creta,2016,Hyundai Comprehensive,660000.0,18130.0,Half-Yearly,2023-10-28,2024-10-27,2025-10-27,Active,50,False
POL00487,C0091,Comprehensive,Two Wheeler,Honda,Activa 6G,2017,Honda Comprehensive,48000.0,1890.0,Half-Yearly,2024-06-30,2025-06-30,2026-06-30,Active,45,False
POL00488,C0275,Third Party Only,Car,Hyundai,i20,2017,Hyundai Third Party Only,450000.0,5304,Annual,2023-12-18,2024-12-17,2025-12-17,Lapsed,0,False
POL00489,C0165,Third Party Only,Car,Honda,City,2024,Honda Third Party Only,1140000.0,4575,Annual,2025-02-03,2026-02-03,2026-02-03,Active,45,True
POL00490,C0348,Comprehensive,Car,Honda,City,2017,Honda Comprehensive,720000.0,23850.0,Annual,2024-11-11,2025-11-11,2025-11-11,Cancelled,0,False
POL00491,C0401,Comprehensive,Car,Hyundai,Creta,2022,Hyundai Comprehensive,1020000.0,35640.0,Annual,2024-08-13,2025-08-13,2026-08-13,Active,45,True
POL00492,C0150,Third Party Only,Two Wheeler,Hero,Splendor Plus,2022,Hero Third Party Only,59500.0,939,Annual,2024-01-31,2025-01-30,2026-01-30,Active,20,True
POL00493,C0282,Comprehensive,Car,Maruti Suzuki,Baleno,2017,Maruti Suzuki Comprehensive,450000.0,13120.0,Monthly,2023-12-31,2024-12-30,2025-12-30,Active,0,True
POL00494,C0098,Third Party Only,Car,Kia,Sonet,2025,Kia Third Party Only,850000.0,2582,Half-Yearly,2024-12-14,2025-12-14,2025-12-14,Lapsed,0,False
POL00495,C0200,Comprehensive,Car,Hyundai,i20,2016,Hyundai Comprehensive,412500.0,14980.0,Annual,2025-08-24,2026-08-24,2026-08-24,Active,0,False
POL00496,C0363,Comprehensive,Car,Kia,Sonet,2023,Kia Comprehensive,765000.0,29100.0,Annual,2023-09-04,2024-09-03,2025-09-03,Active,35,False
POL00497,C0458,Comprehensive,Commercial,Tata,Ace Gold,2017,Tata Comprehensive,270000.0,7170.0,Annual,2025-08-16,2026-08-16,2026-08-16,Active,45,True
POL00498,C0423,Third Party Only,Two Wheeler,Honda,Activa 6G,2016,Honda Third Party Only,44000.0,989,Annual,2023-05-30,2024-05-29,2025-05-29,Active,0,False
POL00499,C0496,Comprehensive,Car,Honda,City,2016,Honda Comprehensive,660000.0,22250.0,Annual,2023-10-07,2024-10-06,2025-10-06,Active,20,True
POL00500,C0003,Comprehensive,Car,Toyota,Innova Crysta,2018,Toyota Comprehensive,1300000.0,46100.0,Annual,2023-12-10,2024-12-09,2025-12-09,Expired,0,False
POL00501,C0161,Comprehensive,Car,Maruti Suzuki,Brezza,2020,Maruti Suzuki Comprehensive,637500.0,18620.0,Annual,2023-07-27,2024-07-26,2025-07-26,Active,50,False
POL00502,C0292,Comprehensive,Two Wheeler,Hero,Glamour,2016,Hero Comprehensive,46800.0,1340.0,Annual,2025-08-24,2026-08-24,2026-08-24,Active,0,True
POL00503,C0217,Comprehensive,Two Wheeler,Hero,Glamour,2021,Hero Comprehensive,68000.0,2550.0,Annual,2025-06-22,2026-06-22,2026-06-22,Active,35,False
POL00504,C0052,Comprehensive,Car,Maruti Suzuki,Swift,2019,Maruti Suzuki Comprehensive,455000.0,18840.0,Quarterly,2024-01-09,2025-01-08,2026-01-08,Cancelled,0,False
POL00505,C0280,Comprehensive,Car,Honda,City,2020,Honda Comprehensive,900000.0,34050.0,Annual,2024-01-01,2024-12-31,2025-12-31,Active,45,True
POL00506,C0097,Third Party Only,Two Wheeler,Honda,Activa 6G,2018,Honda Third Party Only,52000.0,1083,Half-Yearly,2024-08-02,2025-08-02,2026-08-02,Active,50,False
POL00507,C0182,Third Party Only,Car,Mahindra,XUV700,2025,Mahindra Third Party Only,1500000.0,5978,Annual,2025-08-27,2026-08-27,2026-08-27,Active,0,True
POL00508,C0056,Comprehensive,Car,Hyundai,i20,2018,Hyundai Comprehensive,487500.0,20710.0,Annual,2025-07-07,2026-07-07,2026-07-07,Active,50,True
POL00509,C0242,Comprehensive,Car,Tata,Punch,2020,Tata Comprehensive,450000.0,12310.0,Annual,2024-08-08,2025-08-08,2026-08-08,Active,45,True
POL00510,C0112,Comprehensive,Car,Kia,Sonet,2021,Kia Comprehensive,680000.0,29010.0,Quarterly,2025-03-12,2026-03-12,2026-03-12,Expired,0,False
POL00511,C0335,Third Party Only,Car,Mahindra,XUV700,2018,Mahindra Third Party Only,975000.0,6691,Annual,2023-09-18,2024-09-17,2025-09-17,Active,45,True
POL00512,C0002,Comprehensive,Commercial,Ashok Leyland,Dost,2018,Ashok Leyland Comprehensive,487500.0,15750.0,Annual,2023-10-13,2024-10-12,2025-10-12,Active,25,True
POL00513,C0234,Comprehensive,Car,Hyundai,Creta,2022,Hyundai Comprehensive,1020000.0,44540.0,Monthly,2025-02-10,2026-02-10,2026-02-10,Active,35,True
POL00514,C0304,Own Damage,Car,Tata,Punch,2017,Tata Own Damage,360000.0,12150.0,Annual,2025-08-16,2026-08-16,2026-08-16,Active,0,True
POL00515,C0053,Own Damage,Car,Honda,City,2016,Honda Own Damage,660000.0,20170.0,Annual,2025-07-02,2026-07-02,2026-07-02,Expired,0,False
POL00516,C0466,Own Damage,Car,Mahindra,XUV700,2023,Mahindra Own Damage,1350000.0,39800.0,Annual,2024-05-02,2025-05-02,2026-05-02,Active,45,False
POL00517,C0299,Comprehensive,Car,Maruti Suzuki,Swift,2021,Maruti Suzuki Comprehensive,520000.0,22300.0,Annual,2023-08-07,2024-08-06,2025-08-06,Active,50,True
POL00518,C0023,Comprehensive,Car,Maruti Suzuki,Baleno,2016,Maruti Suzuki Comprehensive,412500.0,16170.0,Annual,2024-02-19,2025-02-18,2026-02-18,Active,50,True
POL00519,C0312,Third Party Only,Car,Maruti Suzuki,Swift,2021,Maruti Suzuki Third Party Only,520000.0,4692,Quarterly,2025-03-09,2026-03-09,2026-03-09,Cancelled,0,False
POL00520,C0033,Comprehensive,Car,Tata,Punch,2024,Tata Comprehensive,570000.0,21830.0,Annual,2023-10-16,2024-10-15,2025-10-15,Cancelled,0,False
POL00521,C0189,Comprehensive,Two Wheeler,Bajaj,Pulsar 150,2020,Bajaj Comprehensive,82500.0,2790.0,Annual,2025-02-07,2026-02-07,2026-02-07,Active,25,True
POL00522,C0319,Comprehensive,Car,Maruti Suzuki,Swift,2020,Maruti Suzuki Comprehensive,487500.0,15610.0,Annual,2024-01-26,2025-01-25,2026-01-25,Lapsed,0,False
POL00523,C0418,Comprehensive,Two Wheeler,Hero,Glamour,2017,Hero Comprehensive,51000.0,1370.0,Half-Yearly,2025-02-20,2026-02-20,2026-02-20,Active,45,False
POL00524,C0156,Comprehensive,Car,Maruti Suzuki,Swift,2019,Maruti Suzuki Comprehensive,455000.0,15560.0,Quarterly,2024-12-20,2025-12-20,2025-12-20,Active,45,True
POL00525,C0036,Comprehensive,Commercial,Mahindra,Bolero Pickup,2018,Mahindra Comprehensive,552500.0,18000.0,Annual,2024-11-17,2025-11-17,2025-11-17,Active,20,True
POL00526,C0296,Comprehensive,Car,Tata,Nexon,2019,Tata Comprehensive,595000.0,18380.0,Half-Yearly,2024-12-02,2025-12-02,2025-12-02,Active,20,True
POL00527,C0488,Comprehensive,Car,Toyota,Innova Crysta,2024,Toyota Comprehensive,1900000.0,71480.0,Quarterly,2025-07-23,2026-07-23,2026-07-23,Expired,0,False
POL00528,C0036,Comprehensive,Car,Hyundai,i20,2024,Hyundai Comprehensive,712500.0,31970.0,Annual,2023-11-07,2024-11-06,2025-11-06,Cancelled,0,False
POL00529,C0292,Third Party Only,Car,Hyundai,Creta,2021,Hyundai Third Party Only,960000.0,6226,Annual,2023-07-31,2024-07-30,2025-07-30,Active,0,True
POL00530,C0013,Comprehensive,Two Wheeler,TVS,Apache RTR 160,2023,TVS Comprehensive,108000.0,4690.0,Annual,2023-11-22,2024-11-21,2025-11-21,Active,0,True
POL00531,C0136,Third Party Only,Car,Maruti Suzuki,Brezza,2022,Maruti Suzuki Third Party Only,722500.0,2377,Annual,2025-05-14,2026-05-14,2026-05-14,Active,50,False
POL00532,C0437,Comprehensive,Two Wheeler,Hero,Glamour,2021,Hero Comprehensive,68000.0,2930.0,Annual,2024-08-28,2025-08-28,2026-08-28,Active,25,True
POL00533,C0186,Comprehensive,Car,Kia,Seltos,2025,Kia Comprehensive,1150000.0,42000.0,Annual,2024-07-17,2025-07-17,2026-07-17,Active,0,True
POL00534,C0071,Third Party Only,Car,Tata,Punch,2023,Tata Third Party Only,540000.0,4559,Annual,2025-01-02,2026-01-02,2026-01-02,Cancelled,0,False
POL00535,C0083,Comprehensive,Commercial,Tata,Ace Gold,2022,Tata Comprehensive,382500.0,11620.0,Annual,2023-12-31,2024-12-30,2025-12-30,Active,35,True
POL00536,C0034,Comprehensive,Car,Maruti Suzuki,Brezza,2024,Maruti Suzuki Comprehensive,807500.0,35890.0,Half-Yearly,2025-04-18,2026-04-18,2026-04-18,Cancelled,0,False
POL00537,C0496,Comprehensive,Car,Maruti Suzuki,Swift,2017,Maruti Suzuki Comprehensive,390000.0,15720.0,Quarterly,2024-05-17,2025-05-17,2026-05-17,Active,25,True
POL00538,C0498,Comprehensive,Two Wheeler,Bajaj,Pulsar 150,2020,Bajaj Comprehensive,82500.0,2370.0,Quarterly,2024-06-08,2025-06-08,2026-06-08,Active,0,True
POL00539,C0047,Comprehensive,Car,Tata,Punch,2016,Tata Comprehensive,330000.0,10530.0,Annual,2023-09-26,2024-09-25,2025-09-25,Active,0,False
POL00540,C0478,Third Party Only,Car,Kia,Seltos,2019,Kia Third Party Only,805000.0,2884,Annual,2024-10-08,2025-10-08,2025-10-08,Active,0,True
POL00541,C0160,Comprehensive,Car,Tata,Nexon,2022,Tata Comprehensive,722500.0,25780.0,Annual,2023-10-14,2024-10-13,2025-10-13,Active,35,True
POL00542,C0065,Comprehensive,Commercial,Mahindra,Bolero Pickup,2019,Mahindra Comprehensive,595000.0,18920.0,Quarterly,2023-12-13,2024-12-12,2025-12-12,Lapsed,0,False
POL00543,C0375,Comprehensive,Car,Maruti Suzuki,Baleno,2019,Maruti Suzuki Comprehensive,525000.0,15100.0,Annual,2024-06-10,2025-06-10,2026-06-10,Active,25,True
POL00544,C0457,Comprehensive,Car,Tata,Nexon,2020,Tata Comprehensive,637500.0,26410.0,Annual,2024-06-24,2025-06-24,2026-06-24,Active,25,True
POL00545,C0142,Comprehensive,Car,Kia,Seltos,2017,Kia Comprehensive,690000.0,27360.0,Half-Yearly,2024-07-11,2025-07-11,2026-07-11,Lapsed,0,False
POL00546,C0112,Comprehensive,Two Wheeler,Suzuki,Access 125,2018,Suzuki Comprehensive,55200.0,1800.0,Annual,2024-04-19,2025-04-19,2026-04-19,Active,45,True
POL00547,C0055,Comprehensive,Car,Tata,Nexon,2022,Tata Comprehensive,722500.0,27230.0,Half-Yearly,2023-05-31,2024-05-30,2025-05-30,Expired,0,False
POL00548,C0476,Third Party Only,Car,Kia,Seltos,2021,Kia Third Party Only,920000.0,5088,Annual,2025-02-27,2026-02-27,2026-02-27,Expired,0,False
POL00549,C0002,Comprehensive,Car,Honda,City,2017,Honda Comprehensive,720000.0,22850.0,Monthly,2024-01-03,2025-01-02,2026-01-02,Active,35,False
POL00550,C0235,Comprehensive,Car,Kia,Seltos,2022,Kia Comprehensive,977500.0,29950.0,Annual,2024-04-15,2025-04-15,2026-04-15,Active,0,False
POL00551,C0344,Comprehensive,Car,Tata,Nexon,2022,Tata Comprehensive,722500.0,22340.0,Quarterly,2024-02-21,2025-02-20,2026-02-20,Active,20,True
POL00552,C0072,Comprehensive,Two Wheeler,Suzuki,Access 125,2020,Suzuki Comprehensive,63800.0,2360.0,Annual,2025-07-23,2026-07-23,2026-07-23,Lapsed,0,False
POL00553,C0017,Comprehensive,Car,Hyundai,i20,2017,Hyundai Comprehensive,450000.0,12380.0,Annual,2024-04-11,2025-04-11,2026-04-11,Lapsed,0,False
POL00554,C0087,Comprehensive,Two Wheeler,Hero,Glamour,2025,Hero Comprehensive,85000.0,3530.0,Quarterly,2023-08-10,2024-08-09,2025-08-09,Cancelled,0,False
POL00555,C0394,Comprehensive,Car,Maruti Suzuki,Swift,2017,Maruti Suzuki Comprehensive,390000.0,10050.0,Half-Yearly,2023-08-19,2024-08-18,2025-08-18,Active,0,True
POL00556,C0301,Own Damage,Commercial,Tata,Ace Gold,2021,Tata Own Damage,360000.0,11250.0,Annual,2025-08-07,2026-08-07,2026-08-07,Active,45,True
POL00557,C0207,Own Damage,Car,Maruti Suzuki,Baleno,2022,Maruti Suzuki Own Damage,637500.0,20340.0,Annual,2024-10-23,2025-10-23,2025-10-23,Active,35,False
POL00558,C0287,Comprehensive,Two Wheeler,Hero,Splendor Plus,2021,Hero Comprehensive,56000.0,1640.0,Monthly,2024-11-21,2025-11-21,2025-11-21,Active,50,True
POL00559,C0053,Comprehensive,Car,Maruti Suzuki,Swift,2025,Maruti Suzuki Comprehensive,650000.0,18610.0,Annual,2025-08-24,2026-08-24,2026-08-24,Lapsed,0,False
POL00560,C0246,Comprehensive,Two Wheeler,Yamaha,FZ-S V3,2018,Yamaha Comprehensive,74700.0,2560.0,Half-Yearly,2023-11-18,2024-11-17,2025-11-17,Active,0,True
POL00561,C0459,Comprehensive,Car,Hyundai,Creta,2017,Hyundai Comprehensive,720000.0,28490.0,Half-Yearly,2024-05-15,2025-05-15,2026-05-15,Active,45,True
POL00562,C0201,Comprehensive,Car,Kia,Seltos,2024,Kia Comprehensive,1092500.0,34750.0,Annual,2024-05-31,2025-05-31,2026-05-31,Active,50,False
POL00563,C0342,Comprehensive,Two Wheeler,Bajaj,Pulsar 150,2022,Bajaj Comprehensive,93500.0,2400.0,Quarterly,2025-06-10,2026-06-10,2026-06-10,Active,35,False
POL00564,C0400,Comprehensive,Two Wheeler,Suzuki,Access 125,2020,Suzuki Comprehensive,63800.0,2000.0,Half-Yearly,2025-07-30,2026-07-30,2026-07-30,Active,35,True
POL00565,C0380,Own Damage,Car,Honda,City,2022,Honda Own Damage,1020000.0,20760.0,Monthly,2024-02-07,2025-02-06,2026-02-06,Active,0,True
POL00566,C0180,Own Damage,Car,Honda,City,2025,Honda Own Damage,1200000.0,26220.0,Annual,2025-01-25,2026-01-25,2026-01-25,Expired,0,False
POL00567,C0239,Third Party Only,Car,Hyundai,i20,2018,Hyundai Third Party Only,487500.0,5385,Annual,2024-09-03,2025-09-03,2026-09-03,Active,25,False
POL00568,C0347,Third Party Only,Two Wheeler,Suzuki,Access 125,2017,Suzuki Third Party Only,51000.0,1185,Monthly,2023-07-11,2024-07-10,2025-07-10,Active,35,True
POL00569,C0018,Third Party Only,Car,Honda,City,2023,Honda Third Party Only,1080000.0,4445,Quarterly,2024-05-26,2025-05-26,2026-05-26,Active,50,True
POL00570,C0083,Third Party Only,Two Wheeler,Suzuki,Access 125,2023,Suzuki Third Party Only,76500.0,1181,Quarterly,2024-08-02,2025-08-02,2026-08-02,Lapsed,0,False
POL00571,C0075,Comprehensive,Car,Honda,City,2022,Honda Comprehensive,1020000.0,26090.0,Annual,2023-12-14,2024-12-13,2025-12-13,Lapsed,0,False
POL00572,C0269,Comprehensive,Commercial,Eicher,Pro 2049,2016,Eicher Comprehensive,825000.0,24750.0,Annual,2024-05-03,2025-05-03,2026-05-03,Active,20,True
POL00573,C0404,Comprehensive,Car,Toyota,Innova Crysta,2022,Toyota Comprehensive,1700000.0,71860.0,Quarterly,2025-03-17,2026-03-17,2026-03-17,Active,45,False
POL00574,C0308,Comprehensive,Two Wheeler,TVS,Apache RTR 160,2021,TVS Comprehensive,96000.0,2520.0,Annual,2024-01-16,2025-01-15,2026-01-15,Active,0,True
POL00575,C0055,Own Damage,Car,Hyundai,Creta,2018,Hyundai Own Damage,780000.0,21450.0,Annual,2023-12-20,2024-12-19,2025-12-19,Cancelled,0,False
POL00576,C0474,Comprehensive,Commercial,Mahindra,Bolero Pickup,2019,Mahindra Comprehensive,595000.0,26330.0,Annual,2025-07-27,2026-07-27,2026-07-27,Active,25,False
POL00577,C0163,Third Party Only,Commercial,Eicher,Pro 2049,2017,Eicher Third Party Only,900000.0,7260,Quarterly,2024-02-26,2025-02-25,2026-02-25,Active,50,True
POL00578,C0134,Comprehensive,Commercial,Tata,Ace Gold,2023,Tata Comprehensive,405000.0,16010.0,Annual,2024-07-18,2025-07-18,2026-07-18,Lapsed,0,False
POL00579,C0327,Comprehensive,Car,Maruti Suzuki,Swift,2021,Maruti Suzuki Comprehensive,520000.0,22640.0,Half-Yearly,2024-06-05,2025-06-05,2026-06-05,Active,0,True
POL00580,C0329,Third Party Only,Car,Maruti Suzuki,Brezza,2017,Maruti Suzuki Third Party Only,510000.0,5102,Annual,2024-09-16,2025-09-16,2026-09-16,Active,0,False
POL00581,C0344,Comprehensive,Two Wheeler,Honda,Activa 6G,2021,Honda Comprehensive,64000.0,1690.0,Quarterly,2024-04-13,2025-04-13,2026-04-13,Active,50,True
POL00582,C0193,Third Party Only,Two Wheeler,Hero,Glamour,2021,Hero Third Party Only,68000.0,1198,Annual,2024-11-21,2025-11-21,2025-11-21,Active,50,True
POL00583,C0179,Third Party Only,Car,Maruti Suzuki,Swift,2019,Maruti Suzuki Third Party Only,455000.0,6716,Annual,2024-11-04,2025-11-04,2025-11-04,Active,45,True
POL00584,C0180,Third Party Only,Car,Kia,Seltos,2023,Kia Third Party Only,1035000.0,3365,Half-Yearly,2023-09-18,2024-09-17,2025-09-17,Active,35,True
POL00585,C0095,Comprehensive,Car,Toyota,Innova Crysta,2019,Toyota Comprehensive,1400000.0,40930.0,Annual,2024-01-09,2025-01-08,2026-01-08,Active,20,False
POL00586,C0281,Comprehensive,Car,Kia,Sonet,2022,Kia Comprehensive,722500.0,31070.0,Monthly,2023-11-09,2024-11-08,2025-11-08,Active,50,True
POL00587,C0022,Comprehensive,Car,Honda,City,2023,Honda Comprehensive,1080000.0,45810.0,Annual,2024-04-21,2025-04-21,2026-04-21,Cancelled,0,False
POL00588,C0136,Comprehensive,Two Wheeler,Honda,Activa 6G,2021,Honda Comprehensive,64000.0,1860.0,Annual,2023-12-15,2024-12-14,2025-12-14,Active,50,True
POL00589,C0444,Comprehensive,Two Wheeler,Hero,Glamour,2023,Hero Comprehensive,76500.0,2890.0,Annual,2023-07-27,2024-07-26,2025-07-26,Lapsed,0,False
POL00590,C0028,Third Party Only,Car,Kia,Sonet,2019,Kia Third Party Only,595000.0,5078,Half-Yearly,2024-07-17,2025-07-17,2026-07-17,Lapsed,0,False
POL00591,C0402,Comprehensive,Commercial,Tata,Ace Gold,2020,Tata Comprehensive,337500.0,12050.0,Half-Yearly,2025-06-09,2026-06-09,2026-06-09,Expired,0,False
POL00592,C0424,Comprehensive,Two Wheeler,TVS,Apache RTR 160,2019,TVS Comprehensive,84000.0,3340.0,Half-Yearly,2023-11-02,2024-11-01,2025-11-01,Lapsed,0,False
POL00593,C0190,Comprehensive,Two Wheeler,Hero,Glamour,2018,Hero Comprehensive,55200.0,2050.0,Annual,2025-05-28,2026-05-28,2026-05-28,Active,45,False
POL00594,C0083,Comprehensive,Two Wheeler,Bajaj,Pulsar 150,2024,Bajaj Comprehensive,104500.0,3050.0,Annual,2023-07-12,2024-07-11,2025-07-11,Lapsed,0,False
POL00595,C0009,Comprehensive,Car,Kia,Sonet,2016,Kia Comprehensive,467500.0,17610.0,Annual,2025-05-02,2026-05-02,2026-05-02,Lapsed,0,False
POL00596,C0143,Comprehensive,Car,Maruti Suzuki,Baleno,2024,Maruti Suzuki Comprehensive,712500.0,26340.0,Annual,2025-08-20,2026-08-20,2026-08-20,Active,50,False
POL00597,C0090,Comprehensive,Car,Kia,Seltos,2019,Kia Comprehensive,805000.0,30350.0,Half-Yearly,2025-08-29,2026-08-29,2026-08-29,Active,25,True
POL00598,C0138,Comprehensive,Car,Hyundai,i20,2021,Hyundai Comprehensive,600000.0,21170.0,Monthly,2024-10-27,2025-10-27,2025-10-27,Active,35,True
POL00599,C0343,Comprehensive,Two Wheeler,Royal Enfield,Classic 350,2023,Royal Enfield Comprehensive,180000.0,7220.0,Annual,2025-08-23,2026-08-23,2026-08-23,Active,35,True
POL00600,C0223,Third Party Only,Two Wheeler,Honda,Activa 6G,2022,Honda Third Party Only,68000.0,578,Monthly,2024-06-02,2025-06-02,2026-06-02,Active,45,True
POL00601,C0345,Comprehensive,Two Wheeler,Honda,Activa 6G,2019,Honda Comprehensive,56000.0,1960.0,Annual,2024-03-04,2025-03-04,2026-03-04,Active,45,True
POL00602,C0435,Comprehensive,Car,Maruti Suzuki,Brezza,2018,Maruti Suzuki Comprehensive,552500.0,15930.0,Annual,2025-03-07,2026-03-07,2026-03-07,Lapsed,0,False
POL00603,C0284,Own Damage,Car,Hyundai,i20,2021,Hyundai Own Damage,600000.0,20830.0,Half-Yearly,2023-06-14,2024-06-13,2025-06-13,Active,45,True
POL00604,C0297,Comprehensive,Commercial,Eicher,Pro 2049,2020,Eicher Comprehensive,1125000.0,35020.0,Half-Yearly,2023-05-03,2024-05-02,2025-05-02,Active,25,True
POL00605,C0039,Third Party Only,Car,Honda,City,2016,Honda Third Party Only,660000.0,5410,Annual,2024-07-07,2025-07-07,2026-07-07,Active,50,True
POL00606,C0107,Third Party Only,Car,Tata,Nexon,2016,Tata Third Party Only,467500.0,3756,Annual,2023-08-27,2024-08-26,2025-08-26,Active,50,True
POL00607,C0075,Comprehensive,Car,Honda,City,2021,Honda Comprehensive,960000.0,38190.0,Half-Yearly,2023-12-06,2024-12-05,2025-12-05,Lapsed,0,False
POL00608,C0081,Comprehensive,Commercial,Tata,Ace Gold,2017,Tata Comprehensive,270000.0,8510.0,Annual,2023-08-22,2024-08-21,2025-08-21,Lapsed,0,False
POL00609,C0045,Third Party Only,Commercial,Tata,Ace Gold,2022,Tata Third Party Only,382500.0,10979,Annual,2023-12-17,2024-12-16,2025-12-16,Lapsed,0,False
POL00610,C0498,Comprehensive,Two Wheeler,Hero,Splendor Plus,2021,Hero Comprehensive,56000.0,1810.0,Monthly,2025-05-08,2026-05-08,2026-05-08,Active,45,True
POL00611,C0077,Third Party Only,Commercial,Eicher,Pro 2049,2018,Eicher Third Party Only,975000.0,7896,Annual,2024-02-01,2025-01-31,2026-01-31,Active,0,True
POL00612,C0153,Comprehensive,Car,Toyota,Innova Crysta,2020,Toyota Comprehensive,1500000.0,62020.0,Half-Yearly,2025-04-08,2026-04-08,2026-04-08,Active,0,False
POL00613,C0187,Own Damage,Car,Mahindra,XUV700,2021,Mahindra Own Damage,1200000.0,30500.0,Half-Yearly,2023-07-26,2024-07-25,2025-07-25,Cancelled,0,False
POL00614,C0129,Comprehensive,Two Wheeler,Hero,Glamour,2019,Hero Comprehensive,59500.0,1880.0,Half-Yearly,2023-09-09,2024-09-08,2025-09-08,Active,35,False
POL00615,C0325,Comprehensive,Two Wheeler,Honda,Activa 6G,2022,Honda Comprehensive,68000.0,2800.0,Half-Yearly,2023-05-01,2024-04-30,2025-04-30,Active,35,True
POL00616,C0061,Third Party Only,Car,Maruti Suzuki,Swift,2024,Maruti Suzuki Third Party Only,617500.0,4779,Half-Yearly,2024-04-13,2025-04-13,2026-04-13,Active,20,True
POL00617,C0227,Own Damage,Car,Maruti Suzuki,Brezza,2017,Maruti Suzuki Own Damage,510000.0,16170.0,Annual,2023-06-04,2024-06-03,2025-06-03,Active,50,True
POL00618,C0336,Third Party Only,Commercial,Mahindra,Bolero Pickup,2017,Mahindra Third Party Only,510000.0,10060,Quarterly,2024-05-10,2025-05-10,2026-05-10,Active,45,True
POL00619,C0053,Comprehensive,Car,Hyundai,i20,2025,Hyundai Comprehensive,750000.0,26670.0,Half-Yearly,2023-05-13,2024-05-12,2025-05-12,Expired,0,False
POL00620,C0162,Comprehensive,Commercial,Eicher,Pro 2049,2025,Eicher Comprehensive,1500000.0,56210.0,Annual,2025-08-21,2026-08-21,2026-08-21,Active,25,True
POL00621,C0362,Comprehensive,Commercial,Ashok Leyland,Dost,2024,Ashok Leyland Comprehensive,712500.0,27290.0,Half-Yearly,2024-01-19,2025-01-18,2026-01-18,Cancelled,0,False
POL00622,C0360,Third Party Only,Commercial,Mahindra,Bolero Pickup,2019,Mahindra Third Party Only,595000.0,6377,Annual,2025-05-18,2026-05-18,2026-05-18,Active,35,False
POL00623,C0382,Comprehensive,Two Wheeler,Bajaj,Pulsar 150,2024,Bajaj Comprehensive,104500.0,2760.0,Quarterly,2025-01-06,2026-01-06,2026-01-06,Active,0,True
POL00624,C0461,Own Damage,Car,Tata,Nexon,2019,Tata Own Damage,595000.0,13840.0,Annual,2025-04-11,2026-04-11,2026-04-11,Lapsed,0,False
POL00625,C0088,Comprehensive,Commercial,Tata,Ace Gold,2022,Tata Comprehensive,382500.0,16200.0,Quarterly,2025-01-28,2026-01-28,2026-01-28,Active,25,True
POL00626,C0326,Third Party Only,Two Wheeler,Yamaha,FZ-S V3,2025,Yamaha Third Party Only,115000.0,577,Monthly,2024-03-29,2025-03-29,2026-03-29,Cancelled,0,False
POL00627,C0271,Third Party Only,Car,Maruti Suzuki,Baleno,2018,Maruti Suzuki Third Party Only,487500.0,3085,Monthly,2023-08-02,2024-08-01,2025-08-01,Active,45,False
POL00628,C0329,Third Party Only,Car,Hyundai,Creta,2017,Hyundai Third Party Only,720000.0,5047,Annual,2024-03-27,2025-03-27,2026-03-27,Active,25,True
POL00629,C0434,Own Damage,Car,Honda,City,2022,Honda Own Damage,1020000.0,21930.0,Annual,2024-10-16,2025-10-16,2025-10-16,Lapsed,0,False
POL00630,C0356,Comprehensive,Car,Toyota,Innova Crysta,2020,Toyota Comprehensive,1500000.0,58540.0,Half-Yearly,2023-05-23,2024-05-22,2025-05-22,Active,25,True
POL00631,C0079,Comprehensive,Commercial,Ashok Leyland,Dost,2016,Ashok Leyland Comprehensive,412500.0,12370.0,Annual,2025-04-20,2026-04-20,2026-04-20,Lapsed,0,False
POL00632,C0362,Comprehensive,Two Wheeler,Hero,Glamour,2016,Hero Comprehensive,46800.0,1920.0,Quarterly,2023-10-23,2024-10-22,2025-10-22,Active,35,True
POL00633,C0034,Own Damage,Two Wheeler,Bajaj,Pulsar 150,2018,Bajaj Own Damage,71500.0,2470.0,Half-Yearly,2023-05-23,2024-05-22,2025-05-22,Cancelled,0,False
POL00634,C0114,Comprehensive,Car,Maruti Suzuki,Baleno,2018,Maruti Suzuki Comprehensive,487500.0,14180.0,Annual,2024-08-12,2025-08-12,2026-08-12,Cancelled,0,False
POL00635,C0215,Third Party Only,Two Wheeler,Suzuki,Access 125,2016,Suzuki Third Party Only,46800.0,821,Annual,2024-05-05,2025-05-05,2026-05-05,Active,50,True
POL00636,C0296,Third Party Only,Car,Kia,Sonet,2022,Kia Third Party Only,722500.0,6402,Annual,2025-05-19,2026-05-19,2026-05-19,Active,0,True
POL00637,C0057,Comprehensive,Commercial,Tata,Ace Gold,2023,Tata Comprehensive,405000.0,13490.0,Quarterly,2024-06-05,2025-06-05,2026-06-05,Active,35,False
POL00638,C0425,Third Party Only,Two Wheeler,Hero,Glamour,2023,Hero Third Party Only,76500.0,745,Annual,2023-10-27,2024-10-26,2025-10-26,Active,35,True
POL00639,C0003,Comprehensive,Two Wheeler,Hero,Glamour,2025,Hero Comprehensive,85000.0,2500.0,Annual,2025-04-05,2026-04-05,2026-04-05,Active,0,False
POL00640,C0065,Comprehensive,Car,Tata,Nexon,2025,Tata Comprehensive,850000.0,25100.0,Annual,2023-10-24,2024-10-23,2025-10-23,Active,45,False
POL00641,C0326,Comprehensive,Car,Kia,Sonet,2024,Kia Comprehensive,807500.0,34460.0,Half-Yearly,2025-04-17,2026-04-17,2026-04-17,Active,20,True
POL00642,C0338,Comprehensive,Car,Maruti Suzuki,Swift,2022,Maruti Suzuki Comprehensive,552500.0,22590.0,Monthly,2025-08-15,2026-08-15,2026-08-15,Active,0,False
POL00643,C0344,Comprehensive,Two Wheeler,Yamaha,FZ-S V3,2021,Yamaha Comprehensive,92000.0,3180.0,Quarterly,2025-02-18,2026-02-18,2026-02-18,Active,50,False
POL00644,C0081,Comprehensive,Car,Hyundai,Creta,2023,Hyundai Comprehensive,1080000.0,38790.0,Annual,2024-11-16,2025-11-16,2025-11-16,Cancelled,0,False
POL00645,C0083,Own Damage,Car,Tata,Punch,2021,Tata Own Damage,480000.0,10940.0,Annual,2024-04-17,2025-04-17,2026-04-17,Cancelled,0,False
POL00646,C0020,Third Party Only,Car,Maruti Suzuki,Baleno,2021,Maruti Suzuki Third Party Only,600000.0,4253,Annual,2024-08-20,2025-08-20,2026-08-20,Lapsed,0,False
POL00647,C0241,Comprehensive,Two Wheeler,Bajaj,Pulsar 150,2017,Bajaj Comprehensive,66000.0,2250.0,Annual,2024-02-13,2025-02-12,2026-02-12,Active,0,False
POL00648,C0280,Own Damage,Car,Honda,City,2024,Honda Own Damage,1140000.0,24220.0,Quarterly,2024-03-31,2025-03-31,2026-03-31,Active,50,False
POL00649,C0238,Third Party Only,Commercial,Mahindra,Bolero Pickup,2018,Mahindra Third Party Only,552500.0,6634,Half-Yearly,2025-02-07,2026-02-07,2026-02-07,Active,20,True
POL00650,C0212,Comprehensive,Car,Maruti Suzuki,Brezza,2024,Maruti Suzuki Comprehensive,807500.0,33110.0,Annual,2025-01-06,2026-01-06,2026-01-06,Active,35,True
POL00651,C0456,Comprehensive,Two Wheeler,Bajaj,Pulsar 150,2025,Bajaj Comprehensive,110000.0,4800.0,Half-Yearly,2024-02-23,2025-02-22,2026-02-22,Expired,0,False
POL00652,C0096,Comprehensive,Car,Hyundai,Creta,2020,Hyundai Comprehensive,900000.0,39940.0,Annual,2024-07-26,2025-07-26,2026-07-26,Expired,0,False
POL00653,C0020,Comprehensive,Commercial,Eicher,Pro 2049,2023,Eicher Comprehensive,1350000.0,53230.0,Annual,2025-06-14,2026-06-14,2026-06-14,Active,35,True
POL00654,C0279,Third Party Only,Two Wheeler,Honda,Activa 6G,2016,Honda Third Party Only,44000.0,625,Annual,2023-05-10,2024-05-09,2025-05-09,Active,50,False
POL00655,C0152,Comprehensive,Commercial,Eicher,Pro 2049,2018,Eicher Comprehensive,975000.0,32000.0,Annual,2023-04-28,2024-04-27,2025-04-27,Active,0,False
POL00656,C0298,Third Party Only,Two Wheeler,Yamaha,FZ-S V3,2017,Yamaha Third Party Only,69000.0,1081,Monthly,2025-03-27,2026-03-27,2026-03-27,Active,0,True
POL00657,C0387,Comprehensive,Car,Maruti Suzuki,Swift,2017,Maruti Suzuki Comprehensive,390000.0,13840.0,Half-Yearly,2023-12-26,2024-12-25,2025-12-25,Active,45,True
POL00658,C0429,Comprehensive,Car,Kia,Sonet,2025,Kia Comprehensive,850000.0,22450.0,Monthly,2023-08-23,2024-08-22,2025-08-22,Active,20,False
POL00659,C0088,Comprehensive,Two Wheeler,Royal Enfield,Classic 350,2017,Royal Enfield Comprehensive,120000.0,4020.0,Annual,2023-09-03,2024-09-02,2025-09-02,Cancelled,0,False
POL00660,C0384,Comprehensive,Car,Tata,Nexon,2019,Tata Comprehensive,595000.0,15930.0,Half-Yearly,2023-12-25,2024-12-24,2025-12-24,Lapsed,0,False
POL00661,C0185,Comprehensive,Two Wheeler,Hero,Glamour,2022,Hero Comprehensive,72200.0,2730.0,Quarterly,2024-11-16,2025-11-16,2025-11-16,Lapsed,0,False
POL00662,C0352,Comprehensive,Car,Tata,Nexon,2024,Tata Comprehensive,807500.0,30960.0,Annual,2024-08-29,2025-08-29,2026-08-29,Active,0,False
POL00663,C0180,Comprehensive,Car,Maruti Suzuki,Brezza,2023,Maruti Suzuki Comprehensive,765000.0,25760.0,Annual,2023-06-22,2024-06-21,2025-06-21,Lapsed,0,False
POL00664,C0058,Comprehensive,Car,Maruti Suzuki,Brezza,2025,Maruti Suzuki Comprehensive,850000.0,30070.0,Monthly,2024-08-03,2025-08-03,2026-08-03,Active,0,True
POL00665,C0270,Comprehensive,Car,Maruti Suzuki,Baleno,2025,Maruti Suzuki Comprehensive,750000.0,33250.0,Annual,2024-01-13,2025-01-12,2026-01-12,Active,35,True
POL00666,C0198,Comprehensive,Car,Mahindra,XUV700,2016,Mahindra Comprehensive,825000.0,33630.0,Quarterly,2024-01-20,2025-01-19,2026-01-19,Lapsed,0,False
POL00667,C0144,Third Party Only,Two Wheeler,Yamaha,FZ-S V3,2022,Yamaha Third Party Only,97800.0,508,Annual,2025-02-25,2026-02-25,2026-02-25,Active,20,True
POL00668,C0428,Third Party Only,Commercial,Tata,Ace Gold,2023,Tata Third Party Only,405000.0,7153,Annual,2023-09-30,2024-09-29,2025-09-29,Active,0,True
POL00669,C0334,Third Party Only,Car,Tata,Punch,2023,Tata Third Party Only,540000.0,7300,Annual,2023-06-09,2024-06-08,2025-06-08,Active,35,False
POL00670,C0040,Third Party Only,Car,Tata,Punch,2022,Tata Third Party Only,510000.0,3509,Quarterly,2025-05-30,2026-05-30,2026-05-30,Active,35,True
POL00671,C0127,Third Party Only,Car,Hyundai,Creta,2021,Hyundai Third Party Only,960000.0,2929,Quarterly,2025-05-29,2026-05-29,2026-05-29,Active,20,True
POL00672,C0388,Comprehensive,Car,Honda,City,2019,Honda Comprehensive,840000.0,32880.0,Annual,2023-05-27,2024-05-26,2025-05-26,Active,20,False
POL00673,C0062,Comprehensive,Commercial,Ashok Leyland,Dost,2016,Ashok Leyland Comprehensive,412500.0,15110.0,Quarterly,2023-09-12,2024-09-11,2025-09-11,Lapsed,0,False
POL00674,C0060,Comprehensive,Two Wheeler,Bajaj,Pulsar 150,2022,Bajaj Comprehensive,93500.0,2480.0,Annual,2023-09-01,2024-08-31,2025-08-31,Lapsed,0,False
POL00675,C0445,Comprehensive,Commercial,Eicher,Pro 2049,2020,Eicher Comprehensive,1125000.0,35780.0,Annual,2025-04-15,2026-04-15,2026-04-15,Cancelled,0,False
POL00676,C0465,Comprehensive,Two Wheeler,Royal Enfield,Classic 350,2025,Royal Enfield Comprehensive,200000.0,5330.0,Monthly,2024-06-02,2025-06-02,2026-06-02,Lapsed,0,False
POL00677,C0177,Comprehensive,Two Wheeler,Bajaj,Pulsar 150,2020,Bajaj Comprehensive,82500.0,2430.0,Half-Yearly,2025-01-17,2026-01-17,2026-01-17,Active,0,True
POL00678,C0431,Comprehensive,Car,Hyundai,i20,2016,Hyundai Comprehensive,412500.0,18270.0,Quarterly,2024-04-22,2025-04-22,2026-04-22,Lapsed,0,False
POL00679,C0389,Comprehensive,Car,Kia,Sonet,2025,Kia Comprehensive,850000.0,24410.0,Annual,2024-07-16,2025-07-16,2026-07-16,Active,25,False
POL00680,C0065,Comprehensive,Car,Tata,Punch,2020,Tata Comprehensive,450000.0,14530.0,Monthly,2025-01-01,2026-01-01,2026-01-01,Active,20,True
POL00681,C0294,Third Party Only,Car,Tata,Punch,2019,Tata Third Party Only,420000.0,6842,Annual,2023-06-18,2024-06-17,2025-06-17,Expired,0,False
POL00682,C0262,Comprehensive,Car,Kia,Sonet,2021,Kia Comprehensive,680000.0,28240.0,Annual,2024-09-07,2025-09-07,2026-09-07,Active,45,False
POL00683,C0475,Comprehensive,Car,Hyundai,Creta,2023,Hyundai Comprehensive,1080000.0,45070.0,Annual,2024-06-07,2025-06-07,2026-06-07,Active,25,True
POL00684,C0230,Comprehensive,Commercial,Tata,Ace Gold,2024,Tata Comprehensive,427500.0,16250.0,Quarterly,2024-04-28,2025-04-28,2026-04-28,Lapsed,0,False
POL00685,C0225,Own Damage,Two Wheeler,Suzuki,Access 125,2017,Suzuki Own Damage,51000.0,1230.0,Annual,2023-08-15,2024-08-14,2025-08-14,Active,35,True
POL00686,C0108,Comprehensive,Car,Hyundai,i20,2022,Hyundai Comprehensive,637500.0,21700.0,Annual,2023-10-09,2024-10-08,2025-10-08,Active,0,True
POL00687,C0264,Third Party Only,Commercial,Eicher,Pro 2049,2018,Eicher Third Party Only,975000.0,8152,Quarterly,2023-12-14,2024-12-13,2025-12-13,Active,50,True
POL00688,C0117,Comprehensive,Two Wheeler,Honda,Activa 6G,2025,Honda Comprehensive,80000.0,2660.0,Annual,2025-02-11,2026-02-11,2026-02-11,Active,35,False
POL00689,C0498,Comprehensive,Commercial,Mahindra,Bolero Pickup,2016,Mahindra Comprehensive,467500.0,16320.0,Annual,2025-05-30,2026-05-30,2026-05-30,Active,25,True
POL00690,C0372,Comprehensive,Commercial,Eicher,Pro 2049,2022,Eicher Comprehensive,1275000.0,43970.0,Quarterly,2025-02-23,2026-02-23,2026-02-23,Active,20,True
POL00691,C0257,Comprehensive,Car,Tata,Nexon,2023,Tata Comprehensive,765000.0,23110.0,Annual,2024-09-04,2025-09-04,2026-09-04,Expired,0,False
POL00692,C0024,Third Party Only,Car,Tata,Punch,2023,Tata Third Party Only,540000.0,6391,Annual,2023-12-18,2024-12-17,2025-12-17,Active,35,True
POL00693,C0490,Own Damage,Car,Hyundai,i20,2016,Hyundai Own Damage,412500.0,11520.0,Annual,2024-08-01,2025-08-01,2026-08-01,Active,50,False
POL00694,C0491,Comprehensive,Car,Maruti Suzuki,Baleno,2018,Maruti Suzuki Comprehensive,487500.0,18240.0,Annual,2025-01-18,2026-01-18,2026-01-18,Expired,0,False
POL00695,C0139,Comprehensive,Two Wheeler,Bajaj,Pulsar 150,2025,Bajaj Comprehensive,110000.0,3140.0,Annual,2023-04-16,2024-04-15,2025-04-15,Lapsed,0,False
POL00696,C0007,Comprehensive,Two Wheeler,Bajaj,Pulsar 150,2023,Bajaj Comprehensive,99000.0,2550.0,Annual,2023-06-09,2024-06-08,2025-06-08,Expired,0,False
POL00697,C0407,Comprehensive,Car,Tata,Nexon,2020,Tata Comprehensive,637500.0,24650.0,Annual,2025-03-11,2026-03-11,2026-03-11,Cancelled,0,False
POL00698,C0480,Own Damage,Car,Maruti Suzuki,Brezza,2018,Maruti Suzuki Own Damage,552500.0,18670.0,Monthly,2023-10-25,2024-10-24,2025-10-24,Active,25,False
POL00699,C0090,Comprehensive,Commercial,Tata,Ace Gold,2021,Tata Comprehensive,360000.0,10020.0,Monthly,2024-04-14,2025-04-14,2026-04-14,Active,25,True
POL00700,C0347,Comprehensive,Two Wheeler,Hero,Glamour,2025,Hero Comprehensive,85000.0,3010.0,Half-Yearly,2024-10-05,2025-10-05,2025-10-05,Cancelled,0,False
POL00701,C0056,Comprehensive,Car,Mahindra,XUV700,2024,Mahindra Comprehensive,1425000.0,57200.0,Half-Yearly,2024-11-13,2025-11-13,2025-11-13,Active,25,False
POL00702,C0493,Comprehensive,Two Wheeler,Yamaha,FZ-S V3,2022,Yamaha Comprehensive,97800.0,2610.0,Annual,2025-05-15,2026-05-15,2026-05-15,Active,25,True
POL00703,C0377,Comprehensive,Car,Tata,Nexon,2016,Tata Comprehensive,467500.0,12080.0,Monthly,2024-10-19,2025-10-19,2025-10-19,Cancelled,0,False
POL00704,C0016,Comprehensive,Car,Maruti Suzuki,Brezza,2024,Maruti Suzuki Comprehensive,807500.0,25250.0,Annual,2025-08-01,2026-08-01,2026-08-01,Active,20,True
POL00705,C0095,Third Party Only,Car,Kia,Sonet,2016,Kia Third Party Only,467500.0,7704,Quarterly,2023-08-04,2024-08-03,2025-08-03,Lapsed,0,False
POL00706,C0049,Third Party Only,Car,Kia,Sonet,2021,Kia Third Party Only,680000.0,2466,Quarterly,2025-05-20,2026-05-20,2026-05-20,Lapsed,0,False
POL00707,C0184,Comprehensive,Two Wheeler,TVS,Apache RTR 160,2021,TVS Comprehensive,96000.0,2790.0,Annual,2023-11-13,2024-11-12,2025-11-12,Active,0,False
POL00708,C0344,Comprehensive,Two Wheeler,Honda,Activa 6G,2020,Honda Comprehensive,60000.0,1790.0,Quarterly,2023-05-01,2024-04-30,2025-04-30,Active,0,False
POL00709,C0340,Comprehensive,Car,Tata,Punch,2022,Tata Comprehensive,510000.0,14200.0,Annual,2023-10-15,2024-10-14,2025-10-14,Active,25,True
POL00710,C0373,Comprehensive,Car,Toyota,Innova Crysta,2020,Toyota Comprehensive,1500000.0,63860.0,Half-Yearly,2024-11-23,2025-11-23,2025-11-23,Active,0,True
POL00711,C0258,Third Party Only,Car,Tata,Nexon,2019,Tata Third Party Only,595000.0,6099,Annual,2025-08-19,2026-08-19,2026-08-19,Active,25,True
POL00712,C0463,Comprehensive,Car,Hyundai,i20,2019,Hyundai Comprehensive,525000.0,14330.0,Annual,2023-06-11,2024-06-10,2025-06-10,Active,0,True
POL00713,C0481,Comprehensive,Two Wheeler,Royal Enfield,Classic 350,2022,Royal Enfield Comprehensive,170000.0,5220.0,Quarterly,2024-12-05,2025-12-05,2025-12-05,Active,0,True
POL00714,C0385,Comprehensive,Commercial,Mahindra,Bolero Pickup,2017,Mahindra Comprehensive,510000.0,17830.0,Annual,2025-07-24,2026-07-24,2026-07-24,Active,0,True
POL00715,C0245,Comprehensive,Two Wheeler,Yamaha,FZ-S V3,2018,Yamaha Comprehensive,74700.0,2900.0,Annual,2024-06-09,2025-06-09,2026-06-09,Active,25,False
POL00716,C0130,Third Party Only,Car,Maruti Suzuki,Swift,2024,Maruti Suzuki Third Party Only,617500.0,3648,Half-Yearly,2023-08-18,2024-08-17,2025-08-17,Active,35,True
POL00717,C0471,Comprehensive,Two Wheeler,Royal Enfield,Classic 350,2018,Royal Enfield Comprehensive,130000.0,3770.0,Half-Yearly,2024-07-25,2025-07-25,2026-07-25,Active,20,True
POL00718,C0277,Third Party Only,Two Wheeler,TVS,Apache RTR 160,2021,TVS Third Party Only,96000.0,931,Annual,2024-06-04,2025-06-04,2026-06-04,Active,0,True
POL00719,C0061,Comprehensive,Two Wheeler,Bajaj,Pulsar 150,2018,Bajaj Comprehensive,71500.0,2240.0,Annual,2025-06-24,2026-06-24,2026-06-24,Lapsed,0,False
POL00720,C0210,Third Party Only,Car,Maruti Suzuki,Brezza,2018,Maruti Suzuki Third Party Only,552500.0,4735,Annual,2025-04-05,2026-04-05,2026-04-05,Cancelled,0,False
POL00721,C0421,Comprehensive,Car,Maruti Suzuki,Swift,2022,Maruti Suzuki Comprehensive,552500.0,14460.0,Annual,2024-01-27,2025-01-26,2026-01-26,Active,0,False
POL00722,C0474,Comprehensive,Two Wheeler,Honda,Activa 6G,2016,Honda Comprehensive,44000.0,1900.0,Monthly,2023-11-08,2024-11-07,2025-11-07,Active,45,True
POL00723,C0220,Third Party Only,Car,Mahindra,XUV700,2019,Mahindra Third Party Only,1050000.0,7118,Annual,2023-11-17,2024-11-16,2025-11-16,Active,0,True
POL00724,C0001,Comprehensive,Commercial,Mahindra,Bolero Pickup,2018,Mahindra Comprehensive,552500.0,21890.0,Monthly,2024-07-28,2025-07-28,2026-07-28,Expired,0,False
POL00725,C0431,Comprehensive,Commercial,Ashok Leyland,Dost,2016,Ashok Leyland Comprehensive,412500.0,12790.0,Annual,2024-07-05,2025-07-05,2026-07-05,Active,35,False
POL00726,C0284,Comprehensive,Commercial,Mahindra,Bolero Pickup,2021,Mahindra Comprehensive,680000.0,22520.0,Quarterly,2024-05-15,2025-05-15,2026-05-15,Active,25,False
POL00727,C0427,Third Party Only,Car,Tata,Punch,2021,Tata Third Party Only,480000.0,3190,Half-Yearly,2025-01-31,2026-01-31,2026-01-31,Active,45,True
POL00728,C0449,Comprehensive,Two Wheeler,Suzuki,Access 125,2023,Suzuki Comprehensive,76500.0,3080.0,Annual,2023-11-09,2024-11-08,2025-11-08,Active,25,True
POL00729,C0158,Own Damage,Two Wheeler,Hero,Glamour,2020,Hero Own Damage,63800.0,2190.0,Quarterly,2024-07-03,2025-07-03,2026-07-03,Active,0,True
POL00730,C0086,Comprehensive,Commercial,Eicher,Pro 2049,2024,Eicher Comprehensive,1425000.0,62510.0,Annual,2025-01-30,2026-01-30,2026-01-30,Active,45,True
POL00731,C0438,Comprehensive,Commercial,Mahindra,Bolero Pickup,2022,Mahindra Comprehensive,722500.0,29630.0,Annual,2024-10-09,2025-10-09,2025-10-09,Active,50,False
POL00732,C0366,Comprehensive,Car,Kia,Seltos,2021,Kia Comprehensive,920000.0,37050.0,Annual,2023-11-25,2024-11-24,2025-11-24,Lapsed,0,False
POL00733,C0019,Comprehensive,Car,Maruti Suzuki,Baleno,2017,Maruti Suzuki Comprehensive,450000.0,19530.0,Quarterly,2024-09-24,2025-09-24,2026-09-24,Cancelled,0,False
POL00734,C0366,Third Party Only,Car,Tata,Punch,2019,Tata Third Party Only,420000.0,3844,Annual,2025-06-23,2026-06-23,2026-06-23,Active,20,True
POL00735,C0104,Third Party Only,Car,Kia,Seltos,2021,Kia Third Party Only,920000.0,4473,Annual,2023-05-31,2024-05-30,2025-05-30,Active,0,True
POL00736,C0047,Comprehensive,Two Wheeler,Yamaha,FZ-S V3,2018,Yamaha Comprehensive,74700.0,2810.0,Half-Yearly,2024-11-15,2025-11-15,2025-11-15,Cancelled,0,False
POL00737,C0126,Own Damage,Commercial,Tata,Ace Gold,2018,Tata Own Damage,292500.0,6280.0,Annual,2024-08-04,2025-08-04,2026-08-04,Active,25,True
POL00738,C0238,Comprehensive,Two Wheeler,Suzuki,Access 125,2023,Suzuki Comprehensive,76500.0,2190.0,Quarterly,2024-04-13,2025-04-13,2026-04-13,Expired,0,False
POL00739,C0310,Third Party Only,Car,Tata,Punch,2017,Tata Third Party Only,360000.0,2664,Annual,2023-11-29,2024-11-28,2025-11-28,Active,25,False
POL00740,C0453,Comprehensive,Two Wheeler,TVS,Apache RTR 160,2021,TVS Comprehensive,96000.0,3920.0,Half-Yearly,2024-08-31,2025-08-31,2026-08-31,Active,50,True
POL00741,C0381,Own Damage,Car,Maruti Suzuki,Brezza,2022,Maruti Suzuki Own Damage,722500.0,18410.0,Annual,2024-03-22,2025-03-22,2026-03-22,Active,35,False
POL00742,C0141,Comprehensive,Two Wheeler,Suzuki,Access 125,2018,Suzuki Comprehensive,55200.0,1640.0,Annual,2024-05-27,2025-05-27,2026-05-27,Expired,0,False
POL00743,C0261,Third Party Only,Car,Tata,Nexon,2023,Tata Third Party Only,765000.0,4827,Annual,2025-04-18,2026-04-18,2026-04-18,Lapsed,0,False
POL00744,C0064,Comprehensive,Commercial,Tata,Ace Gold,2025,Tata Comprehensive,450000.0,14680.0,Quarterly,2024-08-05,2025-08-05,2026-08-05,Active,45,True
POL00745,C0350,Third Party Only,Car,Tata,Punch,2021,Tata Third Party Only,480000.0,5577,Annual,2024-09-13,2025-09-13,2026-09-13,Active,20,False
POL00746,C0076,Comprehensive,Car,Kia,Seltos,2020,Kia Comprehensive,862500.0,37320.0,Quarterly,2025-06-04,2026-06-04,2026-06-04,Cancelled,0,False
POL00747,C0362,Third Party Only,Commercial,Tata,Ace Gold,2016,Tata Third Party Only,247500.0,4753,Annual,2025-03-01,2026-03-01,2026-03-01,Active,0,True
POL00748,C0256,Comprehensive,Two Wheeler,Honda,Activa 6G,2017,Honda Comprehensive,48000.0,1210.0,Quarterly,2023-12-06,2024-12-05,2025-12-05,Active,35,True
POL00749,C0231,Third Party Only,Commercial,Eicher,Pro 2049,2021,Eicher Third Party Only,1200000.0,4733,Half-Yearly,2025-07-03,2026-07-03,2026-07-03,Active,0,False
POL00750,C0110,Third Party Only,Commercial,Mahindra,Bolero Pickup,2017,Mahindra Third Party Only,510000.0,4500,Annual,2023-06-11,2024-06-10,2025-06-10,Active,0,True
POL00751,C0255,Comprehensive,Two Wheeler,Suzuki,Access 125,2024,Suzuki Comprehensive,80800.0,3340.0,Half-Yearly,2024-04-09,2025-04-09,2026-04-09,Active,0,True
POL00752,C0379,Comprehensive,Car,Maruti Suzuki,Brezza,2016,Maruti Suzuki Comprehensive,467500.0,16430.0,Annual,2025-02-08,2026-02-08,2026-02-08,Active,35,True
POL00753,C0392,Comprehensive,Two Wheeler,Honda,Activa 6G,2017,Honda Comprehensive,48000.0,2010.0,Half-Yearly,2025-01-08,2026-01-08,2026-01-08,Active,45,False
POL00754,C0037,Comprehensive,Two Wheeler,Yamaha,FZ-S V3,2024,Yamaha Comprehensive,109200.0,3210.0,Annual,2024-09-10,2025-09-10,2026-09-10,Cancelled,0,False
POL00755,C0073,Comprehensive,Car,Toyota,Innova Crysta,2020,Toyota Comprehensive,1500000.0,42340.0,Annual,2024-04-11,2025-04-11,2026-04-11,Active,45,True
POL00756,C0383,Third Party Only,Car,Honda,City,2017,Honda Third Party Only,720000.0,5753,Annual,2023-07-29,2024-07-28,2025-07-28,Active,20,True
POL00757,C0470,Third Party Only,Commercial,Ashok Leyland,Dost,2025,Ashok Leyland Third Party Only,750000.0,4079,Annual,2023-08-16,2024-08-15,2025-08-15,Lapsed,0,False
POL00758,C0010,Comprehensive,Car,Mahindra,XUV700,2023,Mahindra Comprehensive,1350000.0,41860.0,Annual,2024-02-17,2025-02-16,2026-02-16,Expired,0,False
POL00759,C0447,Third Party Only,Two Wheeler,Bajaj,Pulsar 150,2016,Bajaj Third Party Only,60500.0,901,Annual,2024-05-14,2025-05-14,2026-05-14,Active,50,False
POL00760,C0040,Comprehensive,Commercial,Eicher,Pro 2049,2023,Eicher Comprehensive,1350000.0,37590.0,Half-Yearly,2024-06-26,2025-06-26,2026-06-26,Expired,0,False
POL00761,C0173,Own Damage,Commercial,Ashok Leyland,Dost,2022,Ashok Leyland Own Damage,637500.0,18800.0,Annual,2025-08-15,2026-08-15,2026-08-15,Active,50,True
POL00762,C0175,Comprehensive,Two Wheeler,Bajaj,Pulsar 150,2019,Bajaj Comprehensive,77000.0,2530.0,Annual,2024-09-18,2025-09-18,2026-09-18,Active,25,True
POL00763,C0094,Comprehensive,Car,Kia,Sonet,2020,Kia Comprehensive,637500.0,22140.0,Half-Yearly,2024-06-12,2025-06-12,2026-06-12,Lapsed,0,False
POL00764,C0066,Comprehensive,Commercial,Eicher,Pro 2049,2016,Eicher Comprehensive,825000.0,22370.0,Monthly,2023-09-07,2024-09-06,2025-09-06,Lapsed,0,False
POL00765,C0068,Own Damage,Two Wheeler,TVS,Apache RTR 160,2024,TVS Own Damage,114000.0,3650.0,Annual,2025-08-16,2026-08-16,2026-08-16,Expired,0,False
POL00766,C0492,Third Party Only,Car,Tata,Punch,2020,Tata Third Party Only,450000.0,5614,Half-Yearly,2023-12-25,2024-12-24,2025-12-24,Active,20,True
POL00767,C0477,Comprehensive,Car,Mahindra,XUV700,2018,Mahindra Comprehensive,975000.0,43300.0,Annual,2024-05-29,2025-05-29,2026-05-29,Active,0,True
POL00768,C0272,Comprehensive,Car,Hyundai,Creta,2021,Hyundai Comprehensive,960000.0,41320.0,Annual,2024-11-15,2025-11-15,2025-11-15,Active,35,False
POL00769,C0055,Third Party Only,Car,Hyundai,i20,2021,Hyundai Third Party Only,600000.0,6788,Monthly,2025-01-07,2026-01-07,2026-01-07,Cancelled,0,False
POL00770,C0168,Comprehensive,Car,Hyundai,Creta,2023,Hyundai Comprehensive,1080000.0,46240.0,Annual,2025-05-24,2026-05-24,2026-05-24,Active,0,True
POL00771,C0376,Comprehensive,Two Wheeler,Hero,Glamour,2023,Hero Comprehensive,76500.0,3280.0,Monthly,2024-11-30,2025-11-30,2025-11-30,Active,25,False
POL00772,C0074,Comprehensive,Car,Tata,Nexon,2018,Tata Comprehensive,552500.0,22410.0,Annual,2025-01-13,2026-01-13,2026-01-13,Lapsed,0,False
POL00773,C0475,Comprehensive,Car,Maruti Suzuki,Brezza,2023,Maruti Suzuki Comprehensive,765000.0,31120.0,Monthly,2024-04-20,2025-04-20,2026-04-20,Expired,0,False
POL00774,C0228,Third Party Only,Car,Kia,Sonet,2019,Kia Third Party Only,595000.0,7390,Annual,2023-12-27,2024-12-26,2025-12-26,Active,20,False
POL00775,C0131,Third Party Only,Car,Hyundai,Creta,2024,Hyundai Third Party Only,1140000.0,4413,Annual,2024-08-09,2025-08-09,2026-08-09,Active,50,False
POL00776,C0095,Comprehensive,Two Wheeler,TVS,Apache RTR 160,2018,TVS Comprehensive,78000.0,1990.0,Half-Yearly,2024-06-24,2025-06-24,2026-06-24,Active,25,False
POL00777,C0244,Comprehensive,Commercial,Eicher,Pro 2049,2022,Eicher Comprehensive,1275000.0,47020.0,Half-Yearly,2025-05-11,2026-05-11,2026-05-11,Expired,0,False
POL00778,C0316,Comprehensive,Car,Hyundai,Creta,2025,Hyundai Comprehensive,1200000.0,33910.0,Annual,2025-08-12,2026-08-12,2026-08-12,Active,50,True
POL00779,C0318,Third Party Only,Car,Hyundai,i20,2021,Hyundai Third Party Only,600000.0,5172,Annual,2023-11-25,2024-11-24,2025-11-24,Active,20,True
POL00780,C0152,Comprehensive,Car,Maruti Suzuki,Swift,2020,Maruti Suzuki Comprehensive,487500.0,19560.0,Annual,2024-03-24,2025-03-24,2026-03-24,Active,45,False
POL00781,C0172,Comprehensive,Car,Maruti Suzuki,Baleno,2018,Maruti Suzuki Comprehensive,487500.0,17280.0,Monthly,2025-01-01,2026-01-01,2026-01-01,Active,20,False
POL00782,C0061,Third Party Only,Car,Honda,City,2021,Honda Third Party Only,960000.0,6134,Annual,2025-06-27,2026-06-27,2026-06-27,Lapsed,0,False
POL00783,C0404,Comprehensive,Car,Honda,City,2018,Honda Comprehensive,780000.0,20900.0,Annual,2025-03-20,2026-03-20,2026-03-20,Active,50,True
POL00784,C0068,Comprehensive,Two Wheeler,Hero,Splendor Plus,2016,Hero Comprehensive,38500.0,1500.0,Annual,2025-07-17,2026-07-17,2026-07-17,Active,0,False
POL00785,C0082,Comprehensive,Commercial,Mahindra,Bolero Pickup,2024,Mahindra Comprehensive,807500.0,26450.0,Half-Yearly,2024-07-20,2025-07-20,2026-07-20,Active,50,True
POL00786,C0487,Comprehensive,Two Wheeler,Yamaha,FZ-S V3,2024,Yamaha Comprehensive,109200.0,3170.0,Annual,2025-01-06,2026-01-06,2026-01-06,Active,0,True
POL00787,C0277,Third Party Only,Two Wheeler,Suzuki,Access 125,2024,Suzuki Third Party Only,80800.0,650,Annual,2025-03-27,2026-03-27,2026-03-27,Active,45,False
POL00788,C0364,Comprehensive,Two Wheeler,Suzuki,Access 125,2024,Suzuki Comprehensive,80800.0,3370.0,Half-Yearly,2024-12-10,2025-12-10,2025-12-10,Active,20,False
POL00789,C0044,Comprehensive,Car,Toyota,Innova Crysta,2020,Toyota Comprehensive,1500000.0,50870.0,Monthly,2023-10-12,2024-10-11,2025-10-11,Lapsed,0,False
POL00790,C0286,Comprehensive,Car,Hyundai,i20,2017,Hyundai Comprehensive,450000.0,18490.0,Half-Yearly,2025-01-31,2026-01-31,2026-01-31,Active,35,False
POL00791,C0276,Third Party Only,Two Wheeler,TVS,Apache RTR 160,2025,TVS Third Party Only,120000.0,851,Annual,2023-11-05,2024-11-04,2025-11-04,Active,35,False
POL00792,C0494,Comprehensive,Car,Hyundai,Creta,2024,Hyundai Comprehensive,1140000.0,28780.0,Quarterly,2024-09-22,2025-09-22,2026-09-22,Active,45,True
POL00793,C0382,Third Party Only,Car,Honda,City,2025,Honda Third Party Only,1200000.0,6127,Annual,2023-12-27,2024-12-26,2025-12-26,Active,45,False
POL00794,C0057,Third Party Only,Two Wheeler,Honda,Activa 6G,2016,Honda Third Party Only,44000.0,1116,Annual,2025-08-18,2026-08-18,2026-08-18,Expired,0,False
POL00795,C0437,Comprehensive,Commercial,Ashok Leyland,Dost,2023,Ashok Leyland Comprehensive,675000.0,24540.0,Annual,2025-07-06,2026-07-06,2026-07-06,Active,45,True
POL00796,C0379,Comprehensive,Car,Tata,Punch,2017,Tata Comprehensive,360000.0,13710.0,Annual,2025-07-25,2026-07-25,2026-07-25,Cancelled,0,False
POL00797,C0290,Own Damage,Car,Tata,Nexon,2023,Tata Own Damage,765000.0,25480.0,Quarterly,2025-02-01,2026-02-01,2026-02-01,Active,45,False
POL00798,C0309,Comprehensive,Car,Maruti Suzuki,Swift,2023,Maruti Suzuki Comprehensive,585000.0,15940.0,Half-Yearly,2024-05-20,2025-05-20,2026-05-20,Lapsed,0,False
POL00799,C0297,Comprehensive,Car,Kia,Sonet,2020,Kia Comprehensive,637500.0,24900.0,Annual,2023-08-12,2024-08-11,2025-08-11,Active,0,True
POL00800,C0012,Comprehensive,Car,Maruti Suzuki,Swift,2016,Maruti Suzuki Comprehensive,357500.0,14880.0,Annual,2025-08-16,2026-08-16,2026-08-16,Lapsed,0,False
